aberrantemente	ˌabexˌɐ̃ŋtemˈeɪŋtʃɪ	ˌabexɐ̃ŋtʃɪmˈeɪŋtʃɪ
abertamente	ˌabeɾtɐmˈeɪŋtʃɪ	ˌabɛɾtɐmˈeɪŋtʃɪ
abnegadamente	ˌabneɡˌadɐmˈeɪŋtʃɪ	ˌabneɡadɐmˈeɪŋtʃɪ
abrasadoramente	ˌabɾazˌadoɾɐmˈeɪŋtʃɪ	ˌabɾazˌadoɾɐmˈeɪŋtʃɪ
abreviadamente	ˌabɾevˌiadɐmˈeɪŋtʃɪ	ˌabɾevˌiadɐmˈeɪŋtʃɪ
abruptamente	ˌabɾuptɐmˈeɪŋtʃɪ	ˌabɾuptɐmˈeɪŋtʃɪ
absolutamente	ˌabsolˌutɐmˈeɪŋtʃɪ	ˌabsolutɐmˈeɪŋtʃɪ
abstratamente	ˌabstɾatɐmˈeɪŋtʃɪ	ˌabstɾatɐmˈeɪŋtʃɪ
absurdamente	ˌabsuɾdɐmˈeɪŋtʃɪ	ˌabsuɾdɐmˈeɪŋtʃɪ
abundantemente	ˌabũŋdˌɐ̃ŋtemˈeɪŋtʃɪ	ˌabũŋdɐ̃ŋtʃɪmˈeɪŋtʃɪ
abusivamente	ˌabuzˌivɐmˈeɪŋtʃɪ	ˌabuzivɐmˈeɪŋtʃɪ
acabrunhadamente	ˌakabɾˌũɲadɐmˈeɪŋtʃɪ	ˌakabɾˌũɲadɐmˈeɪŋtʃɪ
academicamente	ˌakadˌemikɐmˈeɪŋtʃɪ	ˌakadˌemikɐmˈeɪŋtʃɪ
acaloradamente	ˌakalˌoɾadɐmˈeɪŋtʃɪ	ˌakalˌoɾadɐmˈeɪŋtʃɪ
aceitadamente	ˌaseɪtˌadɐmˈeɪŋtʃɪ	ˌaseɪtadɐmˈeɪŋtʃɪ
aceleradamente	ˌaselˌeɾadɐmˈeɪŋtʃɪ	ˌaselˌeɾadɐmˈeɪŋtʃɪ
acentuadamente	ˌaseɪŋtˌuadɐmˈeɪŋtʃɪ	ˌaseɪŋtˌuadɐmˈeɪŋtʃɪ
acerrimamente	ˌasexˌimɐmˈeɪŋtʃɪ	ˌaseximɐmˈeɪŋtʃɪ
acertadamente	ˌaseɾtˌadɐmˈeɪŋtʃɪ	ˌaseɾtadɐmˈeɪŋtʃɪ
acessoriamente	ˌasesˌoɾiɐmˈeɪŋtʃɪ	ˌasesˌoɾiɐmˈeɪŋtʃɪ
acidentalmente	ˌasidˌeɪŋtaʊmˈeɪŋtʃɪ	ˌasidˌeɪŋtaʊmˈeɪŋtʃɪ
acondimente	ˌakoŋdʒimˈeɪŋtʃɪ	ˌakoŋdʒimˈeɪŋtʃɪ
acrobaticamente	ˌakɾobˌatʃikɐmˈeɪŋtʃɪ	ˌakɾobˌatʃikɐmˈeɪŋtʃɪ
acusticamente	ˌakustʃˌikɐmˈeɪŋtʃɪ	ˌakustʃikɐmˈeɪŋtʃɪ
adequadamente	ˌadekwˌadɐmˈeɪŋtʃɪ	ˌadekwadɐmˈeɪŋtʃɪ
adicionalmente	ˌadʒisˌɪonaʊmˈeɪŋtʃɪ	ˌadʒisˌɪonaʊmˈeɪŋtʃɪ
administrativamente	ˌadminˌistɾatʃˌivɐmˈeɪŋtʃɪ	ˌadminˌistɾatʃivɐmˈeɪŋtʃɪ
admiradamente	ˌadmiɾˌadɐmˈeɪŋtʃɪ	ˌadmiɾadɐmˈeɪŋtʃɪ
admiravelmente	ˌadmiɾˌavɛʊmˈeɪŋtʃɪ	ˌadmiɾˌavɛʊmˈeɪŋtʃɪ
adolescentemente	ˌadolˌeseɪŋtemˈeɪŋtʃɪ	ˌadolˌeseɪŋtʃɪmˈeɪŋtʃɪ
adoravelmente	ˌadoɾˌavɛʊmˈeɪŋtʃɪ	ˌadoɾˌavɛʊmˈeɪŋtʃɪ
adormente	ˌadoɾmˈeɪŋtʃɪ	ˌadoɾmˈeɪŋtʃɪ
adversamente	ˌadveɾsɐmˈeɪŋtʃɪ	ˌadvɛɾsɐmˈeɪŋtʃɪ
afanosamente	ˌafɐnˌozɐmˈeɪŋtʃɪ	ˌafɐnɔzɐmˈeɪŋtʃɪ
afavelmente	ˌafavɛʊmˈeɪŋtʃɪ	ˌafavɛʊmˈeɪŋtʃɪ
afetadamente	ˌafetˌadɐmˈeɪŋtʃɪ	ˌafetadɐmˈeɪŋtʃɪ
afetivamente	ˌafetʃˌivɐmˈeɪŋtʃɪ	ˌafetʃivɐmˈeɪŋtʃɪ
afetuosamente	ˌafetwˌozɐmˈeɪŋtʃɪ	ˌafetwɔzɐmˈeɪŋtʃɪ
afincadamente	ˌafiŋkˌadɐmˈeɪŋtʃɪ	ˌafiŋkadɐmˈeɪŋtʃɪ
afirmativamente	ˌafiɾmˌatʃivɐmˈeɪŋtʃɪ	ˌafiɾmˌatʃivɐmˈeɪŋtʃɪ
aflitivamente	ˌaflitʃˌivɐmˈeɪŋtʃɪ	ˌaflitʃivɐmˈeɪŋtʃɪ
afortunadamente	ˌafoɾtˌunadɐmˈeɪŋtʃɪ	ˌafoɾtˌunadɐmˈeɪŋtʃɪ
agilmente	ˌaʒiʊmˈeɪŋtʃɪ	ˌaʒiʊmˈeɪŋtʃɪ
agradavelmente	ˌaɡɾadˌavɛʊmˈeɪŋtʃɪ	ˌaɡɾadˌavɛʊmˈeɪŋtʃɪ
agradecidamente	ˌaɡɾadˌesidɐmˈeɪŋtʃɪ	ˌaɡɾadˌesidɐmˈeɪŋtʃɪ
agressivamente	ˌaɡɾesˌivɐmˈeɪŋtʃɪ	ˌaɡɾesivɐmˈeɪŋtʃɪ
agudamente	ˌaɡudɐmˈeɪŋtʃɪ	ˌaɡudɐmˈeɪŋtʃɪ
airosamente	ˌaɪɾozɐmˈeɪŋtʃɪ	ˌaɪɾɔzɐmˈeɪŋtʃɪ
ajuramente	ˌaʒuɾɐmˈeɪŋtʃɪ	ˌaʒuɾɐmˈeɪŋtʃɪ
aleatoriamente	ˌaleˌatoɾˌiɐmˈeɪŋtʃɪ	ˌaleˌatoɾiɐmˈeɪŋtʃɪ
alegadamente	ˌaleɡˌadɐmˈeɪŋtʃɪ	ˌaleɡadɐmˈeɪŋtʃɪ
alegoricamente	ˌaleɡˌoɾikɐmˈeɪŋtʃɪ	ˌaleɡˌoɾikɐmˈeɪŋtʃɪ
alegremente	ˌaleɡɾemˈeɪŋtʃɪ	ˌalɛɡɾɪmˈeɪŋtʃɪ
alentadamente	ˌaleɪŋtˌadɐmˈeɪŋtʃɪ	ˌaleɪŋtadɐmˈeɪŋtʃɪ
alfabeticamente	ˌaʊfabˌetʃikɐmˈeɪŋtʃɪ	ˌaʊfabˌetʃikɐmˈeɪŋtʃɪ
algebricamente	ˌaʊʒebɾˌikɐmˈeɪŋtʃɪ	ˌaʊʒebɾikɐmˈeɪŋtʃɪ
alimente	ˌalimˈeɪŋtʃɪ	ˌalimˈeɪŋtʃɪ
altamente	ˌaʊtɐmˈeɪŋtʃɪ	aʊtɐmˈeɪŋtʃɪ
alternadamente	ˌaʊteɾnˌadɐmˈeɪŋtʃɪ	ˌaʊteɾnadɐmˈeɪŋtʃɪ
alternativamente	ˌaʊteɾnˌatʃivɐmˈeɪŋtʃɪ	ˌaʊteɾnˌatʃivɐmˈeɪŋtʃɪ
altivamente	ˌaʊtʃivɐmˈeɪŋtʃɪ	ˌaʊtʃivɐmˈeɪŋtʃɪ
aluadamente	ˌaluˌadɐmˈeɪŋtʃɪ	ˌaluadɐmˈeɪŋtʃɪ
alucinadamente	ˌalusˌinadɐmˈeɪŋtʃɪ	ˌalusˌinadɐmˈeɪŋtʃɪ
alucinadoramente	ˌalusˌinadˌoɾɐmˈeɪŋtʃɪ	ˌalusˌinadoɾɐmˈeɪŋtʃɪ
amadamente	ˌɐmadɐmˈeɪŋtʃɪ	ˌɐmadɐmˈeɪŋtʃɪ
amamente	ˌɐmɐmˈeɪŋtʃɪ	ɐ̃mɐmˈeɪŋtʃɪ
amargamente	ˌɐmaɾɡɐmˈeɪŋtʃɪ	ˌɐmaɾɡɐmˈeɪŋtʃɪ
amarguradamente	ˌɐmaɾɡˌuɾadɐmˈeɪŋtʃɪ	ˌɐmaɾɡˌuɾadɐmˈeɪŋtʃɪ
amavelmente	ˌɐmavɛʊmˈeɪŋtʃɪ	ˌɐmavɛʊmˈeɪŋtʃɪ
ambientalmente	ˌɐ̃mbiˌeɪŋtaʊmˈeɪŋtʃɪ	ˌɐ̃mbiˌeɪŋtaʊmˈeɪŋtʃɪ
ambiguamente	ˌɐ̃mbiɡwɐmˈeɪŋtʃɪ	ˌɐ̃mbiɡwɐmˈeɪŋtʃɪ
ameaçadoramente	ˌɐmeˌasadˌoɾɐmˈeɪŋtʃɪ	ˌɐmeˌasadoɾɐmˈeɪŋtʃɪ
amenamente	ˌɐmenɐmˈeɪŋtʃɪ	ˌɐmenɐmˈeɪŋtʃɪ
amigavelmente	ˌɐmiɡˌavɛʊmˈeɪŋtʃɪ	ˌɐmiɡˌavɛʊmˈeɪŋtʃɪ
amoravelmente	ˌɐmoɾˌavɛʊmˈeɪŋtʃɪ	ˌɐmoɾˌavɛʊmˈeɪŋtʃɪ
amorosamente	ˌɐmoɾˌozɐmˈeɪŋtʃɪ	ˌɐmoɾɔzɐmˈeɪŋtʃɪ
amparadamente	ˌɐ̃mpaɾˌadɐmˈeɪŋtʃɪ	ˌɐ̃mpaɾadɐmˈeɪŋtʃɪ
amplamente	ˌɐ̃mplɐmˈeɪŋtʃɪ	ɐ̃mplɐmˈeɪŋtʃɪ
analiticamente	ˌɐnalˌitʃikɐmˈeɪŋtʃɪ	ˌɐnalˌitʃikɐmˈeɪŋtʃɪ
analogamente	ˌɐnalˌoɡɐmˈeɪŋtʃɪ	ˌɐnalɔɡɐmˈeɪŋtʃɪ
analogicamente	ˌɐnalˌoʒikɐmˈeɪŋtʃɪ	ˌɐnalˌoʒikɐmˈeɪŋtʃɪ
ancestralmente	ˌɐ̃ŋsestɾaʊmˈeɪŋtʃɪ	ˌɐ̃ŋsestɾaʊmˈeɪŋtʃɪ
angustiadamente	ˌɐ̃ŋɡustʃˌiadɐmˈeɪŋtʃɪ	ˌɐ̃ŋɡustʃˌiadɐmˈeɪŋtʃɪ
angustiantemente	ˌɐ̃ŋɡustʃˌiɐ̃ŋtemˈeɪŋtʃɪ	ˌɐ̃ŋɡustʃˌiɐ̃ŋtʃɪmˈeɪŋtʃɪ
angustiosamente	ˌɐ̃ŋɡustʃˌiozɐmˈeɪŋtʃɪ	ˌɐ̃ŋɡustʃˌiɔzɐmˈeɪŋtʃɪ
animadamente	ˌɐnimˌadɐmˈeɪŋtʃɪ	ˌɐnimadɐmˈeɪŋtʃɪ
anonimamente	ˌɐnonˌimɐmˈeɪŋtʃɪ	ˌɐnonimɐmˈeɪŋtʃɪ
anormalmente	ˌɐnoɾmaʊmˈeɪŋtʃɪ	ˌɐnoɾmaʊmˈeɪŋtʃɪ
ansiosamente	ˌɐ̃ŋsiˌozɐmˈeɪŋtʃɪ	ˌɐ̃ŋsiɔzɐmˈeɪŋtʃɪ
antecipadamente	ˌɐ̃ŋtesˌipadɐmˈeɪŋtʃɪ	ˌɐ̃ŋtesˌipadɐmˈeɪŋtʃɪ
anteriormente	ˌɐ̃ŋteɾˌioɾmˈeɪŋtʃɪ	ˌɐ̃ŋteɾˌioɾmˈeɪŋtʃɪ
antidemocraticamente	ˌɐ̃ŋtʃidˌemokɾˌatʃikɐmˈeɪŋtʃɪ	ˌɐ̃ŋtʃidˌemokɾˌatʃikɐmˈeɪŋtʃɪ
antidesportivamente	ˌɐ̃ŋtʃidˌespoɾtʃˌivɐmˈeɪŋtʃɪ	ˌɐ̃ŋtʃidˌespoɾtʃivɐmˈeɪŋtʃɪ
antigamente	ˌɐ̃ŋtʃiɡɐmˈeɪŋtʃɪ	ˌɐ̃ŋtʃiɡɐmˈeɪŋtʃɪ
anti-higienicamente	ɐ̃ŋtʃˈiˌiʒiˌenikɐmˈeɪŋtʃɪ	ɐ̃ŋtʃˈiˌiʒiˌenikɐmˈeɪŋtʃɪ
anti-imperialmente	ɐ̃ŋtʃˈiˌimpeɾˌiaʊmˈeɪŋtʃɪ	ɐ̃ŋtʃˈiˌimpeɾˌiaʊmˈeɪŋtʃɪ
antiliberalmente	ˌɐ̃ŋtʃilˌibeɾaʊmˈeɪŋtʃɪ	ˌɐ̃ŋtʃilˌibeɾaʊmˈeɪŋtʃɪ
antipessoalmente	ˌɐ̃ŋtʃipˌesoaʊmˈeɪŋtʃɪ	ˌɐ̃ŋtʃipˌesoaʊmˈeɪŋtʃɪ
antirregulamente	ˌɐ̃ŋtʃixˌeɡulɐmˈeɪŋtʃɪ	ˌɐ̃ŋtʃixˌeɡulɐmˈeɪŋtʃɪ
antirreligiosamente	ˌɐ̃ŋtʃixˌeliʒˌiozɐmˈeɪŋtʃɪ	ˌɐ̃ŋtʃixˌeliʒˌiɔzɐmˈeɪŋtʃɪ
antirrevolucionariamente	ˌɐ̃ŋtʃixˌevolˌusɪˌonaɾˌiɐmˈeɪŋtʃɪ	ˌɐ̃ŋtʃixˌevolˌusɪˌonaɾiɐmˈeɪŋtʃɪ
antissocialmente	ˌɐ̃ŋtʃisˌosiaʊmˈeɪŋtʃɪ	ˌɐ̃ŋtʃisˌosiaʊmˈeɪŋtʃɪ
anualmente	ˌɐnuaʊmˈeɪŋtʃɪ	ˌɐnuaʊmˈeɪŋtʃɪ
apaixonadamente	ˌapaɪʃˌonadɐmˈeɪŋtʃɪ	ˌapaɪʃˌonadɐmˈeɪŋtʃɪ
aparentemente	ˌapaɾˌeɪŋtemˈeɪŋtʃɪ	ˌapaɾeɪŋtʃɪmˈeɪŋtʃɪ
apaticamente	ˌapatʃˌikɐmˈeɪŋtʃɪ	ˌapatʃikɐmˈeɪŋtʃɪ
apertadamente	ˌapeɾtˌadɐmˈeɪŋtʃɪ	ˌapeɾtadɐmˈeɪŋtʃɪ
apimente	ˌapimˈeɪŋtʃɪ	ˌapimˈeɪŋtʃɪ
aplicadamente	ˌaplikˌadɐmˈeɪŋtʃɪ	ˌaplikadɐmˈeɪŋtʃɪ
apreciavelmente	ˌapɾesˌiavɛʊmˈeɪŋtʃɪ	ˌapɾesˌiavɛʊmˈeɪŋtʃɪ
apressadamente	ˌapɾesˌadɐmˈeɪŋtʃɪ	ˌapɾesadɐmˈeɪŋtʃɪ
aprofundadamente	ˌapɾofˌũŋdadɐmˈeɪŋtʃɪ	ˌapɾofˌũŋdadɐmˈeɪŋtʃɪ
apropriadamente	ˌapɾopɾˌiadɐmˈeɪŋtʃɪ	ˌapɾopɾˌiadɐmˈeɪŋtʃɪ
aproximadamente	ˌapɾosˌimadɐmˈeɪŋtʃɪ	ˌapɾosˌimadɐmˈeɪŋtʃɪ
arbitrariamente	ˌaɾbitɾˌaɾiɐmˈeɪŋtʃɪ	ˌaɾbitɾˌaɾiɐmˈeɪŋtʃɪ
ardentemente	ˌaɾdeɪŋtemˈeɪŋtʃɪ	ˌaɾdeɪŋtʃɪmˈeɪŋtʃɪ
ardilosamente	ˌaɾdʒilˌozɐmˈeɪŋtʃɪ	ˌaɾdʒilɔzɐmˈeɪŋtʃɪ
arduamente	ˌaɾduɐmˈeɪŋtʃɪ	ˌaɾduɐmˈeɪŋtʃɪ
argumentativamente	ˌaɾɡumˌeɪŋtatʃˌivɐmˈeɪŋtʃɪ	ˌaɾɡumˌeɪŋtatʃivɐmˈeɪŋtʃɪ
argumente	ˌaɾɡumˈeɪŋtʃɪ	ˌaɾɡumˈeɪŋtʃɪ
aridamente	ˌaɾidɐmˈeɪŋtʃɪ	ˌaɾidɐmˈeɪŋtʃɪ
arrebatadamente	ˌaxebˌatadɐmˈeɪŋtʃɪ	ˌaxebˌatadɐmˈeɪŋtʃɪ
arregimente	ˌaxeʒimˈeɪŋtʃɪ	ˌaxeʒimˈeɪŋtʃɪ
arrependidamente	ˌaxepˌeɪŋdʒidɐmˈeɪŋtʃɪ	ˌaxepˌeɪŋdʒidɐmˈeɪŋtʃɪ
arrevesadamente	ˌaxevˌezadɐmˈeɪŋtʃɪ	ˌaxevˌezadɐmˈeɪŋtʃɪ
arriscadamente	ˌaxiskˌadɐmˈeɪŋtʃɪ	ˌaxiskadɐmˈeɪŋtʃɪ
arrogantemente	ˌaxoɡˌɐ̃ŋtemˈeɪŋtʃɪ	ˌaxoɡɐ̃ŋtʃɪmˈeɪŋtʃɪ
arrojadamente	ˌaxoʒˌadɐmˈeɪŋtʃɪ	ˌaxoʒadɐmˈeɪŋtʃɪ
artesanalmente	ˌaɾtezˌɐnaʊmˈeɪŋtʃɪ	ˌaɾtezˌɐ̃naʊmˈeɪŋtʃɪ
articuladamente	ˌaɾtʃikˌuladɐmˈeɪŋtʃɪ	ˌaɾtʃikˌuladɐmˈeɪŋtʃɪ
articularmente	ˌaɾtʃikˌulaɾmˈeɪŋtʃɪ	ˌaɾtʃikˌulaɾmˈeɪŋtʃɪ
artificialmente	ˌaɾtʃifˌisiaʊmˈeɪŋtʃɪ	ˌaɾtʃifˌisiaʊmˈeɪŋtʃɪ
artisticamente	ˌaɾtʃistʃˌikɐmˈeɪŋtʃɪ	ˌaɾtʃistʃikɐmˈeɪŋtʃɪ
asperamente	ˌaspeɾɐmˈeɪŋtʃɪ	ˌaspɛɾɐmˈeɪŋtʃɪ
asseadamente	ˌaseˌadɐmˈeɪŋtʃɪ	ˌaseadɐmˈeɪŋtʃɪ
assertivamente	ˌaseɾtʃˌivɐmˈeɪŋtʃɪ	ˌaseɾtʃivɐmˈeɪŋtʃɪ
assiduamente	ˌasidˌuɐmˈeɪŋtʃɪ	ˌasiduɐmˈeɪŋtʃɪ
assincronamente	ˌasiŋkɾˌonɐmˈeɪŋtʃɪ	ˌasiŋkɾonɐmˈeɪŋtʃɪ
assintaticamente	ˌasiŋtˌatʃikɐmˈeɪŋtʃɪ	ˌasiŋtˌatʃikɐmˈeɪŋtʃɪ
assistematicamente	ˌasistˌematʃˌikɐmˈeɪŋtʃɪ	ˌasistˌematʃikɐmˈeɪŋtʃɪ
assumidamente	ˌasumˌidɐmˈeɪŋtʃɪ	ˌasumidɐmˈeɪŋtʃɪ
assustadoramente	ˌasustˌadoɾɐmˈeɪŋtʃɪ	ˌasustˌadoɾɐmˈeɪŋtʃɪ
astronomicamente	ˌastɾonˌomikɐmˈeɪŋtʃɪ	ˌastɾonˌomikɐmˈeɪŋtʃɪ
astuciosamente	ˌastusˌiozɐmˈeɪŋtʃɪ	ˌastusˌiɔzɐmˈeɪŋtʃɪ
astutamente	ˌastutɐmˈeɪŋtʃɪ	ˌastutɐmˈeɪŋtʃɪ
atabalhoadamente	ˌatabˌaʎoˌadɐmˈeɪŋtʃɪ	ˌatabˌaʎoadɐmˈeɪŋtʃɪ
atempadamente	ˌateɪmpˌadɐmˈeɪŋtʃɪ	ˌateɪmpadɐmˈeɪŋtʃɪ
atenciosamente	ˌateɪŋsˌiozɐmˈeɪŋtʃɪ	ˌateɪŋsˌiɔzɐmˈeɪŋtʃɪ
atentamente	ˌateɪŋtɐmˈeɪŋtʃɪ	ˌateɪŋtɐmˈeɪŋtʃɪ
ativamente	ˌatʃivɐmˈeɪŋtʃɪ	ˌatʃivɐmˈeɪŋtʃɪ
atormente	ˌatoɾmˈeɪŋtʃɪ	ˌatoɾmˈeɪŋtʃɪ
atrevidamente	ˌatɾevˌidɐmˈeɪŋtʃɪ	ˌatɾevidɐmˈeɪŋtʃɪ
atrofiarmente	ˌatɾofˌiaɾmˈeɪŋtʃɪ	ˌatɾofˌiaɾmˈeɪŋtʃɪ
atropeladamente	ˌatɾopˌeladɐmˈeɪŋtʃɪ	ˌatɾopˌeladɐmˈeɪŋtʃɪ
atualmente	ˌatuaʊmˈeɪŋtʃɪ	ˌatuaʊmˈeɪŋtʃɪ
audaciosamente	ˌaʊdasˌiozɐmˈeɪŋtʃɪ	ˌaʊdasˌiɔzɐmˈeɪŋtʃɪ
audazmente	ˌaʊdazmˈeɪŋtʃɪ	ˌaʊdasmˈeɪŋtʃɪ
aumente	ˌaʊmˈeɪŋtʃɪ	ˌaʊmˈeɪŋtʃɪ
autenticamente	ˌaʊteɪŋtʃˌikɐmˈeɪŋtʃɪ	ˌaʊteɪŋtʃikɐmˈeɪŋtʃɪ
autocraticamente	ˌaʊtokɾˌatʃikɐmˈeɪŋtʃɪ	ˌaʊtokɾˌatʃikɐmˈeɪŋtʃɪ
automaticamente	ˌaʊtomˌatʃikɐmˈeɪŋtʃɪ	ˌaʊtomˌatʃikɐmˈeɪŋtʃɪ
autonomamente	ˌaʊtonˌomɐmˈeɪŋtʃɪ	ˌaʊtonomɐmˈeɪŋtʃɪ
avaramente	ˌavaɾɐmˈeɪŋtʃɪ	ˌavaɾɐmˈeɪŋtʃɪ
aventureiramente	ˌaveɪŋtˌuɾeɪɾɐmˈeɪŋtʃɪ	ˌaveɪŋtˌuɾeɪɾɐmˈeɪŋtʃɪ
aventurosamente	ˌaveɪŋtˌuɾozɐmˈeɪŋtʃɪ	ˌaveɪŋtˌuɾɔzɐmˈeɪŋtʃɪ
avessamente	ˌavesɐmˈeɪŋtʃɪ	ˌavɛsɐmˈeɪŋtʃɪ
avidamente	ˌavidɐmˈeɪŋtʃɪ	ˌavidɐmˈeɪŋtʃɪ
axiomaticamente	ˌaksiˌomatʃˌikɐmˈeɪŋtʃɪ	ˌaksiˌomatʃikɐmˈeɪŋtʃɪ
azaradamente	ˌazaɾˌadɐmˈeɪŋtʃɪ	ˌazaɾadɐmˈeɪŋtʃɪ
azedamente	ˌazedɐmˈeɪŋtʃɪ	ˌazedɐmˈeɪŋtʃɪ
banalmente	bˌɐnaʊmˈeɪŋtʃɪ	bˌɐ̃naʊmˈeɪŋtʃɪ
barbaramente	bˌaɾbaɾɐmˈeɪŋtʃɪ	bˌaɾbaɾɐmˈeɪŋtʃɪ
basicamente	bˌazikɐmˈeɪŋtʃɪ	bˌazikɐmˈeɪŋtʃɪ
belamente	bˌelɐmˈeɪŋtʃɪ	bɛlɐmˈeɪŋtʃɪ
beneficamente	bˌenefˌikɐmˈeɪŋtʃɪ	bˌenefikɐmˈeɪŋtʃɪ
bestialmente	bˌestʃiaʊmˈeɪŋtʃɪ	bˌestʃiaʊmˈeɪŋtʃɪ
bienalmente	bˌienaʊmˈeɪŋtʃɪ	bˌienaʊmˈeɪŋtʃɪ
bilateralmente	bˌilatˌeɾaʊmˈeɪŋtʃɪ	bˌilatˌeɾaʊmˈeɪŋtʃɪ
biologicamente	bˌiolˌoʒikɐmˈeɪŋtʃɪ	bˌiolˌoʒikɐmˈeɪŋtʃɪ
biunivocamente	bjˌunivˌokɐmˈeɪŋtʃɪ	bjˌunivɔkɐmˈeɪŋtʃɪ
boamente	bˌoɐmˈeɪŋtʃɪ	boɐmˈeɪŋtʃɪ
bondosamente	bˌoŋdozɐmˈeɪŋtʃɪ	bˌoŋdɔzɐmˈeɪŋtʃɪ
brandamente	bɾˌɐ̃ŋdɐmˈeɪŋtʃɪ	bɾɐ̃ŋdɐmˈeɪŋtʃɪ
bravamente	bɾˌavɐmˈeɪŋtʃɪ	bɾavɐmˈeɪŋtʃɪ
brevemente	bɾˌevemˈeɪŋtʃɪ	bɾɛvɪmˈeɪŋtʃɪ
brilhantemente	bɾˌiʎɐ̃ŋtemˈeɪŋtʃɪ	bɾˌiʎɐ̃ŋtʃɪmˈeɪŋtʃɪ
bruscamente	bɾˌuskɐmˈeɪŋtʃɪ	bɾuskɐmˈeɪŋtʃɪ
brutalmente	bɾˌutaʊmˈeɪŋtʃɪ	bɾˌutaʊmˈeɪŋtʃɪ
burocraticamente	bˌuɾokɾˌatʃikɐmˈeɪŋtʃɪ	bˌuɾokɾˌatʃikɐmˈeɪŋtʃɪ
cabalmente	kˌabaʊmˈeɪŋtʃɪ	kˌabaʊmˈeɪŋtʃɪ
caladamente	kˌaladɐmˈeɪŋtʃɪ	kˌaladɐmˈeɪŋtʃɪ
calculadamente	kˌaʊkulˌadɐmˈeɪŋtʃɪ	kˌaʊkuladɐmˈeɪŋtʃɪ
calmamente	kˌaʊmɐmˈeɪŋtʃɪ	kaʊmɐmˈeɪŋtʃɪ
calorosamente	kˌaloɾˌozɐmˈeɪŋtʃɪ	kˌaloɾɔzɐmˈeɪŋtʃɪ
candidamente	kˌɐ̃ŋdʒidɐmˈeɪŋtʃɪ	kˌɐ̃ŋdʒidɐmˈeɪŋtʃɪ
canonicamente	kˌɐnonˌikɐmˈeɪŋtʃɪ	kˌɐnonikɐmˈeɪŋtʃɪ
capazmente	kˌapazmˈeɪŋtʃɪ	kˌapasmˈeɪŋtʃɪ
caprichosamente	kˌapɾiʃˌozɐmˈeɪŋtʃɪ	kˌapɾiʃɔzɐmˈeɪŋtʃɪ
caracteristicamente	kˌaɾaktˌeɾistʃˌikɐmˈeɪŋtʃɪ	kˌaɾaktˌeɾistʃikɐmˈeɪŋtʃɪ
carateristicamente	kˌaɾatˌeɾistʃˌikɐmˈeɪŋtʃɪ	kˌaɾatˌeɾistʃikɐmˈeɪŋtʃɪ
caridosamente	kˌaɾidˌozɐmˈeɪŋtʃɪ	kˌaɾidɔzɐmˈeɪŋtʃɪ
carinhosamente	kˌaɾiɲˌozɐmˈeɪŋtʃɪ	kˌaɾiɲɔzɐmˈeɪŋtʃɪ
carismaticamente	kˌaɾizmˌatʃikɐmˈeɪŋtʃɪ	kˌaɾizmˌatʃikɐmˈeɪŋtʃɪ
casamente	kˌazɐmˈeɪŋtʃɪ	kazɐmˈeɪŋtʃɪ
casualmente	kˌazuaʊmˈeɪŋtʃɪ	kˌazuaʊmˈeɪŋtʃɪ
catastroficamente	kˌatastɾˌofikɐmˈeɪŋtʃɪ	kˌatastɾˌofikɐmˈeɪŋtʃɪ
categorialmente	kˌateɡˌoɾiaʊmˈeɪŋtʃɪ	kˌateɡˌoɾiaʊmˈeɪŋtʃɪ
categoricamente	kˌateɡˌoɾikɐmˈeɪŋtʃɪ	kˌateɡˌoɾikɐmˈeɪŋtʃɪ
causalmente	kˌaʊzaʊmˈeɪŋtʃɪ	kˌaʊzaʊmˈeɪŋtʃɪ
cautelosamente	kˌaʊtelˌozɐmˈeɪŋtʃɪ	kˌaʊtelɔzɐmˈeɪŋtʃɪ
cegamente	sˌeɡɐmˈeɪŋtʃɪ	sɛɡɐmˈeɪŋtʃɪ
celeremente	sˌeleɾemˈeɪŋtʃɪ	sˌeleɾɪmˈeɪŋtʃɪ
centralmente	sˌeɪŋtɾaʊmˈeɪŋtʃɪ	sˌeɪŋtɾaʊmˈeɪŋtʃɪ
centuplicadamente	sˌeɪŋtuplˌikadɐmˈeɪŋtʃɪ	sˌeɪŋtuplˌikadɐmˈeɪŋtʃɪ
cerimoniosamente	sˌeɾimˌoniˌozɐmˈeɪŋtʃɪ	sˌeɾimˌoniɔzɐmˈeɪŋtʃɪ
certamente	sˌeɾtɐmˈeɪŋtʃɪ	sɛɾtɐmˈeɪŋtʃɪ
chocadamente	ʃˌokadɐmˈeɪŋtʃɪ	ʃˌokadɐmˈeɪŋtʃɪ
chorosamente	ʃˌoɾozɐmˈeɪŋtʃɪ	ʃˌoɾɔzɐmˈeɪŋtʃɪ
chorudamente	ʃˌoɾudɐmˈeɪŋtʃɪ	ʃˌoɾudɐmˈeɪŋtʃɪ
ciclicamente	sˌiklikɐmˈeɪŋtʃɪ	sˌiklikɐmˈeɪŋtʃɪ
cientificamente	sˌieɪŋtʃˌifikɐmˈeɪŋtʃɪ	sˌieɪŋtʃˌifikɐmˈeɪŋtʃɪ
cilindricamente	sˌiliŋdɾˌikɐmˈeɪŋtʃɪ	sˌiliŋdɾikɐmˈeɪŋtʃɪ
cimente	sˌimˈeɪŋtʃɪ	sˌimˈeɪŋtʃɪ
cinematicamente	sˌinemˌatʃikɐmˈeɪŋtʃɪ	sˌinemˌatʃikɐmˈeɪŋtʃɪ
cinicamente	sˌinikɐmˈeɪŋtʃɪ	sˌinikɐmˈeɪŋtʃɪ
ciosamente	sˌiozɐmˈeɪŋtʃɪ	sˌiɔzɐmˈeɪŋtʃɪ
circuladamente	sˌiɾkulˌadɐmˈeɪŋtʃɪ	sˌiɾkuladɐmˈeɪŋtʃɪ
circularmente	sˌiɾkulaɾmˈeɪŋtʃɪ	sˌiɾkulaɾmˈeɪŋtʃɪ
cirurgicamente	sˌiɾuɾʒˌikɐmˈeɪŋtʃɪ	sˌiɾuɾʒikɐmˈeɪŋtʃɪ
civilmente	sˌiviʊmˈeɪŋtʃɪ	sˌiviʊmˈeɪŋtʃɪ
clamorosamente	klˌɐmoɾˌozɐmˈeɪŋtʃɪ	klˌɐmoɾɔzɐmˈeɪŋtʃɪ
clandestinamente	klˌɐ̃ŋdestʃˌinɐmˈeɪŋtʃɪ	klˌɐ̃ŋdestʃinɐmˈeɪŋtʃɪ
claramente	klˌaɾɐmˈeɪŋtʃɪ	klaɾɐmˈeɪŋtʃɪ
classicamente	klˌasikɐmˈeɪŋtʃɪ	klˌasikɐmˈeɪŋtʃɪ
clemente	klˌemˈeɪŋtʃɪ	klˌemˈeɪŋtʃɪ
Clemente	klˌemˈeɪŋtʃɪ	klˌemˈeɪŋtʃɪ
climaticamente	klˌimatʃˌikɐmˈeɪŋtʃɪ	klˌimatʃikɐmˈeɪŋtʃɪ
clinicamente	klˌinikɐmˈeɪŋtʃɪ	klˌinikɐmˈeɪŋtʃɪ
coerentemente	kˌoeɾˌeɪŋtemˈeɪŋtʃɪ	kˌoeɾeɪŋtʃɪmˈeɪŋtʃɪ
cognitivamente	kˌoɡnitʃˌivɐmˈeɪŋtʃɪ	kˌoɡnitʃivɐmˈeɪŋtʃɪ
colateralmente	kˌolatˌeɾaʊmˈeɪŋtʃɪ	kˌolatˌeɾaʊmˈeɪŋtʃɪ
colegialmente	kˌoleʒˌiaʊmˈeɪŋtʃɪ	kˌoleʒˌiaʊmˈeɪŋtʃɪ
colericamente	kˌoleɾˌikɐmˈeɪŋtʃɪ	kˌoleɾikɐmˈeɪŋtʃɪ
coletivamente	kˌoletʃˌivɐmˈeɪŋtʃɪ	kˌoletʃivɐmˈeɪŋtʃɪ
comedidamente	kˌomedʒˌidɐmˈeɪŋtʃɪ	kˌomedʒidɐmˈeɪŋtʃɪ
comente	kˌomˈeɪŋtʃɪ	kˌomˈeɪŋtʃɪ
comercialmente	kˌomeɾsˌiaʊmˈeɪŋtʃɪ	kˌomeɾsˌiaʊmˈeɪŋtʃɪ
comodamente	kˌomodɐmˈeɪŋtʃɪ	kˌomɔdɐmˈeɪŋtʃɪ
comovedoramente	kˌomovˌedoɾɐmˈeɪŋtʃɪ	kˌomovˌedoɾɐmˈeɪŋtʃɪ
comparativamente	kˌompaɾˌatʃivɐmˈeɪŋtʃɪ	kˌompaɾˌatʃivɐmˈeɪŋtʃɪ
compartimente	kˌompaɾtʃimˈeɪŋtʃɪ	kˌompaɾtʃimˈeɪŋtʃɪ
compassadamente	kˌompasˌadɐmˈeɪŋtʃɪ	kˌompasadɐmˈeɪŋtʃɪ
compenetradamente	kˌompenˌetɾadɐmˈeɪŋtʃɪ	kˌompenˌetɾadɐmˈeɪŋtʃɪ
competitivamente	kˌompetʃˌitʃivɐmˈeɪŋtʃɪ	kˌompetʃˌitʃivɐmˈeɪŋtʃɪ
complacentemente	kˌomplasˌeɪŋtemˈeɪŋtʃɪ	kˌomplaseɪŋtʃɪmˈeɪŋtʃɪ
complementarmente	kˌomplemˌeɪŋtaɾmˈeɪŋtʃɪ	kˌomplemˌeɪŋtaɾmˈeɪŋtʃɪ
complemente	kˌomplemˈeɪŋtʃɪ	komplɪmˈeɪŋtʃɪ
completamente	kˌompletɐmˈeɪŋtʃɪ	kˌomplɛtɐmˈeɪŋtʃɪ
complexamente	kˌompleksɐmˈeɪŋtʃɪ	kˌomplɛksɐmˈeɪŋtʃɪ
composicionalmente	kˌompozˌisɪˌonaʊmˈeɪŋtʃɪ	kˌompozˌisɪˌonaʊmˈeɪŋtʃɪ
compreensivamente	kˌompɾeˌeɪŋsivɐmˈeɪŋtʃɪ	kˌompɾeˌeɪŋsivɐmˈeɪŋtʃɪ
compreensivelmente	kˌompɾeˌeɪŋsivɛʊmˈeɪŋtʃɪ	kˌompɾeˌeɪŋsivɛʊmˈeɪŋtʃɪ
comprimente	kˌompɾimˈeɪŋtʃɪ	kˌompɾimˈeɪŋtʃɪ
comprovadamente	kˌompɾovˌadɐmˈeɪŋtʃɪ	kˌompɾovadɐmˈeɪŋtʃɪ
compulsivamente	kˌompuwsˌivɐmˈeɪŋtʃɪ	kˌompuwsivɐmˈeɪŋtʃɪ
computacionalmente	kˌomputˌasɪˌonaʊmˈeɪŋtʃɪ	kˌomputˌasɪˌonaʊmˈeɪŋtʃɪ
comumente	kˌomumˈeɪŋtʃɪ	kˌomumˈeɪŋtʃɪ
comummente	kˌomũmmˈeɪŋtʃɪ	kˌomũŋmˈeɪŋtʃɪ
conceitualmente	kˌoŋseɪtˌuaʊmˈeɪŋtʃɪ	kˌoŋseɪtˌuaʊmˈeɪŋtʃɪ
conceituosamente	kˌoŋseɪtwˌozɐmˈeɪŋtʃɪ	kˌoŋseɪtwɔzɐmˈeɪŋtʃɪ
concentricamente	kˌoŋseɪŋtɾˌikɐmˈeɪŋtʃɪ	kˌoŋseɪŋtɾikɐmˈeɪŋtʃɪ
conceptualmente	kˌoŋseptˌuaʊmˈeɪŋtʃɪ	kˌoŋseptˌuaʊmˈeɪŋtʃɪ
concertadamente	kˌoŋseɾtˌadɐmˈeɪŋtʃɪ	kˌoŋseɾtadɐmˈeɪŋtʃɪ
concetualmente	kˌoŋsetˌuaʊmˈeɪŋtʃɪ	kˌoŋsetˌuaʊmˈeɪŋtʃɪ
concisamente	kˌoŋsizɐmˈeɪŋtʃɪ	kˌoŋsizɐmˈeɪŋtʃɪ
conclusivamente	kˌoŋkluzˌivɐmˈeɪŋtʃɪ	kˌoŋkluzivɐmˈeɪŋtʃɪ
concomitantemente	kˌoŋkomˌitɐ̃ŋtemˈeɪŋtʃɪ	kˌoŋkomˌitɐ̃ŋtʃɪmˈeɪŋtʃɪ
concorrencialmente	kˌoŋkoxˌeɪŋsiaʊmˈeɪŋtʃɪ	kˌoŋkoxˌeɪŋsiaʊmˈeɪŋtʃɪ
concorrentemente	kˌoŋkoxˌeɪŋtemˈeɪŋtʃɪ	kˌoŋkoxeɪŋtʃɪmˈeɪŋtʃɪ
concretamente	kˌoŋkɾetɐmˈeɪŋtʃɪ	kˌoŋkɾɛtɐmˈeɪŋtʃɪ
condicionalmente	kˌoŋdʒisˌɪonaʊmˈeɪŋtʃɪ	kˌoŋdʒisˌɪonaʊmˈeɪŋtʃɪ
condignamente	kˌoŋdʒiɡnɐmˈeɪŋtʃɪ	kˌoŋdʒiɡnɐmˈeɪŋtʃɪ
condimente	kˌoŋdʒimˈeɪŋtʃɪ	kˌoŋdʒimˈeɪŋtʃɪ
confiadamente	kˌoŋfiˌadɐmˈeɪŋtʃɪ	kˌoŋfiadɐmˈeɪŋtʃɪ
confidencialmente	kˌoŋfidˌeɪŋsiaʊmˈeɪŋtʃɪ	kˌoŋfidˌeɪŋsiaʊmˈeɪŋtʃɪ
confortavelmente	kˌoŋfoɾtˌavɛʊmˈeɪŋtʃɪ	kˌoŋfoɾtˌavɛʊmˈeɪŋtʃɪ
confusamente	kˌoŋfuzɐmˈeɪŋtʃɪ	kˌoŋfuzɐmˈeɪŋtʃɪ
conjuntamente	kˌoŋʒũŋtɐmˈeɪŋtʃɪ	kˌoŋʒũŋtɐmˈeɪŋtʃɪ
conscienciosamente	kˌoŋsiˌeɪŋsiˌozɐmˈeɪŋtʃɪ	kˌoŋsiˌeɪŋsiɔzɐmˈeɪŋtʃɪ
conscientemente	kˌoŋsiˌeɪŋtemˈeɪŋtʃɪ	kˌoŋsieɪŋtʃɪmˈeɪŋtʃɪ
consecutivamente	kˌoŋsekˌutʃivɐmˈeɪŋtʃɪ	kˌoŋsekˌutʃivɐmˈeɪŋtʃɪ
conseguintemente	kˌoŋseɡˌiŋtemˈeɪŋtʃɪ	kˌoŋseɡiŋtʃɪmˈeɪŋtʃɪ
conselheiramente	kˌoŋseʎˌeɪɾɐmˈeɪŋtʃɪ	kˌoŋseʎeɪɾɐmˈeɪŋtʃɪ
consensualmente	kˌoŋseɪŋsˌuaʊmˈeɪŋtʃɪ	kˌoŋseɪŋsˌuaʊmˈeɪŋtʃɪ
consequentemente	kˌoŋsekwˌeɪŋtemˈeɪŋtʃɪ	kˌoŋsekweɪŋtʃɪmˈeɪŋtʃɪ
conseqüentemente	kˌoŋsekwˌeɪŋtemˈeɪŋtʃɪ	kˌoŋsekweɪŋtʃɪmˈeɪŋtʃɪ
consideravelmente	kˌoŋsidˌeɾavɛʊmˈeɪŋtʃɪ	kˌoŋsidˌeɾavɛʊmˈeɪŋtʃɪ
consistentemente	kˌoŋsistˌeɪŋtemˈeɪŋtʃɪ	kˌoŋsisteɪŋtʃɪmˈeɪŋtʃɪ
constantemente	kˌoŋstɐ̃ŋtemˈeɪŋtʃɪ	kˌoŋstɐ̃ŋtʃɪmˈeɪŋtʃɪ
constitucionalmente	kˌoŋstʃitˌusɪˌonaʊmˈeɪŋtʃɪ	kˌoŋstʃitˌusɪˌonaʊmˈeɪŋtʃɪ
construtivamente	kˌoŋstɾutʃˌivɐmˈeɪŋtʃɪ	kˌoŋstɾutʃivɐmˈeɪŋtʃɪ
contabilisticamente	kˌoŋtabˌilistʃˌikɐmˈeɪŋtʃɪ	kˌoŋtabˌilistʃikɐmˈeɪŋtʃɪ
contiguamente	kˌoŋtʃiɡwɐmˈeɪŋtʃɪ	kˌoŋtʃiɡwɐmˈeɪŋtʃɪ
contingentemente	kˌoŋtʃiŋʒˌeɪŋtemˈeɪŋtʃɪ	kˌoŋtʃiŋʒeɪŋtʃɪmˈeɪŋtʃɪ
continuadamente	kˌoŋtʃinˌuadɐmˈeɪŋtʃɪ	kˌoŋtʃinˌuadɐmˈeɪŋtʃɪ
continuamente	kˌoŋtʃinˌuɐmˈeɪŋtʃɪ	kˌoŋtʃinuɐmˈeɪŋtʃɪ
contraditoriamente	kˌoŋtɾadʒˌitoɾˌiɐmˈeɪŋtʃɪ	kˌoŋtɾadʒˌitoɾiɐmˈeɪŋtʃɪ
contraidamente	kˌoŋtɾaɪdɐmˈeɪŋtʃɪ	kˌoŋtɾaɪdɐmˈeɪŋtʃɪ
contrariamente	kˌoŋtɾaɾˌiɐmˈeɪŋtʃɪ	kˌoŋtɾaɾiɐmˈeɪŋtʃɪ
contratualmente	kˌoŋtɾatˌuaʊmˈeɪŋtʃɪ	kˌoŋtɾatˌuaʊmˈeɪŋtʃɪ
controladamente	kˌoŋtɾolˌadɐmˈeɪŋtʃɪ	kˌoŋtɾoladɐmˈeɪŋtʃɪ
convencionalmente	kˌoŋveɪŋsˌɪonaʊmˈeɪŋtʃɪ	kˌoŋveɪŋsˌɪonaʊmˈeɪŋtʃɪ
convenientemente	kˌoŋvenˌieɪŋtemˈeɪŋtʃɪ	kˌoŋvenˌieɪŋtʃɪmˈeɪŋtʃɪ
convictamente	kˌoŋviktɐmˈeɪŋtʃɪ	kˌoŋviktɐmˈeɪŋtʃɪ
convincentemente	kˌoŋviŋsˌeɪŋtemˈeɪŋtʃɪ	kˌoŋviŋseɪŋtʃɪmˈeɪŋtʃɪ
convulsivamente	kˌoŋvuwsˌivɐmˈeɪŋtʃɪ	kˌoŋvuwsivɐmˈeɪŋtʃɪ
coordenadamente	kˌooɾdˌenadɐmˈeɪŋtʃɪ	kˌooɾdˌenadɐmˈeɪŋtʃɪ
copiosamente	kˌopiˌozɐmˈeɪŋtʃɪ	kˌopiɔzɐmˈeɪŋtʃɪ
copulativamente	kˌopulˌatʃivɐmˈeɪŋtʃɪ	kˌopulˌatʃivɐmˈeɪŋtʃɪ
corajosamente	kˌoɾaʒˌozɐmˈeɪŋtʃɪ	kˌoɾaʒɔzɐmˈeɪŋtʃɪ
cordatamente	kˌoɾdatɐmˈeɪŋtʃɪ	kˌoɾdatɐmˈeɪŋtʃɪ
cordialmente	kˌoɾdʒiaʊmˈeɪŋtʃɪ	kˌoɾdʒiaʊmˈeɪŋtʃɪ
corporalmente	kˌoɾpoɾaʊmˈeɪŋtʃɪ	kˌoɾpoɾaʊmˈeɪŋtʃɪ
correcionalmente	kˌoxesˌɪonaʊmˈeɪŋtʃɪ	kˌoxesˌɪonaʊmˈeɪŋtʃɪ
correntemente	kˌoxeɪŋtemˈeɪŋtʃɪ	kˌoxeɪŋtʃɪmˈeɪŋtʃɪ
correspondentemente	kˌoxespˌoŋdeɪŋtemˈeɪŋtʃɪ	kˌoxespˌoŋdeɪŋtʃɪmˈeɪŋtʃɪ
corretamente	kˌoxetɐmˈeɪŋtʃɪ	kˌoxɛtɐmˈeɪŋtʃɪ
corriqueiramente	kˌoxikˌeɪɾɐmˈeɪŋtʃɪ	kˌoxikeɪɾɐmˈeɪŋtʃɪ
cotidianamente	kˌotʃidʒˌiɐnɐmˈeɪŋtʃɪ	kˌotʃidʒˌiɐ̃nɐmˈeɪŋtʃɪ
covardemente	kˌovaɾdemˈeɪŋtʃɪ	kˌovaɾdʒɪmˈeɪŋtʃɪ
credulamente	kɾˌedulɐmˈeɪŋtʃɪ	kɾˌedulɐmˈeɪŋtʃɪ
crescentemente	kɾˌeseɪŋtemˈeɪŋtʃɪ	kɾˌeseɪŋtʃɪmˈeɪŋtʃɪ
criminalmente	kɾˌiminaʊmˈeɪŋtʃɪ	kɾˌiminaʊmˈeɪŋtʃɪ
criminosamente	kɾˌiminˌozɐmˈeɪŋtʃɪ	kɾˌiminɔzɐmˈeɪŋtʃɪ
criteriosamente	kɾˌiteɾˌiozɐmˈeɪŋtʃɪ	kɾˌiteɾˌiɔzɐmˈeɪŋtʃɪ
criticamente	kɾˌitʃikɐmˈeɪŋtʃɪ	kɾˌitʃikɐmˈeɪŋtʃɪ
cromaticamente	kɾˌomatʃˌikɐmˈeɪŋtʃɪ	kɾˌomatʃikɐmˈeɪŋtʃɪ
cronologicamente	kɾˌonolˌoʒikɐmˈeɪŋtʃɪ	kɾˌonolˌoʒikɐmˈeɪŋtʃɪ
cruamente	kɾˌuɐmˈeɪŋtʃɪ	kɾuɐmˈeɪŋtʃɪ
crucialmente	kɾˌusiaʊmˈeɪŋtʃɪ	kɾˌusiaʊmˈeɪŋtʃɪ
cruelmente	kɾˌuɛʊmˈeɪŋtʃɪ	kɾˌuɛʊmˈeɪŋtʃɪ
cuidadosamente	kˌuɪdadˌozɐmˈeɪŋtʃɪ	kˌuɪdadɔzɐmˈeɪŋtʃɪ
culturalmente	kˌuwtuɾaʊmˈeɪŋtʃɪ	kˌuwtuɾaʊmˈeɪŋtʃɪ
cumprimente	kˌũmpɾimˈeɪŋtʃɪ	kˌũmpɾimˈeɪŋtʃɪ
cumulativamente	kˌumulˌatʃivɐmˈeɪŋtʃɪ	kˌumulˌatʃivɐmˈeɪŋtʃɪ
curiosamente	kˌuɾiˌozɐmˈeɪŋtʃɪ	kˌuɾiɔzɐmˈeɪŋtʃɪ
curtamente	kˌuɾtɐmˈeɪŋtʃɪ	kuɾtɐmˈeɪŋtʃɪ
debilmente	dˌebiʊmˈeɪŋtʃɪ	dˌebiʊmˈeɪŋtʃɪ
decentemente	dˌeseɪŋtemˈeɪŋtʃɪ	dˌeseɪŋtʃɪmˈeɪŋtʃɪ
decididamente	dˌesidʒˌidɐmˈeɪŋtʃɪ	dˌesidʒidɐmˈeɪŋtʃɪ
decisivamente	dˌesizˌivɐmˈeɪŋtʃɪ	dˌesizivɐmˈeɪŋtʃɪ
declaradamente	dˌeklaɾˌadɐmˈeɪŋtʃɪ	dˌeklaɾadɐmˈeɪŋtʃɪ
decremente	dˌekɾemˈeɪŋtʃɪ	dɛkɾɪmˈeɪŋtʃɪ
decretoriamente	dˌekɾetˌoɾiɐmˈeɪŋtʃɪ	dˌekɾetˌoɾiɐmˈeɪŋtʃɪ
dedicadamente	dˌedʒikˌadɐmˈeɪŋtʃɪ	dˌedʒikadɐmˈeɪŋtʃɪ
dedutivamente	dˌedutʃˌivɐmˈeɪŋtʃɪ	dˌedutʃivɐmˈeɪŋtʃɪ
defeituosamente	dˌefeɪtwˌozɐmˈeɪŋtʃɪ	dˌefeɪtwɔzɐmˈeɪŋtʃɪ
defensivamente	dˌefeɪŋsˌivɐmˈeɪŋtʃɪ	dˌefeɪŋsivɐmˈeɪŋtʃɪ
deficientemente	dˌefisˌieɪŋtemˈeɪŋtʃɪ	dˌefisˌieɪŋtʃɪmˈeɪŋtʃɪ
definitivamente	dˌefinˌitʃivɐmˈeɪŋtʃɪ	dˌefinˌitʃivɐmˈeɪŋtʃɪ
degradantemente	dˌeɡɾadˌɐ̃ŋtemˈeɪŋtʃɪ	dˌeɡɾadɐ̃ŋtʃɪmˈeɪŋtʃɪ
delegantemente	dˌeleɡˌɐ̃ŋtemˈeɪŋtʃɪ	dˌeleɡɐ̃ŋtʃɪmˈeɪŋtʃɪ
delgadamente	dˌɛʊɡadɐmˈeɪŋtʃɪ	dˌɛʊɡadɐmˈeɪŋtʃɪ
deliberadamente	dˌelibˌeɾadɐmˈeɪŋtʃɪ	dˌelibˌeɾadɐmˈeɪŋtʃɪ
delicadamente	dˌelikˌadɐmˈeɪŋtʃɪ	dˌelikadɐmˈeɪŋtʃɪ
deliciosamente	dˌelisˌiozɐmˈeɪŋtʃɪ	dˌelisˌiɔzɐmˈeɪŋtʃɪ
delirantemente	dˌeliɾˌɐ̃ŋtemˈeɪŋtʃɪ	dˌeliɾɐ̃ŋtʃɪmˈeɪŋtʃɪ
demasiadamente	dˌemazˌiadɐmˈeɪŋtʃɪ	dˌemazˌiadɐmˈeɪŋtʃɪ
demente	dˌemˈeɪŋtʃɪ	dˌemˈeɪŋtʃɪ
democraticamente	dˌemokɾˌatʃikɐmˈeɪŋtʃɪ	dˌemokɾˌatʃikɐmˈeɪŋtʃɪ
demoradamente	dˌemoɾˌadɐmˈeɪŋtʃɪ	dˌemoɾadɐmˈeɪŋtʃɪ
densamente	dˌeɪŋsɐmˈeɪŋtʃɪ	deɪŋsɐmˈeɪŋtʃɪ
deploravelmente	dˌeploɾˌavɛʊmˈeɪŋtʃɪ	dˌeploɾˌavɛʊmˈeɪŋtʃɪ
deprimente	dˌepɾimˈeɪŋtʃɪ	dˌepɾimˈeɪŋtʃɪ
desabaladamente	dˌezabˌaladɐmˈeɪŋtʃɪ	dˌezabˌaladɐmˈeɪŋtʃɪ
desabridamente	dˌezabɾˌidɐmˈeɪŋtʃɪ	dˌezabɾidɐmˈeɪŋtʃɪ
desaceleradamente	dˌezasˌeleɾˌadɐmˈeɪŋtʃɪ	dˌezasˌeleɾadɐmˈeɪŋtʃɪ
desacentuadamente	dˌezasˌeɪŋtuˌadɐmˈeɪŋtʃɪ	dˌezasˌeɪŋtuadɐmˈeɪŋtʃɪ
desacertadamente	dˌezasˌeɾtadɐmˈeɪŋtʃɪ	dˌezasˌeɾtadɐmˈeɪŋtʃɪ
desadequadamente	dˌezadˌekwadɐmˈeɪŋtʃɪ	dˌezadˌekwadɐmˈeɪŋtʃɪ
desafetadamente	dˌezafˌetadɐmˈeɪŋtʃɪ	dˌezafˌetadɐmˈeɪŋtʃɪ
desafogadamente	dˌezafˌoɡadɐmˈeɪŋtʃɪ	dˌezafˌoɡadɐmˈeɪŋtʃɪ
desaforadamente	dˌezafˌoɾadɐmˈeɪŋtʃɪ	dˌezafˌoɾadɐmˈeɪŋtʃɪ
desagradavelmente	dˌezaɡɾˌadavɛʊmˈeɪŋtʃɪ	dˌezaɡɾˌadavɛʊmˈeɪŋtʃɪ
desajeitadamente	dˌezaʒˌeɪtadɐmˈeɪŋtʃɪ	dˌezaʒˌeɪtadɐmˈeɪŋtʃɪ
desalmadamente	dˌezaʊmˌadɐmˈeɪŋtʃɪ	dˌezaʊmadɐmˈeɪŋtʃɪ
desamparadamente	dˌezɐ̃mpˌaɾadɐmˈeɪŋtʃɪ	dˌezɐ̃mpˌaɾadɐmˈeɪŋtʃɪ
desapaixonadamente	dˌezapˌaɪʃonˌadɐmˈeɪŋtʃɪ	dˌezapˌaɪʃonadɐmˈeɪŋtʃɪ
desapertadamente	dˌezapˌeɾtadɐmˈeɪŋtʃɪ	dˌezapˌeɾtadɐmˈeɪŋtʃɪ
desapropriadamente	dˌezapɾˌopɾiˌadɐmˈeɪŋtʃɪ	dˌezapɾˌopɾiadɐmˈeɪŋtʃɪ
desarmoniosamente	dˌezaɾmˌoniˌozɐmˈeɪŋtʃɪ	dˌezaɾmˌoniɔzɐmˈeɪŋtʃɪ
desarticuladamente	dˌezaɾtʃˌikulˌadɐmˈeɪŋtʃɪ	dˌezaɾtʃˌikuladɐmˈeɪŋtʃɪ
desarticularmente	dˌezaɾtʃˌikulaɾmˈeɪŋtʃɪ	dˌezaɾtʃˌikulaɾmˈeɪŋtʃɪ
desassombradamente	dˌezasˌombɾadɐmˈeɪŋtʃɪ	dˌezasˌombɾadɐmˈeɪŋtʃɪ
desastradamente	dˌezastɾˌadɐmˈeɪŋtʃɪ	dˌezastɾadɐmˈeɪŋtʃɪ
desatenciosamente	dˌezatˌeɪŋsiˌozɐmˈeɪŋtʃɪ	dˌezatˌeɪŋsiɔzɐmˈeɪŋtʃɪ
desatentadamente	dˌezatˌeɪŋtadɐmˈeɪŋtʃɪ	dˌezatˌeɪŋtadɐmˈeɪŋtʃɪ
desavisadamente	dˌezavˌizadɐmˈeɪŋtʃɪ	dˌezavˌizadɐmˈeɪŋtʃɪ
descabidamente	dˌeskabˌidɐmˈeɪŋtʃɪ	dˌeskabidɐmˈeɪŋtʃɪ
descansadamente	dˌeskɐ̃ŋsˌadɐmˈeɪŋtʃɪ	dˌeskɐ̃ŋsadɐmˈeɪŋtʃɪ
descaradamente	dˌeskaɾˌadɐmˈeɪŋtʃɪ	dˌeskaɾadɐmˈeɪŋtʃɪ
descomedidamente	dˌeskomˌedʒidɐmˈeɪŋtʃɪ	dˌeskomˌedʒidɐmˈeɪŋtʃɪ
descompadradamente	dˌeskompˌadɾadɐmˈeɪŋtʃɪ	dˌeskompˌadɾadɐmˈeɪŋtʃɪ
desconfiadamente	dˌeskoŋfˌiadɐmˈeɪŋtʃɪ	dˌeskoŋfˌiadɐmˈeɪŋtʃɪ
desconfortavelmente	dˌeskoŋfˌoɾtavɛʊmˈeɪŋtʃɪ	dˌeskoŋfˌoɾtavɛʊmˈeɪŋtʃɪ
desconjuntadamente	dˌeskoŋʒˌũŋtadɐmˈeɪŋtʃɪ	dˌeskoŋʒˌũŋtadɐmˈeɪŋtʃɪ
desconsoladamente	dˌeskoŋsˌoladɐmˈeɪŋtʃɪ	dˌeskoŋsˌoladɐmˈeɪŋtʃɪ
descontinuadamente	dˌeskoŋtʃˌinuˌadɐmˈeɪŋtʃɪ	dˌeskoŋtʃˌinuadɐmˈeɪŋtʃɪ
descontraidamente	dˌeskoŋtɾˌaɪdɐmˈeɪŋtʃɪ	dˌeskoŋtɾaɪdɐmˈeɪŋtʃɪ
descontroladamente	dˌeskoŋtɾˌoladɐmˈeɪŋtʃɪ	dˌeskoŋtɾˌoladɐmˈeɪŋtʃɪ
descuidadamente	dˌeskuɪdˌadɐmˈeɪŋtʃɪ	dˌeskuɪdadɐmˈeɪŋtʃɪ
descuidadosamente	dˌeskuɪdˌadozɐmˈeɪŋtʃɪ	dˌeskuɪdˌadɔzɐmˈeɪŋtʃɪ
descuradamente	dˌeskuɾˌadɐmˈeɪŋtʃɪ	dˌeskuɾadɐmˈeɪŋtʃɪ
desdenhosamente	dˌezdeɲˌozɐmˈeɪŋtʃɪ	dˌezdeɲɔzɐmˈeɪŋtʃɪ
deseducadamente	dˌezedˌukadɐmˈeɪŋtʃɪ	dˌezedˌukadɐmˈeɪŋtʃɪ
desejavelmente	dˌezeʒˌavɛʊmˈeɪŋtʃɪ	dˌezeʒˌavɛʊmˈeɪŋtʃɪ
desencontradamente	dˌezeɪŋkˌoŋtɾadɐmˈeɪŋtʃɪ	dˌezeɪŋkˌoŋtɾadɐmˈeɪŋtʃɪ
desenfreadamente	dˌezeɪŋfɾˌeadɐmˈeɪŋtʃɪ	dˌezeɪŋfɾˌeadɐmˈeɪŋtʃɪ
desenvergonhadamente	dˌezeɪŋvˌeɾɡoɲˌadɐmˈeɪŋtʃɪ	dˌezeɪŋvˌeɾɡoɲadɐmˈeɪŋtʃɪ
desenvolvidamente	dˌezeɪŋvˌoʊvidɐmˈeɪŋtʃɪ	dˌezeɪŋvˌoʊvidɐmˈeɪŋtʃɪ
desequilibradamente	dˌezekˌilibɾˌadɐmˈeɪŋtʃɪ	dˌezekˌilibɾadɐmˈeɪŋtʃɪ
desesperadamente	dˌezespˌeɾadɐmˈeɪŋtʃɪ	dˌezespˌeɾadɐmˈeɪŋtʃɪ
desfavoravelmente	dˌesfavˌoɾavɛʊmˈeɪŋtʃɪ	dˌesfavˌoɾavɛʊmˈeɪŋtʃɪ
desfragmente	dˌesfɾaɡmˈeɪŋtʃɪ	dˌesfɾaɡmˈeɪŋtʃɪ
desgraçadamente	dˌezɡɾasˌadɐmˈeɪŋtʃɪ	dˌezɡɾasadɐmˈeɪŋtʃɪ
desgraciosamente	dˌezɡɾasˌiozɐmˈeɪŋtʃɪ	dˌezɡɾasˌiɔzɐmˈeɪŋtʃɪ
designadamente	dˌeziɡnˌadɐmˈeɪŋtʃɪ	dˌeziɡnadɐmˈeɪŋtʃɪ
desigualmente	dˌeziɡwaʊmˈeɪŋtʃɪ	dˌeziɡwaʊmˈeɪŋtʃɪ
desinchadamente	dˌeziŋʃˌadɐmˈeɪŋtʃɪ	dˌeziŋʃadɐmˈeɪŋtʃɪ
desinteressadamente	dˌeziŋtˌeɾesˌadɐmˈeɪŋtʃɪ	dˌeziŋtˌeɾesadɐmˈeɪŋtʃɪ
desinteresseiramente	dˌeziŋtˌeɾesˌeɪɾɐmˈeɪŋtʃɪ	dˌeziŋtˌeɾeseɪɾɐmˈeɪŋtʃɪ
deslealmente	dˌezleaʊmˈeɪŋtʃɪ	dˌezleaʊmˈeɪŋtʃɪ
desleixadamente	dˌezleɪʃˌadɐmˈeɪŋtʃɪ	dˌezleɪʃadɐmˈeɪŋtʃɪ
desmarcadamente	dˌezmaɾkˌadɐmˈeɪŋtʃɪ	dˌezmaɾkadɐmˈeɪŋtʃɪ
desmazeladamente	dˌezmazˌeladɐmˈeɪŋtʃɪ	dˌezmazˌeladɐmˈeɪŋtʃɪ
desmedidamente	dˌezmedʒˌidɐmˈeɪŋtʃɪ	dˌezmedʒidɐmˈeɪŋtʃɪ
desmente	dˌezmˈeɪŋtʃɪ	dˌezmˈeɪŋtʃɪ
desmerecidamente	dˌezmeɾˌesidɐmˈeɪŋtʃɪ	dˌezmeɾˌesidɐmˈeɪŋtʃɪ
desmesuradamente	dˌezmezˌuɾadɐmˈeɪŋtʃɪ	dˌezmezˌuɾadɐmˈeɪŋtʃɪ
desnecessariamente	dˌeznesˌesaɾˌiɐmˈeɪŋtʃɪ	dˌeznesˌesaɾiɐmˈeɪŋtʃɪ
desobedientemente	dˌezobˌedʒiˌeɪŋtemˈeɪŋtʃɪ	dˌezobˌedʒieɪŋtʃɪmˈeɪŋtʃɪ
desobrigatoriamente	dˌezobɾˌiɡatˌoɾiɐmˈeɪŋtʃɪ	dˌezobɾˌiɡatˌoɾiɐmˈeɪŋtʃɪ
desoladamente	dˌezolˌadɐmˈeɪŋtʃɪ	dˌezoladɐmˈeɪŋtʃɪ
desonestamente	dˌezonˌestɐmˈeɪŋtʃɪ	dˌezonɛstɐmˈeɪŋtʃɪ
desonrosamente	dˌezoŋxˌozɐmˈeɪŋtʃɪ	dˌezoŋxɔzɐmˈeɪŋtʃɪ
desorçamente	dˌezoɾsɐmˈeɪŋtʃɪ	dˌezɔɾsɐmˈeɪŋtʃɪ
desordenadamente	dˌezoɾdˌenadɐmˈeɪŋtʃɪ	dˌezoɾdˌenadɐmˈeɪŋtʃɪ
desorientadamente	dˌezoɾˌieɪŋtˌadɐmˈeɪŋtʃɪ	dˌezoɾˌieɪŋtadɐmˈeɪŋtʃɪ
despejadamente	dˌespeʒˌadɐmˈeɪŋtʃɪ	dˌespeʒadɐmˈeɪŋtʃɪ
despercebidamente	dˌespeɾsˌebidɐmˈeɪŋtʃɪ	dˌespeɾsˌebidɐmˈeɪŋtʃɪ
despiedosamente	dˌespiˌedozɐmˈeɪŋtʃɪ	dˌespiˌedɔzɐmˈeɪŋtʃɪ
despigmente	dˌespiɡmˈeɪŋtʃɪ	dˌespiɡmˈeɪŋtʃɪ
desportivamente	dˌespoɾtʃˌivɐmˈeɪŋtʃɪ	dˌespoɾtʃivɐmˈeɪŋtʃɪ
despreocupadamente	dˌespɾeˌokupˌadɐmˈeɪŋtʃɪ	dˌespɾeˌokupadɐmˈeɪŋtʃɪ
despretensiosamente	dˌespɾetˌeɪŋsiˌozɐmˈeɪŋtʃɪ	dˌespɾetˌeɪŋsiɔzɐmˈeɪŋtʃɪ
desproporcionadamente	dˌespɾopˌoɾsɪˌonadɐmˈeɪŋtʃɪ	dˌespɾopˌoɾsɪˌonadɐmˈeɪŋtʃɪ
desproporcionalmente	dˌespɾopˌoɾsɪˌonaʊmˈeɪŋtʃɪ	dˌespɾopˌoɾsɪˌonaʊmˈeɪŋtʃɪ
despudoradamente	dˌespudˌoɾadɐmˈeɪŋtʃɪ	dˌespudˌoɾadɐmˈeɪŋtʃɪ
desreguladamente	dˌezxeɡˌuladɐmˈeɪŋtʃɪ	dˌezxeɡˌuladɐmˈeɪŋtʃɪ
desregulamente	dˌezxeɡˌulɐmˈeɪŋtʃɪ	dˌezxeɡulɐmˈeɪŋtʃɪ
desregularmente	dˌezxeɡˌulaɾmˈeɪŋtʃɪ	dˌezxeɡˌulaɾmˈeɪŋtʃɪ
desrespeitosamente	dˌezxespˌeɪtozɐmˈeɪŋtʃɪ	dˌezxespˌeɪtɔzɐmˈeɪŋtʃɪ
dessincronizadamente	dˌesiŋkɾˌonizˌadɐmˈeɪŋtʃɪ	dˌesiŋkɾˌonizadɐmˈeɪŋtʃɪ
destacadamente	dˌestakˌadɐmˈeɪŋtʃɪ	dˌestakadɐmˈeɪŋtʃɪ
destemidamente	dˌestemˌidɐmˈeɪŋtʃɪ	dˌestemidɐmˈeɪŋtʃɪ
destemperadamente	dˌesteɪmpˌeɾadɐmˈeɪŋtʃɪ	dˌesteɪmpˌeɾadɐmˈeɪŋtʃɪ
desumanamente	dˌezumˌɐnɐmˈeɪŋtʃɪ	dˌezumɐ̃nɐmˈeɪŋtʃɪ
desvantajosamente	dˌezvɐ̃ŋtˌaʒozɐmˈeɪŋtʃɪ	dˌezvɐ̃ŋtˌaʒɔzɐmˈeɪŋtʃɪ
detalhadamente	dˌetaʎˌadɐmˈeɪŋtʃɪ	dˌetaʎadɐmˈeɪŋtʃɪ
determinantemente	dˌeteɾmˌinɐ̃ŋtemˈeɪŋtʃɪ	dˌeteɾmˌinɐ̃ŋtʃɪmˈeɪŋtʃɪ
deterministicamente	dˌeteɾmˌinistʃˌikɐmˈeɪŋtʃɪ	dˌeteɾmˌinistʃikɐmˈeɪŋtʃɪ
detidamente	dˌetʃidɐmˈeɪŋtʃɪ	dˌetʃidɐmˈeɪŋtʃɪ
devidamente	dˌevidɐmˈeɪŋtʃɪ	dˌevidɐmˈeɪŋtʃɪ
devotadamente	dˌevotˌadɐmˈeɪŋtʃɪ	dˌevotadɐmˈeɪŋtʃɪ
diabolicamente	dʒˌiabˌolikɐmˈeɪŋtʃɪ	dʒˌiabˌolikɐmˈeɪŋtʃɪ
diagonalmente	dʒˌiaɡˌonaʊmˈeɪŋtʃɪ	dʒˌiaɡˌonaʊmˈeɪŋtʃɪ
diametralmente	dʒˌiɐmˌetɾaʊmˈeɪŋtʃɪ	dʒˌiɐmˌetɾaʊmˈeɪŋtʃɪ
diariamente	dʒˌiaɾˌiɐmˈeɪŋtʃɪ	dʒˌiaɾiɐmˈeɪŋtʃɪ
didaticamente	dʒˌidatʃˌikɐmˈeɪŋtʃɪ	dʒˌidatʃikɐmˈeɪŋtʃɪ
diferenciadamente	dʒˌifeɾˌeɪŋsiˌadɐmˈeɪŋtʃɪ	dʒˌifeɾˌeɪŋsiadɐmˈeɪŋtʃɪ
diferentemente	dʒˌifeɾˌeɪŋtemˈeɪŋtʃɪ	dʒˌifeɾeɪŋtʃɪmˈeɪŋtʃɪ
dificilmente	dʒˌifisiʊmˈeɪŋtʃɪ	dʒˌifisiʊmˈeɪŋtʃɪ
difusamente	dʒˌifuzɐmˈeɪŋtʃɪ	dʒˌifuzɐmˈeɪŋtʃɪ
digitalmente	dʒˌiʒitaʊmˈeɪŋtʃɪ	dʒˌiʒitaʊmˈeɪŋtʃɪ
dignamente	dʒˌiɡnɐmˈeɪŋtʃɪ	dʒiɡnɐmˈeɪŋtʃɪ
diligentemente	dʒˌiliʒˌeɪŋtemˈeɪŋtʃɪ	dʒˌiliʒeɪŋtʃɪmˈeɪŋtʃɪ
dinamicamente	dʒˌinɐmˌikɐmˈeɪŋtʃɪ	dʒˌinɐmikɐmˈeɪŋtʃɪ
diplomaticamente	dʒˌiplomˌatʃikɐmˈeɪŋtʃɪ	dʒˌiplomˌatʃikɐmˈeɪŋtʃɪ
diretamente	dʒˌiɾetɐmˈeɪŋtʃɪ	dʒˌiɾɛtɐmˈeɪŋtʃɪ
disciplinarmente	dʒˌisiplˌinaɾmˈeɪŋtʃɪ	dʒˌisiplˌinaɾmˈeɪŋtʃɪ
discretamente	dʒˌiskɾetɐmˈeɪŋtʃɪ	dʒˌiskɾɛtɐmˈeɪŋtʃɪ
discriminadamente	dʒˌiskɾimˌinadɐmˈeɪŋtʃɪ	dʒˌiskɾimˌinadɐmˈeɪŋtʃɪ
disfarçadamente	dʒˌisfaɾsˌadɐmˈeɪŋtʃɪ	dʒˌisfaɾsadɐmˈeɪŋtʃɪ
dissimuladamente	dʒˌisimˌuladɐmˈeɪŋtʃɪ	dʒˌisimˌuladɐmˈeɪŋtʃɪ
distalmente	dʒˌistaʊmˈeɪŋtʃɪ	dʒˌistaʊmˈeɪŋtʃɪ
distintamente	dʒˌistʃiŋtɐmˈeɪŋtʃɪ	dʒˌistʃiŋtɐmˈeɪŋtʃɪ
distintivamente	dʒˌistʃiŋtʃˌivɐmˈeɪŋtʃɪ	dʒˌistʃiŋtʃivɐmˈeɪŋtʃɪ
distraidamente	dʒˌistɾaɪdɐmˈeɪŋtʃɪ	dʒˌistɾaɪdɐmˈeɪŋtʃɪ
distributivamente	dʒˌistɾibˌutʃivɐmˈeɪŋtʃɪ	dʒˌistɾibˌutʃivɐmˈeɪŋtʃɪ
ditatorialmente	dʒˌitatˌoɾiaʊmˈeɪŋtʃɪ	dʒˌitatˌoɾiaʊmˈeɪŋtʃɪ
ditosamente	dʒˌitozɐmˈeɪŋtʃɪ	dʒˌitɔzɐmˈeɪŋtʃɪ
diversamente	dʒˌiveɾsɐmˈeɪŋtʃɪ	dʒˌivɛɾsɐmˈeɪŋtʃɪ
divertirmente	dʒˌiveɾtʃiɾmˈeɪŋtʃɪ	dʒˌiveɾtʃiɾmˈeɪŋtʃɪ
divinamente	dʒˌivinɐmˈeɪŋtʃɪ	dʒˌivinɐmˈeɪŋtʃɪ
docemente	dˌosemˈeɪŋtʃɪ	dɔsɪmˈeɪŋtʃɪ
docilmente	dˌosiʊmˈeɪŋtʃɪ	dˌosiʊmˈeɪŋtʃɪ
documentalmente	dˌokumˌeɪŋtaʊmˈeɪŋtʃɪ	dˌokumˌeɪŋtaʊmˈeɪŋtʃɪ
documente	dˌokumˈeɪŋtʃɪ	dˌokumˈeɪŋtʃɪ
dogmaticamente	dˌoɡmatʃˌikɐmˈeɪŋtʃɪ	dˌoɡmatʃikɐmˈeɪŋtʃɪ
doidamente	dˌoɪdɐmˈeɪŋtʃɪ	doɪdɐmˈeɪŋtʃɪ
dolorosamente	dˌoloɾˌozɐmˈeɪŋtʃɪ	dˌoloɾɔzɐmˈeɪŋtʃɪ
dormente	dˌoɾmˈeɪŋtʃɪ	dˌoɾmˈeɪŋtʃɪ
dramaticamente	dɾˌɐmatʃˌikɐmˈeɪŋtʃɪ	dɾˌɐmatʃikɐmˈeɪŋtʃɪ
drasticamente	dɾˌastʃikɐmˈeɪŋtʃɪ	dɾˌastʃikɐmˈeɪŋtʃɪ
dualmente	dˌuaʊmˈeɪŋtʃɪ	dˌuaʊmˈeɪŋtʃɪ
dubiamente	dˌubiɐmˈeɪŋtʃɪ	dˌubiɐmˈeɪŋtʃɪ
duplamente	dˌuplɐmˈeɪŋtʃɪ	duplɐmˈeɪŋtʃɪ
duplicadamente	dˌuplikˌadɐmˈeɪŋtʃɪ	dˌuplikadɐmˈeɪŋtʃɪ
duramente	dˌuɾɐmˈeɪŋtʃɪ	duɾɐmˈeɪŋtʃɪ
duvidosamente	dˌuvidˌozɐmˈeɪŋtʃɪ	dˌuvidɔzɐmˈeɪŋtʃɪ
ecologicamente	ˌekolˌoʒikɐmˈeɪŋtʃɪ	ˌekolˌoʒikɐmˈeɪŋtʃɪ
economicamente	ˌekonˌomikɐmˈeɪŋtʃɪ	ˌekonˌomikɐmˈeɪŋtʃɪ
ecumenicamente	ˌekumˌenikɐmˈeɪŋtʃɪ	ˌekumˌenikɐmˈeɪŋtʃɪ
educadamente	ˌedukˌadɐmˈeɪŋtʃɪ	ˌedukadɐmˈeɪŋtʃɪ
efetivamente	ˌefetʃˌivɐmˈeɪŋtʃɪ	ˌefetʃivɐmˈeɪŋtʃɪ
eficazmente	ˌefikazmˈeɪŋtʃɪ	ˌefikasmˈeɪŋtʃɪ
eficientemente	ˌefisˌieɪŋtemˈeɪŋtʃɪ	ˌefisˌieɪŋtʃɪmˈeɪŋtʃɪ
efusivamente	ˌefuzˌivɐmˈeɪŋtʃɪ	ˌefuzivɐmˈeɪŋtʃɪ
elaboradamente	ˌelabˌoɾadɐmˈeɪŋtʃɪ	ˌelabˌoɾadɐmˈeɪŋtʃɪ
elasticamente	ˌelastʃˌikɐmˈeɪŋtʃɪ	ˌelastʃikɐmˈeɪŋtʃɪ
elegantemente	ˌeleɡˌɐ̃ŋtemˈeɪŋtʃɪ	ˌeleɡɐ̃ŋtʃɪmˈeɪŋtʃɪ
eleitoralmente	ˌeleɪtˌoɾaʊmˈeɪŋtʃɪ	ˌeleɪtˌoɾaʊmˈeɪŋtʃɪ
eletricamente	ˌeletɾˌikɐmˈeɪŋtʃɪ	ˌeletɾikɐmˈeɪŋtʃɪ
eletronicamente	ˌeletɾˌonikɐmˈeɪŋtʃɪ	ˌeletɾˌonikɐmˈeɪŋtʃɪ
elogiosamente	ˌeloʒˌiozɐmˈeɪŋtʃɪ	ˌeloʒˌiɔzɐmˈeɪŋtʃɪ
eloquentemente	ˌelokwˌeɪŋtemˈeɪŋtʃɪ	ˌelokweɪŋtʃɪmˈeɪŋtʃɪ
eloqüentemente	ˌelokwˌeɪŋtemˈeɪŋtʃɪ	ˌelokweɪŋtʃɪmˈeɪŋtʃɪ
embaraçosamente	ˌeɪmbaɾˌasozɐmˈeɪŋtʃɪ	ˌeɪmbaɾˌasɔzɐmˈeɪŋtʃɪ
embaralhadamente	ˌeɪmbaɾˌaʎadɐmˈeɪŋtʃɪ	ˌeɪmbaɾˌaʎadɐmˈeɪŋtʃɪ
embarriladamente	ˌeɪmbaxˌiladɐmˈeɪŋtʃɪ	ˌeɪmbaxˌiladɐmˈeɪŋtʃɪ
embasbacadamente	ˌeɪmbazbˌakadɐmˈeɪŋtʃɪ	ˌeɪmbazbˌakadɐmˈeɪŋtʃɪ
emblematicamente	ˌeɪmblemˌatʃikɐmˈeɪŋtʃɪ	ˌeɪmblemˌatʃikɐmˈeɪŋtʃɪ
embriologicamente	ˌeɪmbɾiˌoloʒˌikɐmˈeɪŋtʃɪ	ˌeɪmbɾiˌoloʒikɐmˈeɪŋtʃɪ
embrionariamente	ˌeɪmbɾɪˌonaɾˌiɐmˈeɪŋtʃɪ	ˌeɪmbɾɪˌonaɾiɐmˈeɪŋtʃɪ
emente	ˌemˈeɪŋtʃɪ	ˌemˈeɪŋtʃɪ
eminentemente	ˌeminˌeɪŋtemˈeɪŋtʃɪ	ˌemineɪŋtʃɪmˈeɪŋtʃɪ
emocionalmente	ˌemosˌɪonaʊmˈeɪŋtʃɪ	ˌemosˌɪonaʊmˈeɪŋtʃɪ
empaticamente	ˌeɪmpatʃˌikɐmˈeɪŋtʃɪ	ˌeɪmpatʃikɐmˈeɪŋtʃɪ
empenhadamente	ˌeɪmpeɲˌadɐmˈeɪŋtʃɪ	ˌeɪmpeɲadɐmˈeɪŋtʃɪ
emperradamente	ˌeɪmpexˌadɐmˈeɪŋtʃɪ	ˌeɪmpexadɐmˈeɪŋtʃɪ
empiricamente	ˌeɪmpiɾˌikɐmˈeɪŋtʃɪ	ˌeɪmpiɾikɐmˈeɪŋtʃɪ
encapotadamente	ˌeɪŋkapˌotadɐmˈeɪŋtʃɪ	ˌeɪŋkapˌotadɐmˈeɪŋtʃɪ
encarecidamente	ˌeɪŋkaɾˌesidɐmˈeɪŋtʃɪ	ˌeɪŋkaɾˌesidɐmˈeɪŋtʃɪ
encarniçadamente	ˌeɪŋkaɾnˌisadɐmˈeɪŋtʃɪ	ˌeɪŋkaɾnˌisadɐmˈeɪŋtʃɪ
encobertamente	ˌeɪŋkobˌeɾtɐmˈeɪŋtʃɪ	ˌeɪŋkobɛɾtɐmˈeɪŋtʃɪ
endiabradamente	ˌeɪŋdʒiˌabɾadɐmˈeɪŋtʃɪ	ˌeɪŋdʒiˌabɾadɐmˈeɪŋtʃɪ
energicamente	ˌeneɾʒˌikɐmˈeɪŋtʃɪ	ˌeneɾʒikɐmˈeɪŋtʃɪ
enfadonhamente	ˌeɪŋfadˌoɲɐmˈeɪŋtʃɪ	ˌeɪŋfadoɲɐmˈeɪŋtʃɪ
enfaticamente	ˌeɪŋfatʃˌikɐmˈeɪŋtʃɪ	ˌeɪŋfatʃikɐmˈeɪŋtʃɪ
engenhosamente	ˌeɪŋʒeɲˌozɐmˈeɪŋtʃɪ	ˌeɪŋʒeɲɔzɐmˈeɪŋtʃɪ
enigmaticamente	ˌeniɡmˌatʃikɐmˈeɪŋtʃɪ	ˌeniɡmˌatʃikɐmˈeɪŋtʃɪ
enormemente	ˌenoɾmemˈeɪŋtʃɪ	ˌenɔɾmɪmˈeɪŋtʃɪ
ensonadamente	ˌeɪŋsonˌadɐmˈeɪŋtʃɪ	ˌeɪŋsonadɐmˈeɪŋtʃɪ
enternecidamente	ˌeɪŋteɾnˌesidɐmˈeɪŋtʃɪ	ˌeɪŋteɾnˌesidɐmˈeɪŋtʃɪ
entranhadamente	ˌeɪŋtɾɐ̃ɲˌadɐmˈeɪŋtʃɪ	ˌeɪŋtɾɐ̃ɲadɐmˈeɪŋtʃɪ
entristecedoramente	ˌeɪŋtɾistˌesedˌoɾɐmˈeɪŋtʃɪ	ˌeɪŋtɾistˌesedoɾɐmˈeɪŋtʃɪ
entusiasticamente	ˌeɪŋtuzˌiastʃˌikɐmˈeɪŋtʃɪ	ˌeɪŋtuzˌiastʃikɐmˈeɪŋtʃɪ
envaidecidamente	ˌeɪŋvaɪdˌesidɐmˈeɪŋtʃɪ	ˌeɪŋvaɪdˌesidɐmˈeɪŋtʃɪ
epicamente	ˌepikɐmˈeɪŋtʃɪ	ˌepikɐmˈeɪŋtʃɪ
episodicamente	ˌepizˌodʒikɐmˈeɪŋtʃɪ	ˌepizˌodʒikɐmˈeɪŋtʃɪ
equacionalmente	ˌekwasˌɪonaʊmˈeɪŋtʃɪ	ˌekwasˌɪonaʊmˈeɪŋtʃɪ
equilateralmente	ˌekilˌateɾaʊmˈeɪŋtʃɪ	ˌekilˌateɾaʊmˈeɪŋtʃɪ
equilibradamente	ˌekilˌibɾadɐmˈeɪŋtʃɪ	ˌekilˌibɾadɐmˈeɪŋtʃɪ
equitativamente	ˌekitˌatʃivɐmˈeɪŋtʃɪ	ˌekitˌatʃivɐmˈeɪŋtʃɪ
equivalentemente	ˌekivˌaleɪŋtemˈeɪŋtʃɪ	ˌekivˌaleɪŋtʃɪmˈeɪŋtʃɪ
equivocadamente	ˌekivˌokadɐmˈeɪŋtʃɪ	ˌekivˌokadɐmˈeɪŋtʃɪ
erradamente	ˌexadɐmˈeɪŋtʃɪ	ˌexadɐmˈeɪŋtʃɪ
erroneamente	ˌexonˌeɐmˈeɪŋtʃɪ	ˌexoneɐmˈeɪŋtʃɪ
esbeltamente	ˌezbɛʊtɐmˈeɪŋtʃɪ	ˌezbɛʊtɐmˈeɪŋtʃɪ
escabrosamente	ˌeskabɾˌozɐmˈeɪŋtʃɪ	ˌeskabɾɔzɐmˈeɪŋtʃɪ
escandalosamente	ˌeskɐ̃ŋdˌalozɐmˈeɪŋtʃɪ	ˌeskɐ̃ŋdˌalɔzɐmˈeɪŋtʃɪ
escanzeladamente	ˌeskɐ̃ŋzˌeladɐmˈeɪŋtʃɪ	ˌeskɐ̃ŋzˌeladɐmˈeɪŋtʃɪ
escarmente	ˌeskaɾmˈeɪŋtʃɪ	ˌeskaɾmˈeɪŋtʃɪ
escassamente	ˌeskasɐmˈeɪŋtʃɪ	ˌeskasɐmˈeɪŋtʃɪ
escrupulosamente	ˌeskɾupˌulozɐmˈeɪŋtʃɪ	ˌeskɾupˌulɔzɐmˈeɪŋtʃɪ
esculturalmente	ˌeskuwtˌuɾaʊmˈeɪŋtʃɪ	ˌeskuwtˌuɾaʊmˈeɪŋtʃɪ
esforçadamente	ˌesfoɾsˌadɐmˈeɪŋtʃɪ	ˌesfoɾsadɐmˈeɪŋtʃɪ
esmagadoramente	ˌezmaɡˌadoɾɐmˈeɪŋtʃɪ	ˌezmaɡˌadoɾɐmˈeɪŋtʃɪ
esmagadormente	ˌezmaɡˌadoɾmˈeɪŋtʃɪ	ˌezmaɡˌadoɾmˈeɪŋtʃɪ
espaçadamente	ˌespasˌadɐmˈeɪŋtʃɪ	ˌespasadɐmˈeɪŋtʃɪ
espalhafatosamente	ˌespaʎˌafatˌozɐmˈeɪŋtʃɪ	ˌespaʎˌafatɔzɐmˈeɪŋtʃɪ
espantosamente	ˌespɐ̃ŋtˌozɐmˈeɪŋtʃɪ	ˌespɐ̃ŋtɔzɐmˈeɪŋtʃɪ
esparsamente	ˌespaɾsɐmˈeɪŋtʃɪ	ˌespaɾsɐmˈeɪŋtʃɪ
especialmente	ˌespesˌiaʊmˈeɪŋtʃɪ	ˌespesˌiaʊmˈeɪŋtʃɪ
especificamente	ˌespesˌifikɐmˈeɪŋtʃɪ	ˌespesˌifikɐmˈeɪŋtʃɪ
especuladamente	ˌespekˌuladɐmˈeɪŋtʃɪ	ˌespekˌuladɐmˈeɪŋtʃɪ
esperançosamente	ˌespeɾˌɐ̃ŋsozɐmˈeɪŋtʃɪ	ˌespeɾˌɐ̃ŋsɔzɐmˈeɪŋtʃɪ
espessamente	ˌespesɐmˈeɪŋtʃɪ	ˌespesɐmˈeɪŋtʃɪ
espetacularmente	ˌespetˌakulaɾmˈeɪŋtʃɪ	ˌespetˌakulaɾmˈeɪŋtʃɪ
espevitadamente	ˌespevˌitadɐmˈeɪŋtʃɪ	ˌespevˌitadɐmˈeɪŋtʃɪ
espiritualmente	ˌespiɾˌituaʊmˈeɪŋtʃɪ	ˌespiɾˌituaʊmˈeɪŋtʃɪ
espirituosamente	ˌespiɾˌitwozɐmˈeɪŋtʃɪ	ˌespiɾˌitwɔzɐmˈeɪŋtʃɪ
esplendidamente	ˌespleɪŋdʒˌidɐmˈeɪŋtʃɪ	ˌespleɪŋdʒidɐmˈeɪŋtʃɪ
espontaneamente	ˌespoŋtˌɐneɐmˈeɪŋtʃɪ	ˌespoŋtˌɐneɐmˈeɪŋtʃɪ
esporadicamente	ˌespoɾˌadʒikɐmˈeɪŋtʃɪ	ˌespoɾˌadʒikɐmˈeɪŋtʃɪ
esquematicamente	ˌeskemˌatʃikɐmˈeɪŋtʃɪ	ˌeskemˌatʃikɐmˈeɪŋtʃɪ
essencialmente	ˌeseɪŋsˌiaʊmˈeɪŋtʃɪ	ˌeseɪŋsˌiaʊmˈeɪŋtʃɪ
estatalmente	ˌestataʊmˈeɪŋtʃɪ	ˌestataʊmˈeɪŋtʃɪ
estateladamente	ˌestatˌeladɐmˈeɪŋtʃɪ	ˌestatˌeladɐmˈeɪŋtʃɪ
estaticamente	ˌestatʃˌikɐmˈeɪŋtʃɪ	ˌestatʃikɐmˈeɪŋtʃɪ
estatisticamente	ˌestatʃˌistʃikɐmˈeɪŋtʃɪ	ˌestatʃˌistʃikɐmˈeɪŋtʃɪ
estatutariamente	ˌestatˌutaɾˌiɐmˈeɪŋtʃɪ	ˌestatˌutaɾiɐmˈeɪŋtʃɪ
estavelmente	ˌestavɛʊmˈeɪŋtʃɪ	ˌestavɛʊmˈeɪŋtʃɪ
esteticamente	ˌestetʃˌikɐmˈeɪŋtʃɪ	ˌestetʃikɐmˈeɪŋtʃɪ
estocasticamente	ˌestokˌastʃikɐmˈeɪŋtʃɪ	ˌestokˌastʃikɐmˈeɪŋtʃɪ
estoicamente	ˌestoɪkɐmˈeɪŋtʃɪ	ˌestɔɪkɐmˈeɪŋtʃɪ
estonteadamente	ˌestoŋtˌeadɐmˈeɪŋtʃɪ	ˌestoŋtˌeadɐmˈeɪŋtʃɪ
estranhamente	ˌestɾɐ̃ɲɐmˈeɪŋtʃɪ	ˌestɾɐ̃ɲɐmˈeɪŋtʃɪ
estrategicamente	ˌestɾatˌeʒikɐmˈeɪŋtʃɪ	ˌestɾatˌeʒikɐmˈeɪŋtʃɪ
estreitamente	ˌestɾeɪtɐmˈeɪŋtʃɪ	ˌestɾeɪtɐmˈeɪŋtʃɪ
estrepitosamente	ˌestɾepˌitozɐmˈeɪŋtʃɪ	ˌestɾepˌitɔzɐmˈeɪŋtʃɪ
estritamente	ˌestɾitɐmˈeɪŋtʃɪ	ˌestɾitɐmˈeɪŋtʃɪ
estrondosamente	ˌestɾoŋdˌozɐmˈeɪŋtʃɪ	ˌestɾoŋdɔzɐmˈeɪŋtʃɪ
estruturalmente	ˌestɾutˌuɾaʊmˈeɪŋtʃɪ	ˌestɾutˌuɾaʊmˈeɪŋtʃɪ
estupendamente	ˌestupˌeɪŋdɐmˈeɪŋtʃɪ	ˌestupeɪŋdɐmˈeɪŋtʃɪ
estupidamente	ˌestupˌidɐmˈeɪŋtʃɪ	ˌestupidɐmˈeɪŋtʃɪ
eternamente	ˌeteɾnɐmˈeɪŋtʃɪ	ˌetɛɾnɐmˈeɪŋtʃɪ
eticamente	ˌetʃikɐmˈeɪŋtʃɪ	ˌetʃikɐmˈeɪŋtʃɪ
etimologicamente	ˌetʃimˌoloʒˌikɐmˈeɪŋtʃɪ	ˌetʃimˌoloʒikɐmˈeɪŋtʃɪ
etnicamente	ˌetnikɐmˈeɪŋtʃɪ	ˌetnikɐmˈeɪŋtʃɪ
etnologicamente	ˌetnolˌoʒikɐmˈeɪŋtʃɪ	ˌetnolˌoʒikɐmˈeɪŋtʃɪ
evasivamente	ˌevazˌivɐmˈeɪŋtʃɪ	ˌevazivɐmˈeɪŋtʃɪ
eventualmente	ˌeveɪŋtˌuaʊmˈeɪŋtʃɪ	ˌeveɪŋtˌuaʊmˈeɪŋtʃɪ
evidentemente	ˌevidˌeɪŋtemˈeɪŋtʃɪ	ˌevideɪŋtʃɪmˈeɪŋtʃɪ
exageradamente	ˌezaʒˌeɾadɐmˈeɪŋtʃɪ	ˌezaʒˌeɾadɐmˈeɪŋtʃɪ
exatamente	ˌezatɐmˈeɪŋtʃɪ	ˌezatɐmˈeɪŋtʃɪ
exaustivamente	ˌezaʊstʃˌivɐmˈeɪŋtʃɪ	ˌezaʊstʃivɐmˈeɪŋtʃɪ
excecionalmente	ˌesesˌɪonaʊmˈeɪŋtʃɪ	ˌesesˌɪonaʊmˈeɪŋtʃɪ
excelentemente	ˌeselˌeɪŋtemˈeɪŋtʃɪ	ˌeseleɪŋtʃɪmˈeɪŋtʃɪ
excepcionalmente	ˌesepsˌɪonaʊmˈeɪŋtʃɪ	ˌesepsˌɪonaʊmˈeɪŋtʃɪ
excessivamente	ˌesesˌivɐmˈeɪŋtʃɪ	ˌesesivɐmˈeɪŋtʃɪ
exclusivamente	ˌeskluzˌivɐmˈeɪŋtʃɪ	ˌeskluzivɐmˈeɪŋtʃɪ
exemplarmente	ˌezeɪmplaɾmˈeɪŋtʃɪ	ˌezeɪmplaɾmˈeɪŋtʃɪ
exemplificativamente	ˌezeɪmplˌifikˌatʃivɐmˈeɪŋtʃɪ	ˌezeɪmplˌifikˌatʃivɐmˈeɪŋtʃɪ
exequivelmente	ˌezekwˌivɛʊmˈeɪŋtʃɪ	ˌezekwˌivɛʊmˈeɪŋtʃɪ
existencialmente	ˌezistˌeɪŋsiaʊmˈeɪŋtʃɪ	ˌezistˌeɪŋsiaʊmˈeɪŋtʃɪ
exoticamente	ˌezotʃˌikɐmˈeɪŋtʃɪ	ˌezotʃikɐmˈeɪŋtʃɪ
expeditamente	ˌespedʒˌitɐmˈeɪŋtʃɪ	ˌespedʒitɐmˈeɪŋtʃɪ
experimentalmente	ˌespeɾˌimeɪŋtaʊmˈeɪŋtʃɪ	ˌespeɾˌimeɪŋtaʊmˈeɪŋtʃɪ
experimente	ˌespeɾimˈeɪŋtʃɪ	ˌespeɾimˈeɪŋtʃɪ
explicitamente	ˌesplisˌitɐmˈeɪŋtʃɪ	ˌesplisitɐmˈeɪŋtʃɪ
exponencialmente	ˌesponˌeɪŋsiaʊmˈeɪŋtʃɪ	ˌesponˌeɪŋsiaʊmˈeɪŋtʃɪ
expressamente	ˌespɾesɐmˈeɪŋtʃɪ	ˌespɾɛsɐmˈeɪŋtʃɪ
expressivamente	ˌespɾesˌivɐmˈeɪŋtʃɪ	ˌespɾesivɐmˈeɪŋtʃɪ
extemporaneamente	ˌesteɪmpˌoɾɐnˌeɐmˈeɪŋtʃɪ	ˌesteɪmpˌoɾɐneɐmˈeɪŋtʃɪ
extensamente	ˌesteɪŋsɐmˈeɪŋtʃɪ	ˌesteɪŋsɐmˈeɪŋtʃɪ
extensivamente	ˌesteɪŋsˌivɐmˈeɪŋtʃɪ	ˌesteɪŋsivɐmˈeɪŋtʃɪ
extenuadamente	ˌestenˌuadɐmˈeɪŋtʃɪ	ˌestenˌuadɐmˈeɪŋtʃɪ
exteriormente	ˌesteɾˌioɾmˈeɪŋtʃɪ	ˌesteɾˌioɾmˈeɪŋtʃɪ
externamente	ˌesteɾnɐmˈeɪŋtʃɪ	ˌestɛɾnɐmˈeɪŋtʃɪ
extrajudicialmente	ˌestɾaʒˌudʒisˌiaʊmˈeɪŋtʃɪ	ˌestɾaʒˌudʒisˌiaʊmˈeɪŋtʃɪ
extraordinariamente	ˌestɾaˌoɾdʒinˌaɾiɐmˈeɪŋtʃɪ	ˌestɾaˌoɾdʒinˌaɾiɐmˈeɪŋtʃɪ
extravagantemente	ˌestɾavˌaɡɐ̃ŋtemˈeɪŋtʃɪ	ˌestɾavˌaɡɐ̃ŋtʃɪmˈeɪŋtʃɪ
extremamente	ˌestɾemɐmˈeɪŋtʃɪ	ˌestɾemɐmˈeɪŋtʃɪ
extremosamente	ˌestɾemˌozɐmˈeɪŋtʃɪ	ˌestɾemɔzɐmˈeɪŋtʃɪ
extrudidamente	ˌestɾudʒˌidɐmˈeɪŋtʃɪ	ˌestɾudʒidɐmˈeɪŋtʃɪ
exuberantemente	ˌezubˌeɾɐ̃ŋtemˈeɪŋtʃɪ	ˌezubˌeɾɐ̃ŋtʃɪmˈeɪŋtʃɪ
fabulosamente	fˌabulˌozɐmˈeɪŋtʃɪ	fˌabulɔzɐmˈeɪŋtʃɪ
facilmente	fˌasiʊmˈeɪŋtʃɪ	fˌasiʊmˈeɪŋtʃɪ
falaciosamente	fˌalasˌiozɐmˈeɪŋtʃɪ	fˌalasˌiɔzɐmˈeɪŋtʃɪ
falsamente	fˌaʊsɐmˈeɪŋtʃɪ	faʊsɐmˈeɪŋtʃɪ
familiarmente	fˌɐmilˌiaɾmˈeɪŋtʃɪ	fˌɐmilˌiaɾmˈeɪŋtʃɪ
fanaticamente	fˌɐnatʃˌikɐmˈeɪŋtʃɪ	fˌɐnatʃikɐmˈeɪŋtʃɪ
fantasticamente	fˌɐ̃ŋtastʃˌikɐmˈeɪŋtʃɪ	fˌɐ̃ŋtastʃikɐmˈeɪŋtʃɪ
fartamente	fˌaɾtɐmˈeɪŋtʃɪ	faɾtɐmˈeɪŋtʃɪ
fatalmente	fˌataʊmˈeɪŋtʃɪ	fˌataʊmˈeɪŋtʃɪ
fatigadamente	fˌatʃiɡˌadɐmˈeɪŋtʃɪ	fˌatʃiɡadɐmˈeɪŋtʃɪ
faustosamente	fˌaʊstozɐmˈeɪŋtʃɪ	fˌaʊstɔzɐmˈeɪŋtʃɪ
favoravelmente	fˌavoɾˌavɛʊmˈeɪŋtʃɪ	fˌavoɾˌavɛʊmˈeɪŋtʃɪ
febrilmente	fˌebɾiʊmˈeɪŋtʃɪ	fˌebɾiʊmˈeɪŋtʃɪ
feiamente	fˌeɪɐmˈeɪŋtʃɪ	feɪɐmˈeɪŋtʃɪ
felizmente	fˌelizmˈeɪŋtʃɪ	fˌelismˈeɪŋtʃɪ
fermente	fˌeɾmˈeɪŋtʃɪ	fˌeɾmˈeɪŋtʃɪ
ferozmente	fˌeɾozmˈeɪŋtʃɪ	fˌeɾɔsmˈeɪŋtʃɪ
fervorosamente	fˌeɾvoɾˌozɐmˈeɪŋtʃɪ	fˌeɾvoɾɔzɐmˈeɪŋtʃɪ
festivamente	fˌestʃivɐmˈeɪŋtʃɪ	fˌestʃivɐmˈeɪŋtʃɪ
ficticiamente	fˌiktʃisˌiɐmˈeɪŋtʃɪ	fˌiktʃisiɐmˈeɪŋtʃɪ
fielmente	fˌiɛʊmˈeɪŋtʃɪ	fˌiɛʊmˈeɪŋtʃɪ
figuradamente	fˌiɡuɾˌadɐmˈeɪŋtʃɪ	fˌiɡuɾadɐmˈeɪŋtʃɪ
filosoficamente	fˌilozˌofikɐmˈeɪŋtʃɪ	fˌilozˌofikɐmˈeɪŋtʃɪ
finalmente	fˌinaʊmˈeɪŋtʃɪ	fˌinaʊmˈeɪŋtʃɪ
finamente	fˌinɐmˈeɪŋtʃɪ	finɐmˈeɪŋtʃɪ
financeiramente	fˌinɐ̃ŋsˌeɪɾɐmˈeɪŋtʃɪ	fˌinɐ̃ŋseɪɾɐmˈeɪŋtʃɪ
fingidamente	fˌiŋʒidɐmˈeɪŋtʃɪ	fˌiŋʒidɐmˈeɪŋtʃɪ
finitamente	fˌinitɐmˈeɪŋtʃɪ	fˌinitɐmˈeɪŋtʃɪ
firmemente	fˌiɾmemˈeɪŋtʃɪ	fiɾmɪmˈeɪŋtʃɪ
fiscalmente	fˌiskaʊmˈeɪŋtʃɪ	fˌiskaʊmˈeɪŋtʃɪ
fisicamente	fˌizikɐmˈeɪŋtʃɪ	fˌizikɐmˈeɪŋtʃɪ
fisiologicamente	fˌiziˌoloʒˌikɐmˈeɪŋtʃɪ	fˌiziˌoloʒikɐmˈeɪŋtʃɪ
fixamente	fˌiksɐmˈeɪŋtʃɪ	fiksɐmˈeɪŋtʃɪ
flagrantemente	flˌaɡɾɐ̃ŋtemˈeɪŋtʃɪ	flˌaɡɾɐ̃ŋtʃɪmˈeɪŋtʃɪ
fleumaticamente	flˌeʊmatʃˌikɐmˈeɪŋtʃɪ	flˌeʊmatʃikɐmˈeɪŋtʃɪ
flexivelmente	flˌeksivɛʊmˈeɪŋtʃɪ	flˌeksivɛʊmˈeɪŋtʃɪ
fluentemente	flˌueɪŋtemˈeɪŋtʃɪ	flˌueɪŋtʃɪmˈeɪŋtʃɪ
fogosamente	fˌoɡozɐmˈeɪŋtʃɪ	fˌoɡɔzɐmˈeɪŋtʃɪ
folgadamente	fˌoʊɡadɐmˈeɪŋtʃɪ	fˌoʊɡadɐmˈeɪŋtʃɪ
fomente	fˌomˈeɪŋtʃɪ	fˌomˈeɪŋtʃɪ
foneticamente	fˌonetʃˌikɐmˈeɪŋtʃɪ	fˌonetʃikɐmˈeɪŋtʃɪ
fonologicamente	fˌonolˌoʒikɐmˈeɪŋtʃɪ	fˌonolˌoʒikɐmˈeɪŋtʃɪ
forçadamente	fˌoɾsadɐmˈeɪŋtʃɪ	fˌoɾsadɐmˈeɪŋtʃɪ
forçosamente	fˌoɾsozɐmˈeɪŋtʃɪ	fˌoɾsɔzɐmˈeɪŋtʃɪ
formalmente	fˌoɾmaʊmˈeɪŋtʃɪ	fˌoɾmaʊmˈeɪŋtʃɪ
formidavelmente	fˌoɾmidˌavɛʊmˈeɪŋtʃɪ	fˌoɾmidˌavɛʊmˈeɪŋtʃɪ
fortemente	fˌoɾtemˈeɪŋtʃɪ	fɔɾtʃɪmˈeɪŋtʃɪ
fortuitamente	fˌoɾtuɪtɐmˈeɪŋtʃɪ	fˌoɾtuɪtɐmˈeɪŋtʃɪ
fracamente	fɾˌakɐmˈeɪŋtʃɪ	fɾakɐmˈeɪŋtʃɪ
fragmente	fɾˌaɡmˈeɪŋtʃɪ	fɾˌaɡmˈeɪŋtʃɪ
francamente	fɾˌɐ̃ŋkɐmˈeɪŋtʃɪ	fɾɐ̃ŋkɐmˈeɪŋtʃɪ
fraternalmente	fɾˌateɾnaʊmˈeɪŋtʃɪ	fɾˌateɾnaʊmˈeɪŋtʃɪ
fraudulentamente	fɾˌaʊdulˌeɪŋtɐmˈeɪŋtʃɪ	fɾˌaʊduleɪŋtɐmˈeɪŋtʃɪ
fremente	fɾˌemˈeɪŋtʃɪ	fɾˌemˈeɪŋtʃɪ
freneticamente	fɾˌenetʃˌikɐmˈeɪŋtʃɪ	fɾˌenetʃikɐmˈeɪŋtʃɪ
frequentemente	fɾˌekweɪŋtemˈeɪŋtʃɪ	fɾˌekweɪŋtʃɪmˈeɪŋtʃɪ
freqüentemente	fɾˌekweɪŋtemˈeɪŋtʃɪ	fɾˌekweɪŋtʃɪmˈeɪŋtʃɪ
friamente	fɾˌiɐmˈeɪŋtʃɪ	fɾiɐmˈeɪŋtʃɪ
frigidamente	fɾˌiʒidɐmˈeɪŋtʃɪ	fɾˌiʒidɐmˈeɪŋtʃɪ
frivolamente	fɾˌivolɐmˈeɪŋtʃɪ	fɾˌivɔlɐmˈeɪŋtʃɪ
froixamente	fɾˌoɪksɐmˈeɪŋtʃɪ	fɾoɪksɐmˈeɪŋtʃɪ
frontalmente	fɾˌoŋtaʊmˈeɪŋtʃɪ	fɾˌoŋtaʊmˈeɪŋtʃɪ
frouxamente	fɾˌoʊʃɐmˈeɪŋtʃɪ	fɾoʊʃɐmˈeɪŋtʃɪ
fugazmente	fˌuɡazmˈeɪŋtʃɪ	fˌuɡasmˈeɪŋtʃɪ
fulgurantemente	fˌuwɡuɾˌɐ̃ŋtemˈeɪŋtʃɪ	fˌuwɡuɾɐ̃ŋtʃɪmˈeɪŋtʃɪ
funcionalmente	fˌũŋsɪˌonaʊmˈeɪŋtʃɪ	fˌũŋsɪˌonaʊmˈeɪŋtʃɪ
fundamentadamente	fˌũŋdɐmˌeɪŋtadɐmˈeɪŋtʃɪ	fˌũŋdɐmˌeɪŋtadɐmˈeɪŋtʃɪ
fundamentalmente	fˌũŋdɐmˌeɪŋtaʊmˈeɪŋtʃɪ	fˌũŋdɐmˌeɪŋtaʊmˈeɪŋtʃɪ
fundamente	fˌũŋdɐmˈeɪŋtʃɪ	fũŋdɐmˈeɪŋtʃɪ
furiosamente	fˌuɾiˌozɐmˈeɪŋtʃɪ	fˌuɾiɔzɐmˈeɪŋtʃɪ
furtivamente	fˌuɾtʃivɐmˈeɪŋtʃɪ	fˌuɾtʃivɐmˈeɪŋtʃɪ
futuramente	fˌutuɾɐmˈeɪŋtʃɪ	fˌutuɾɐmˈeɪŋtʃɪ
galantemente	ɡˌalɐ̃ŋtemˈeɪŋtʃɪ	ɡˌalɐ̃ŋtʃɪmˈeɪŋtʃɪ
galhardamente	ɡˌaʎaɾdɐmˈeɪŋtʃɪ	ɡˌaʎaɾdɐmˈeɪŋtʃɪ
garantidamente	ɡˌaɾɐ̃ŋtʃˌidɐmˈeɪŋtʃɪ	ɡˌaɾɐ̃ŋtʃidɐmˈeɪŋtʃɪ
gemente	ʒˌemˈeɪŋtʃɪ	ʒˌemˈeɪŋtʃɪ
generalizadamente	ʒˌeneɾˌalizˌadɐmˈeɪŋtʃɪ	ʒˌeneɾˌalizadɐmˈeɪŋtʃɪ
genericamente	ʒˌeneɾˌikɐmˈeɪŋtʃɪ	ʒˌeneɾikɐmˈeɪŋtʃɪ
generosamente	ʒˌeneɾˌozɐmˈeɪŋtʃɪ	ʒˌeneɾɔzɐmˈeɪŋtʃɪ
geneticamente	ʒˌenetʃˌikɐmˈeɪŋtʃɪ	ʒˌenetʃikɐmˈeɪŋtʃɪ
gentilmente	ʒˌeɪŋtʃiʊmˈeɪŋtʃɪ	ʒˌeɪŋtʃiʊmˈeɪŋtʃɪ
genuinamente	ʒˌenuɪnɐmˈeɪŋtʃɪ	ʒˌenuɪnɐmˈeɪŋtʃɪ
geograficamente	ʒˌeoɡɾˌafikɐmˈeɪŋtʃɪ	ʒˌeoɡɾˌafikɐmˈeɪŋtʃɪ
geologicamente	ʒˌeolˌoʒikɐmˈeɪŋtʃɪ	ʒˌeolˌoʒikɐmˈeɪŋtʃɪ
geometricamente	ʒˌeomˌetɾikɐmˈeɪŋtʃɪ	ʒˌeomˌetɾikɐmˈeɪŋtʃɪ
geralmente	ʒˌeɾaʊmˈeɪŋtʃɪ	ʒˌeɾaʊmˈeɪŋtʃɪ
globalmente	ɡlˌobaʊmˈeɪŋtʃɪ	ɡlˌobaʊmˈeɪŋtʃɪ
gloriosamente	ɡlˌoɾiˌozɐmˈeɪŋtʃɪ	ɡlˌoɾiɔzɐmˈeɪŋtʃɪ
gostosamente	ɡˌostozɐmˈeɪŋtʃɪ	ɡˌostɔzɐmˈeɪŋtʃɪ
governamentalmente	ɡˌoveɾnˌɐmeɪŋtaʊmˈeɪŋtʃɪ	ɡˌoveɾnˌɐmeɪŋtaʊmˈeɪŋtʃɪ
graciosamente	ɡɾˌasiˌozɐmˈeɪŋtʃɪ	ɡɾˌasiɔzɐmˈeɪŋtʃɪ
gradativamente	ɡɾˌadatʃˌivɐmˈeɪŋtʃɪ	ɡɾˌadatʃivɐmˈeɪŋtʃɪ
graduadamente	ɡɾˌaduˌadɐmˈeɪŋtʃɪ	ɡɾˌaduadɐmˈeɪŋtʃɪ
gradualmente	ɡɾˌaduaʊmˈeɪŋtʃɪ	ɡɾˌaduaʊmˈeɪŋtʃɪ
graficamente	ɡɾˌafikɐmˈeɪŋtʃɪ	ɡɾˌafikɐmˈeɪŋtʃɪ
gramaticalmente	ɡɾˌɐmatʃˌikaʊmˈeɪŋtʃɪ	ɡɾˌɐmatʃˌikaʊmˈeɪŋtʃɪ
grandemente	ɡɾˌɐ̃ŋdemˈeɪŋtʃɪ	ɡɾɐ̃ŋdʒɪmˈeɪŋtʃɪ
grandiosamente	ɡɾˌɐ̃ŋdʒiˌozɐmˈeɪŋtʃɪ	ɡɾˌɐ̃ŋdʒiɔzɐmˈeɪŋtʃɪ
gratamente	ɡɾˌatɐmˈeɪŋtʃɪ	ɡɾatɐmˈeɪŋtʃɪ
gratuitamente	ɡɾˌatuɪtɐmˈeɪŋtʃɪ	ɡɾˌatuɪtɐmˈeɪŋtʃɪ
gravemente	ɡɾˌavemˈeɪŋtʃɪ	ɡɾavɪmˈeɪŋtʃɪ
grosseiramente	ɡɾˌoseɪɾɐmˈeɪŋtʃɪ	ɡɾˌoseɪɾɐmˈeɪŋtʃɪ
grotescamente	ɡɾˌoteskɐmˈeɪŋtʃɪ	ɡɾˌoteskɐmˈeɪŋtʃɪ
habilidosamente	ˌabilˌidozɐmˈeɪŋtʃɪ	ˌabilˌidɔzɐmˈeɪŋtʃɪ
habilmente	ˌabiʊmˈeɪŋtʃɪ	ˌabiʊmˈeɪŋtʃɪ
habitualmente	ˌabitˌuaʊmˈeɪŋtʃɪ	ˌabitˌuaʊmˈeɪŋtʃɪ
harmonicamente	ˌaɾmonˌikɐmˈeɪŋtʃɪ	ˌaɾmonikɐmˈeɪŋtʃɪ
harmoniosamente	ˌaɾmonˌiozɐmˈeɪŋtʃɪ	ˌaɾmonˌiɔzɐmˈeɪŋtʃɪ
hereditariamente	ˌeɾedʒˌitaɾˌiɐmˈeɪŋtʃɪ	ˌeɾedʒˌitaɾiɐmˈeɪŋtʃɪ
hermeticamente	ˌeɾmetʃˌikɐmˈeɪŋtʃɪ	ˌeɾmetʃikɐmˈeɪŋtʃɪ
heroicamente	ˌeɾoɪkɐmˈeɪŋtʃɪ	ˌeɾɔɪkɐmˈeɪŋtʃɪ
hesitantemente	ˌezitˌɐ̃ŋtemˈeɪŋtʃɪ	ˌezitɐ̃ŋtʃɪmˈeɪŋtʃɪ
heuristicamente	ˌeʊɾistʃˌikɐmˈeɪŋtʃɪ	ˌeʊɾistʃikɐmˈeɪŋtʃɪ
hidraulicamente	ˌidɾaʊlˌikɐmˈeɪŋtʃɪ	ˌidɾaʊlikɐmˈeɪŋtʃɪ
hierarquicamente	ˌieɾˌaɾkikɐmˈeɪŋtʃɪ	ˌieɾˌaɾkikɐmˈeɪŋtʃɪ
hieraticamente	ˌieɾˌatʃikɐmˈeɪŋtʃɪ	ˌieɾˌatʃikɐmˈeɪŋtʃɪ
higienicamente	ˌiʒiˌenikɐmˈeɪŋtʃɪ	ˌiʒiˌenikɐmˈeɪŋtʃɪ
hiperbolicamente	ˌipeɾbˌolikɐmˈeɪŋtʃɪ	ˌipeɾbˌolikɐmˈeɪŋtʃɪ
hipocritamente	ˌipokɾˌitɐmˈeɪŋtʃɪ	ˌipokɾitɐmˈeɪŋtʃɪ
hipoteticamente	ˌipotˌetʃikɐmˈeɪŋtʃɪ	ˌipotˌetʃikɐmˈeɪŋtʃɪ
histericamente	ˌisteɾˌikɐmˈeɪŋtʃɪ	ˌisteɾikɐmˈeɪŋtʃɪ
historicamente	ˌistoɾˌikɐmˈeɪŋtʃɪ	ˌistoɾikɐmˈeɪŋtʃɪ
homogeneamente	ˌomoʒˌeneɐmˈeɪŋtʃɪ	ˌomoʒˌeneɐmˈeɪŋtʃɪ
homossexualmente	ˌomosˌeksuaʊmˈeɪŋtʃɪ	ˌomosˌeksuaʊmˈeɪŋtʃɪ
honestamente	ˌonestɐmˈeɪŋtʃɪ	ˌonɛstɐmˈeɪŋtʃɪ
honoravelmente	ˌonoɾˌavɛʊmˈeɪŋtʃɪ	ˌonoɾˌavɛʊmˈeɪŋtʃɪ
honorificamente	ˌonoɾˌifikɐmˈeɪŋtʃɪ	ˌonoɾˌifikɐmˈeɪŋtʃɪ
honradamente	ˌoŋxadɐmˈeɪŋtʃɪ	ˌoŋxadɐmˈeɪŋtʃɪ
honrosamente	ˌoŋxozɐmˈeɪŋtʃɪ	ˌoŋxɔzɐmˈeɪŋtʃɪ
horizontalmente	ˌoɾizˌoŋtaʊmˈeɪŋtʃɪ	ˌoɾizˌoŋtaʊmˈeɪŋtʃɪ
horrendamente	ˌoxeɪŋdɐmˈeɪŋtʃɪ	ˌoxeɪŋdɐmˈeɪŋtʃɪ
horrivelmente	ˌoxivɛʊmˈeɪŋtʃɪ	ˌoxivɛʊmˈeɪŋtʃɪ
hostilmente	ˌostʃiʊmˈeɪŋtʃɪ	ˌostʃiʊmˈeɪŋtʃɪ
humanamente	ˌumɐnɐmˈeɪŋtʃɪ	ˌumɐ̃nɐmˈeɪŋtʃɪ
humidamente	ˌumidɐmˈeɪŋtʃɪ	ˌumidɐmˈeɪŋtʃɪ
humildemente	ˌumiʊdemˈeɪŋtʃɪ	ˌumiʊdʒɪmˈeɪŋtʃɪ
humildosamente	ˌumiʊdˌozɐmˈeɪŋtʃɪ	ˌumiʊdɔzɐmˈeɪŋtʃɪ
humoristicamente	ˌumoɾˌistʃikɐmˈeɪŋtʃɪ	ˌumoɾˌistʃikɐmˈeɪŋtʃɪ
idealmente	ˌideaʊmˈeɪŋtʃɪ	ˌideaʊmˈeɪŋtʃɪ
identicamente	ˌideɪŋtʃˌikɐmˈeɪŋtʃɪ	ˌideɪŋtʃikɐmˈeɪŋtʃɪ
ideologicamente	ˌideˌoloʒˌikɐmˈeɪŋtʃɪ	ˌideˌoloʒikɐmˈeɪŋtʃɪ
idilicamente	ˌidʒilˌikɐmˈeɪŋtʃɪ	ˌidʒilikɐmˈeɪŋtʃɪ
idolatradamente	ˌidolˌatɾadɐmˈeɪŋtʃɪ	ˌidolˌatɾadɐmˈeɪŋtʃɪ
ignobilmente	ˌiɡnobiʊmˈeɪŋtʃɪ	ˌiɡnobiʊmˈeɪŋtʃɪ
ignorantemente	ˌiɡnoɾˌɐ̃ŋtemˈeɪŋtʃɪ	ˌiɡnoɾɐ̃ŋtʃɪmˈeɪŋtʃɪ
igualmente	ˌiɡwaʊmˈeɪŋtʃɪ	ˌiɡwaʊmˈeɪŋtʃɪ
ilegalmente	ˌileɡaʊmˈeɪŋtʃɪ	ˌileɡaʊmˈeɪŋtʃɪ
ilegitimamente	ˌileʒˌitʃimɐmˈeɪŋtʃɪ	ˌileʒˌitʃimɐmˈeɪŋtʃɪ
ilicitamente	ˌilisˌitɐmˈeɪŋtʃɪ	ˌilisitɐmˈeɪŋtʃɪ
ilimitadamente	ˌilimˌitadɐmˈeɪŋtʃɪ	ˌilimˌitadɐmˈeɪŋtʃɪ
ilusoriamente	ˌiluzˌoɾiɐmˈeɪŋtʃɪ	ˌiluzˌoɾiɐmˈeɪŋtʃɪ
imaculadamente	ˌimakˌuladɐmˈeɪŋtʃɪ	ˌimakˌuladɐmˈeɪŋtʃɪ
imaginariamente	ˌimaʒˌinaɾˌiɐmˈeɪŋtʃɪ	ˌimaʒˌinaɾiɐmˈeɪŋtʃɪ
imaterialmente	ˌimatˌeɾiaʊmˈeɪŋtʃɪ	ˌimatˌeɾiaʊmˈeɪŋtʃɪ
imbecilmente	ˌimbesiʊmˈeɪŋtʃɪ	ˌimbesiʊmˈeɪŋtʃɪ
imediatamente	ˌimedʒˌiatɐmˈeɪŋtʃɪ	ˌimedʒˌiatɐmˈeɪŋtʃɪ
imensamente	ˌimeɪŋsɐmˈeɪŋtʃɪ	ˌimeɪŋsɐmˈeɪŋtʃɪ
imerecidamente	ˌimeɾˌesidɐmˈeɪŋtʃɪ	ˌimeɾˌesidɐmˈeɪŋtʃɪ
imodestamente	ˌimodˌestɐmˈeɪŋtʃɪ	ˌimodɛstɐmˈeɪŋtʃɪ
impacientemente	ˌimpasˌieɪŋtemˈeɪŋtʃɪ	ˌimpasˌieɪŋtʃɪmˈeɪŋtʃɪ
imparcialmente	ˌimpaɾsˌiaʊmˈeɪŋtʃɪ	ˌimpaɾsˌiaʊmˈeɪŋtʃɪ
impassivamente	ˌimpasˌivɐmˈeɪŋtʃɪ	ˌimpasivɐmˈeɪŋtʃɪ
impassivelmente	ˌimpasˌivɛʊmˈeɪŋtʃɪ	ˌimpasˌivɛʊmˈeɪŋtʃɪ
impavidamente	ˌimpavˌidɐmˈeɪŋtʃɪ	ˌimpavidɐmˈeɪŋtʃɪ
impecavelmente	ˌimpekˌavɛʊmˈeɪŋtʃɪ	ˌimpekˌavɛʊmˈeɪŋtʃɪ
impenetravelmente	ˌimpenˌetɾavɛʊmˈeɪŋtʃɪ	ˌimpenˌetɾavɛʊmˈeɪŋtʃɪ
impenitentemente	ˌimpenˌiteɪŋtemˈeɪŋtʃɪ	ˌimpenˌiteɪŋtʃɪmˈeɪŋtʃɪ
impensadamente	ˌimpeɪŋsˌadɐmˈeɪŋtʃɪ	ˌimpeɪŋsadɐmˈeɪŋtʃɪ
imperativamente	ˌimpeɾˌatʃivɐmˈeɪŋtʃɪ	ˌimpeɾˌatʃivɐmˈeɪŋtʃɪ
imperceptivelmente	ˌimpeɾsˌeptʃivɛʊmˈeɪŋtʃɪ	ˌimpeɾsˌeptʃivɛʊmˈeɪŋtʃɪ
impercetivelmente	ˌimpeɾsˌetʃivɛʊmˈeɪŋtʃɪ	ˌimpeɾsˌetʃivɛʊmˈeɪŋtʃɪ
imperdoavelmente	ˌimpeɾdˌoavɛʊmˈeɪŋtʃɪ	ˌimpeɾdˌoavɛʊmˈeɪŋtʃɪ
imperfeitamente	ˌimpeɾfˌeɪtɐmˈeɪŋtʃɪ	ˌimpeɾfeɪtɐmˈeɪŋtʃɪ
imperialmente	ˌimpeɾˌiaʊmˈeɪŋtʃɪ	ˌimpeɾˌiaʊmˈeɪŋtʃɪ
imperiosamente	ˌimpeɾˌiozɐmˈeɪŋtʃɪ	ˌimpeɾˌiɔzɐmˈeɪŋtʃɪ
impertinentemente	ˌimpeɾtʃˌineɪŋtemˈeɪŋtʃɪ	ˌimpeɾtʃˌineɪŋtʃɪmˈeɪŋtʃɪ
imperturbavelmente	ˌimpeɾtˌuɾbavɛʊmˈeɪŋtʃɪ	ˌimpeɾtˌuɾbavɛʊmˈeɪŋtʃɪ
impetuosamente	ˌimpetwˌozɐmˈeɪŋtʃɪ	ˌimpetwɔzɐmˈeɪŋtʃɪ
impiamente	ˌimpiɐmˈeɪŋtʃɪ	ˌimpiɐmˈeɪŋtʃɪ
impiedosamente	ˌimpiˌedozɐmˈeɪŋtʃɪ	ˌimpiˌedɔzɐmˈeɪŋtʃɪ
implacavelmente	ˌimplakˌavɛʊmˈeɪŋtʃɪ	ˌimplakˌavɛʊmˈeɪŋtʃɪ
implemente	ˌimplemˈeɪŋtʃɪ	implɪmˈeɪŋtʃɪ
implicitamente	ˌimplisˌitɐmˈeɪŋtʃɪ	ˌimplisitɐmˈeɪŋtʃɪ
imponderavelmente	ˌimpoŋdˌeɾavɛʊmˈeɪŋtʃɪ	ˌimpoŋdˌeɾavɛʊmˈeɪŋtʃɪ
imponentemente	ˌimponˌeɪŋtemˈeɪŋtʃɪ	ˌimponeɪŋtʃɪmˈeɪŋtʃɪ
importunamente	ˌimpoɾtˌunɐmˈeɪŋtʃɪ	ˌimpoɾtunɐmˈeɪŋtʃɪ
impotentemente	ˌimpotˌeɪŋtemˈeɪŋtʃɪ	ˌimpoteɪŋtʃɪmˈeɪŋtʃɪ
impressivamente	ˌimpɾesˌivɐmˈeɪŋtʃɪ	ˌimpɾesivɐmˈeɪŋtʃɪ
impreterivelmente	ˌimpɾetˌeɾivɛʊmˈeɪŋtʃɪ	ˌimpɾetˌeɾivɛʊmˈeɪŋtʃɪ
imprevistamente	ˌimpɾevˌistɐmˈeɪŋtʃɪ	ˌimpɾevistɐmˈeɪŋtʃɪ
improficuamente	ˌimpɾofˌikuɐmˈeɪŋtʃɪ	ˌimpɾofˌikuɐmˈeɪŋtʃɪ
impropriamente	ˌimpɾopɾˌiɐmˈeɪŋtʃɪ	ˌimpɾopɾiɐmˈeɪŋtʃɪ
imprudentemente	ˌimpɾudˌeɪŋtemˈeɪŋtʃɪ	ˌimpɾudeɪŋtʃɪmˈeɪŋtʃɪ
impudentemente	ˌimpudˌeɪŋtemˈeɪŋtʃɪ	ˌimpudeɪŋtʃɪmˈeɪŋtʃɪ
impulsivamente	ˌimpuwsˌivɐmˈeɪŋtʃɪ	ˌimpuwsivɐmˈeɪŋtʃɪ
impunemente	ˌimpunemˈeɪŋtʃɪ	ˌimpunɪmˈeɪŋtʃɪ
imundamente	ˌimũŋdɐmˈeɪŋtʃɪ	ˌimũŋdɐmˈeɪŋtʃɪ
inabalavelmente	ˌinabˌalavɛʊmˈeɪŋtʃɪ	ˌinabˌalavɛʊmˈeɪŋtʃɪ
inacreditavelmente	ˌinakɾˌedʒitˌavɛʊmˈeɪŋtʃɪ	ˌinakɾˌedʒitˌavɛʊmˈeɪŋtʃɪ
inadequadamente	ˌinadˌekwadɐmˈeɪŋtʃɪ	ˌinadˌekwadɐmˈeɪŋtʃɪ
inadvertidamente	ˌinadvˌeɾtʃidɐmˈeɪŋtʃɪ	ˌinadvˌeɾtʃidɐmˈeɪŋtʃɪ
inalteravelmente	ˌinaʊtˌeɾavɛʊmˈeɪŋtʃɪ	ˌinaʊtˌeɾavɛʊmˈeɪŋtʃɪ
inarticuladamente	ˌinaɾtʃˌikulˌadɐmˈeɪŋtʃɪ	ˌinaɾtʃˌikuladɐmˈeɪŋtʃɪ
inarticularmente	ˌinaɾtʃˌikulaɾmˈeɪŋtʃɪ	ˌinaɾtʃˌikulaɾmˈeɪŋtʃɪ
inatamente	ˌinatɐmˈeɪŋtʃɪ	ˌinatɐmˈeɪŋtʃɪ
inativamente	ˌinatʃˌivɐmˈeɪŋtʃɪ	ˌinatʃivɐmˈeɪŋtʃɪ
incansavelmente	ˌiŋkɐ̃ŋsˌavɛʊmˈeɪŋtʃɪ	ˌiŋkɐ̃ŋsˌavɛʊmˈeɪŋtʃɪ
incertamente	ˌiŋseɾtɐmˈeɪŋtʃɪ	ˌiŋsɛɾtɐmˈeɪŋtʃɪ
incessantemente	ˌiŋsesˌɐ̃ŋtemˈeɪŋtʃɪ	ˌiŋsesɐ̃ŋtʃɪmˈeɪŋtʃɪ
incestuosamente	ˌiŋsestwˌozɐmˈeɪŋtʃɪ	ˌiŋsestwɔzɐmˈeɪŋtʃɪ
inchadamente	ˌiŋʃadɐmˈeɪŋtʃɪ	ˌiŋʃadɐmˈeɪŋtʃɪ
incidentalmente	ˌiŋsidˌeɪŋtaʊmˈeɪŋtʃɪ	ˌiŋsidˌeɪŋtaʊmˈeɪŋtʃɪ
incipientemente	ˌiŋsipˌieɪŋtemˈeɪŋtʃɪ	ˌiŋsipˌieɪŋtʃɪmˈeɪŋtʃɪ
incisivamente	ˌiŋsizˌivɐmˈeɪŋtʃɪ	ˌiŋsizivɐmˈeɪŋtʃɪ
incitativamente	ˌiŋsitˌatʃivɐmˈeɪŋtʃɪ	ˌiŋsitˌatʃivɐmˈeɪŋtʃɪ
incivilmente	ˌiŋsiviʊmˈeɪŋtʃɪ	ˌiŋsiviʊmˈeɪŋtʃɪ
inclemente	ˌiŋklemˈeɪŋtʃɪ	iŋklɪmˈeɪŋtʃɪ
inclusivamente	ˌiŋkluzˌivɐmˈeɪŋtʃɪ	ˌiŋkluzivɐmˈeɪŋtʃɪ
incoerentemente	ˌiŋkoˌeɾeɪŋtemˈeɪŋtʃɪ	ˌiŋkoˌeɾeɪŋtʃɪmˈeɪŋtʃɪ
incognitamente	ˌiŋkoɡnˌitɐmˈeɪŋtʃɪ	ˌiŋkoɡnitɐmˈeɪŋtʃɪ
incomensuravelmente	ˌiŋkomˌeɪŋsuɾˌavɛʊmˈeɪŋtʃɪ	ˌiŋkomˌeɪŋsuɾˌavɛʊmˈeɪŋtʃɪ
incomodamente	ˌiŋkomˌodɐmˈeɪŋtʃɪ	ˌiŋkomɔdɐmˈeɪŋtʃɪ
incomparavelmente	ˌiŋkompˌaɾavɛʊmˈeɪŋtʃɪ	ˌiŋkompˌaɾavɛʊmˈeɪŋtʃɪ
incompletamente	ˌiŋkomplˌetɐmˈeɪŋtʃɪ	ˌiŋkomplɛtɐmˈeɪŋtʃɪ
incompreensivelmente	ˌiŋkompɾˌeeɪŋsˌivɛʊmˈeɪŋtʃɪ	ˌiŋkompɾˌeeɪŋsˌivɛʊmˈeɪŋtʃɪ
incomummente	ˌiŋkomũmmˈeɪŋtʃɪ	ˌiŋkomũŋmˈeɪŋtʃɪ
inconciliavelmente	ˌiŋkoŋsˌiliˌavɛʊmˈeɪŋtʃɪ	ˌiŋkoŋsˌiliˌavɛʊmˈeɪŋtʃɪ
inconclusivamente	ˌiŋkoŋklˌuzivɐmˈeɪŋtʃɪ	ˌiŋkoŋklˌuzivɐmˈeɪŋtʃɪ
incondicionalmente	ˌiŋkoŋdʒˌisɪˌonaʊmˈeɪŋtʃɪ	ˌiŋkoŋdʒˌisɪˌonaʊmˈeɪŋtʃɪ
inconfortavelmente	ˌiŋkoŋfˌoɾtavɛʊmˈeɪŋtʃɪ	ˌiŋkoŋfˌoɾtavɛʊmˈeɪŋtʃɪ
inconfundivelmente	ˌiŋkoŋfˌũŋdʒivɛʊmˈeɪŋtʃɪ	ˌiŋkoŋfˌũŋdʒivɛʊmˈeɪŋtʃɪ
inconscientemente	ˌiŋkoŋsˌieɪŋtemˈeɪŋtʃɪ	ˌiŋkoŋsˌieɪŋtʃɪmˈeɪŋtʃɪ
inconsideradamente	ˌiŋkoŋsˌideɾˌadɐmˈeɪŋtʃɪ	ˌiŋkoŋsˌideɾadɐmˈeɪŋtʃɪ
inconstitucionalissimamente	ˌiŋkoŋstʃˌitusˌɪonˌalisˌimɐmˈeɪŋtʃɪ	ˌiŋkoŋstʃˌitusˌɪonˌalisimɐmˈeɪŋtʃɪ
incontestavelmente	ˌiŋkoŋtˌestavɛʊmˈeɪŋtʃɪ	ˌiŋkoŋtˌestavɛʊmˈeɪŋtʃɪ
incontornavelmente	ˌiŋkoŋtˌoɾnavɛʊmˈeɪŋtʃɪ	ˌiŋkoŋtˌoɾnavɛʊmˈeɪŋtʃɪ
incorretamente	ˌiŋkoxˌetɐmˈeɪŋtʃɪ	ˌiŋkoxɛtɐmˈeɪŋtʃɪ
incrementalmente	ˌiŋkɾemˌeɪŋtaʊmˈeɪŋtʃɪ	ˌiŋkɾemˌeɪŋtaʊmˈeɪŋtʃɪ
incremente	ˌiŋkɾemˈeɪŋtʃɪ	iŋkɾɪmˈeɪŋtʃɪ
incrivelmente	ˌiŋkɾivɛʊmˈeɪŋtʃɪ	ˌiŋkɾivɛʊmˈeɪŋtʃɪ
incultamente	ˌiŋkuwtɐmˈeɪŋtʃɪ	ˌiŋkuwtɐmˈeɪŋtʃɪ
indecentemente	ˌiŋdesˌeɪŋtemˈeɪŋtʃɪ	ˌiŋdeseɪŋtʃɪmˈeɪŋtʃɪ
indecisamente	ˌiŋdesˌizɐmˈeɪŋtʃɪ	ˌiŋdesizɐmˈeɪŋtʃɪ
indecorosamente	ˌiŋdekˌoɾozɐmˈeɪŋtʃɪ	ˌiŋdekˌoɾɔzɐmˈeɪŋtʃɪ
indefetivelmente	ˌiŋdefˌetʃivɛʊmˈeɪŋtʃɪ	ˌiŋdefˌetʃivɛʊmˈeɪŋtʃɪ
indefinidamente	ˌiŋdefˌinidɐmˈeɪŋtʃɪ	ˌiŋdefˌinidɐmˈeɪŋtʃɪ
indefinivelmente	ˌiŋdefˌinivɛʊmˈeɪŋtʃɪ	ˌiŋdefˌinivɛʊmˈeɪŋtʃɪ
indelevelmente	ˌiŋdelˌevɛʊmˈeɪŋtʃɪ	ˌiŋdelˌevɛʊmˈeɪŋtʃɪ
indeliberadamente	ˌiŋdelˌibeɾˌadɐmˈeɪŋtʃɪ	ˌiŋdelˌibeɾadɐmˈeɪŋtʃɪ
independentemente	ˌiŋdepˌeɪŋdeɪŋtemˈeɪŋtʃɪ	ˌiŋdepˌeɪŋdeɪŋtʃɪmˈeɪŋtʃɪ
indesejavelmente	ˌiŋdezˌeʒavɛʊmˈeɪŋtʃɪ	ˌiŋdezˌeʒavɛʊmˈeɪŋtʃɪ
indeterminadamente	ˌiŋdetˌeɾminˌadɐmˈeɪŋtʃɪ	ˌiŋdetˌeɾminadɐmˈeɪŋtʃɪ
indevidamente	ˌiŋdevˌidɐmˈeɪŋtʃɪ	ˌiŋdevidɐmˈeɪŋtʃɪ
indiferentemente	ˌiŋdʒifˌeɾeɪŋtemˈeɪŋtʃɪ	ˌiŋdʒifˌeɾeɪŋtʃɪmˈeɪŋtʃɪ
indigentemente	ˌiŋdʒiʒˌeɪŋtemˈeɪŋtʃɪ	ˌiŋdʒiʒeɪŋtʃɪmˈeɪŋtʃɪ
indignamente	ˌiŋdʒiɡnɐmˈeɪŋtʃɪ	ˌiŋdʒiɡnɐmˈeɪŋtʃɪ
indiretamente	ˌiŋdʒiɾˌetɐmˈeɪŋtʃɪ	ˌiŋdʒiɾɛtɐmˈeɪŋtʃɪ
indisciplinadamente	ˌiŋdʒisˌiplinˌadɐmˈeɪŋtʃɪ	ˌiŋdʒisˌiplinadɐmˈeɪŋtʃɪ
indiscretamente	ˌiŋdʒiskɾˌetɐmˈeɪŋtʃɪ	ˌiŋdʒiskɾɛtɐmˈeɪŋtʃɪ
indiscriminadamente	ˌiŋdʒiskɾˌiminˌadɐmˈeɪŋtʃɪ	ˌiŋdʒiskɾˌiminadɐmˈeɪŋtʃɪ
indiscutivelmente	ˌiŋdʒiskˌutʃivɛʊmˈeɪŋtʃɪ	ˌiŋdʒiskˌutʃivɛʊmˈeɪŋtʃɪ
indispensavelmente	ˌiŋdʒispˌeɪŋsavɛʊmˈeɪŋtʃɪ	ˌiŋdʒispˌeɪŋsavɛʊmˈeɪŋtʃɪ
indissociavelmente	ˌiŋdʒisˌosiˌavɛʊmˈeɪŋtʃɪ	ˌiŋdʒisˌosiˌavɛʊmˈeɪŋtʃɪ
indissoluvelmente	ˌiŋdʒisˌoluvɛʊmˈeɪŋtʃɪ	ˌiŋdʒisˌoluvɛʊmˈeɪŋtʃɪ
indistintamente	ˌiŋdʒistʃˌiŋtɐmˈeɪŋtʃɪ	ˌiŋdʒistʃiŋtɐmˈeɪŋtʃɪ
individualmente	ˌiŋdʒivˌiduaʊmˈeɪŋtʃɪ	ˌiŋdʒivˌiduaʊmˈeɪŋtʃɪ
indivisivelmente	ˌiŋdʒivˌizivɛʊmˈeɪŋtʃɪ	ˌiŋdʒivˌizivɛʊmˈeɪŋtʃɪ
indolentemente	ˌiŋdolˌeɪŋtemˈeɪŋtʃɪ	ˌiŋdoleɪŋtʃɪmˈeɪŋtʃɪ
indubitavelmente	ˌiŋdubˌitavɛʊmˈeɪŋtʃɪ	ˌiŋdubˌitavɛʊmˈeɪŋtʃɪ
indulgentemente	ˌiŋduwʒˌeɪŋtemˈeɪŋtʃɪ	ˌiŋduwʒeɪŋtʃɪmˈeɪŋtʃɪ
indumente	ˌiŋdumˈeɪŋtʃɪ	ˌiŋdumˈeɪŋtʃɪ
industrialmente	ˌiŋdustɾˌiaʊmˈeɪŋtʃɪ	ˌiŋdustɾˌiaʊmˈeɪŋtʃɪ
industriosamente	ˌiŋdustɾˌiozɐmˈeɪŋtʃɪ	ˌiŋdustɾˌiɔzɐmˈeɪŋtʃɪ
ineficazmente	ˌinefˌikazmˈeɪŋtʃɪ	ˌinefˌikasmˈeɪŋtʃɪ
ineficientemente	ˌinefˌisiˌeɪŋtemˈeɪŋtʃɪ	ˌinefˌisieɪŋtʃɪmˈeɪŋtʃɪ
inegavelmente	ˌineɡˌavɛʊmˈeɪŋtʃɪ	ˌineɡˌavɛʊmˈeɪŋtʃɪ
inelasticamente	ˌinelˌastʃikɐmˈeɪŋtʃɪ	ˌinelˌastʃikɐmˈeɪŋtʃɪ
ineptamente	ˌineptɐmˈeɪŋtʃɪ	ˌinɛptɐmˈeɪŋtʃɪ
inequivocamente	ˌinekˌivokɐmˈeɪŋtʃɪ	ˌinekˌivɔkɐmˈeɪŋtʃɪ
inesgotavelmente	ˌinezɡˌotavɛʊmˈeɪŋtʃɪ	ˌinezɡˌotavɛʊmˈeɪŋtʃɪ
inesperadamente	ˌinespˌeɾadɐmˈeɪŋtʃɪ	ˌinespˌeɾadɐmˈeɪŋtʃɪ
inevitavelmente	ˌinevˌitavɛʊmˈeɪŋtʃɪ	ˌinevˌitavɛʊmˈeɪŋtʃɪ
inexatamente	ˌinezˌatɐmˈeɪŋtʃɪ	ˌinezatɐmˈeɪŋtʃɪ
inexoravelmente	ˌineksˌoɾavɛʊmˈeɪŋtʃɪ	ˌineksˌoɾavɛʊmˈeɪŋtʃɪ
inexplicavelmente	ˌinesplˌikavɛʊmˈeɪŋtʃɪ	ˌinesplˌikavɛʊmˈeɪŋtʃɪ
inexpressivamente	ˌinespɾˌesivɐmˈeɪŋtʃɪ	ˌinespɾˌesivɐmˈeɪŋtʃɪ
inextinguivelmente	ˌinestʃˌiŋɡwivɛʊmˈeɪŋtʃɪ	ˌinestʃˌiŋɡwivɛʊmˈeɪŋtʃɪ
infalivelmente	ˌiŋfalˌivɛʊmˈeɪŋtʃɪ	ˌiŋfalˌivɛʊmˈeɪŋtʃɪ
infamemente	ˌiŋfɐmemˈeɪŋtʃɪ	ˌiŋfɐ̃mɪmˈeɪŋtʃɪ
infatigavelmente	ˌiŋfatʃˌiɡavɛʊmˈeɪŋtʃɪ	ˌiŋfatʃˌiɡavɛʊmˈeɪŋtʃɪ
infelizmente	ˌiŋfelizmˈeɪŋtʃɪ	ˌiŋfelismˈeɪŋtʃɪ
inferiormente	ˌiŋfeɾˌioɾmˈeɪŋtʃɪ	ˌiŋfeɾˌioɾmˈeɪŋtʃɪ
infernalmente	ˌiŋfeɾnaʊmˈeɪŋtʃɪ	ˌiŋfeɾnaʊmˈeɪŋtʃɪ
infielmente	ˌiŋfiɛʊmˈeɪŋtʃɪ	ˌiŋfiɛʊmˈeɪŋtʃɪ
infinitamente	ˌiŋfinˌitɐmˈeɪŋtʃɪ	ˌiŋfinitɐmˈeɪŋtʃɪ
inflexivelmente	ˌiŋfleksˌivɛʊmˈeɪŋtʃɪ	ˌiŋfleksˌivɛʊmˈeɪŋtʃɪ
informalmente	ˌiŋfoɾmaʊmˈeɪŋtʃɪ	ˌiŋfoɾmaʊmˈeɪŋtʃɪ
informaticamente	ˌiŋfoɾmˌatʃikɐmˈeɪŋtʃɪ	ˌiŋfoɾmˌatʃikɐmˈeɪŋtʃɪ
infortunadamente	ˌiŋfoɾtˌunadɐmˈeɪŋtʃɪ	ˌiŋfoɾtˌunadɐmˈeɪŋtʃɪ
infrutuosamente	ˌiŋfɾutwˌozɐmˈeɪŋtʃɪ	ˌiŋfɾutwɔzɐmˈeɪŋtʃɪ
infundadamente	ˌiŋfũŋdˌadɐmˈeɪŋtʃɪ	ˌiŋfũŋdadɐmˈeɪŋtʃɪ
ingenuamente	ˌiŋʒenˌuɐmˈeɪŋtʃɪ	ˌiŋʒenuɐmˈeɪŋtʃɪ
ingloriamente	ˌiŋɡloɾˌiɐmˈeɪŋtʃɪ	ˌiŋɡloɾiɐmˈeɪŋtʃɪ
ingratamente	ˌiŋɡɾatɐmˈeɪŋtʃɪ	ˌiŋɡɾatɐmˈeɪŋtʃɪ
inicialmente	ˌinisˌiaʊmˈeɪŋtʃɪ	ˌinisˌiaʊmˈeɪŋtʃɪ
ininterruptamente	ˌiniŋtˌexuptɐmˈeɪŋtʃɪ	ˌiniŋtˌexuptɐmˈeɪŋtʃɪ
iniquamente	ˌinikwɐmˈeɪŋtʃɪ	ˌinikwɐmˈeɪŋtʃɪ
injetivamente	ˌiŋʒetʃˌivɐmˈeɪŋtʃɪ	ˌiŋʒetʃivɐmˈeɪŋtʃɪ
injuriosamente	ˌiŋʒuɾˌiozɐmˈeɪŋtʃɪ	ˌiŋʒuɾˌiɔzɐmˈeɪŋtʃɪ
injustamente	ˌiŋʒustɐmˈeɪŋtʃɪ	ˌiŋʒustɐmˈeɪŋtʃɪ
injustificadamente	ˌiŋʒustʃˌifikˌadɐmˈeɪŋtʃɪ	ˌiŋʒustʃˌifikadɐmˈeɪŋtʃɪ
inocentemente	ˌinosˌeɪŋtemˈeɪŋtʃɪ	ˌinoseɪŋtʃɪmˈeɪŋtʃɪ
inocuamente	ˌinokˌuɐmˈeɪŋtʃɪ	ˌinokuɐmˈeɪŋtʃɪ
inofensivamente	ˌinofˌeɪŋsivɐmˈeɪŋtʃɪ	ˌinofˌeɪŋsivɐmˈeɪŋtʃɪ
inoperacionalmente	ˌinopˌeɾasˌɪonaʊmˈeɪŋtʃɪ	ˌinopˌeɾasˌɪonaʊmˈeɪŋtʃɪ
inopinadamente	ˌinopˌinadɐmˈeɪŋtʃɪ	ˌinopˌinadɐmˈeɪŋtʃɪ
inoportunamente	ˌinopˌoɾtunɐmˈeɪŋtʃɪ	ˌinopˌoɾtunɐmˈeɪŋtʃɪ
inquestionavelmente	ˌiŋkestʃˌɪonˌavɛʊmˈeɪŋtʃɪ	ˌiŋkestʃˌɪonˌavɛʊmˈeɪŋtʃɪ
inquietantemente	ˌiŋkiˌetɐ̃ŋtemˈeɪŋtʃɪ	ˌiŋkiˌetɐ̃ŋtʃɪmˈeɪŋtʃɪ
insaciavelmente	ˌiŋsasˌiavɛʊmˈeɪŋtʃɪ	ˌiŋsasˌiavɛʊmˈeɪŋtʃɪ
inseguramente	ˌiŋseɡˌuɾɐmˈeɪŋtʃɪ	ˌiŋseɡuɾɐmˈeɪŋtʃɪ
insensatamente	ˌiŋseɪŋsˌatɐmˈeɪŋtʃɪ	ˌiŋseɪŋsatɐmˈeɪŋtʃɪ
insensivelmente	ˌiŋseɪŋsˌivɛʊmˈeɪŋtʃɪ	ˌiŋseɪŋsˌivɛʊmˈeɪŋtʃɪ
inseparavelmente	ˌiŋsepˌaɾavɛʊmˈeɪŋtʃɪ	ˌiŋsepˌaɾavɛʊmˈeɪŋtʃɪ
insidiosamente	ˌiŋsidʒˌiozɐmˈeɪŋtʃɪ	ˌiŋsidʒˌiɔzɐmˈeɪŋtʃɪ
insipidamente	ˌiŋsipˌidɐmˈeɪŋtʃɪ	ˌiŋsipidɐmˈeɪŋtʃɪ
insistentemente	ˌiŋsistˌeɪŋtemˈeɪŋtʃɪ	ˌiŋsisteɪŋtʃɪmˈeɪŋtʃɪ
insolentemente	ˌiŋsolˌeɪŋtemˈeɪŋtʃɪ	ˌiŋsoleɪŋtʃɪmˈeɪŋtʃɪ
inspiradamente	ˌiŋspiɾˌadɐmˈeɪŋtʃɪ	ˌiŋspiɾadɐmˈeɪŋtʃɪ
instantaneamente	ˌiŋstɐ̃ŋtˌɐneɐmˈeɪŋtʃɪ	ˌiŋstɐ̃ŋtˌɐneɐmˈeɪŋtʃɪ
instantemente	ˌiŋstɐ̃ŋtemˈeɪŋtʃɪ	ˌiŋstɐ̃ŋtʃɪmˈeɪŋtʃɪ
instintivamente	ˌiŋstʃiŋtʃˌivɐmˈeɪŋtʃɪ	ˌiŋstʃiŋtʃivɐmˈeɪŋtʃɪ
institucionalmente	ˌiŋstʃitˌusɪˌonaʊmˈeɪŋtʃɪ	ˌiŋstʃitˌusɪˌonaʊmˈeɪŋtʃɪ
instrumentalmente	ˌiŋstɾumˌeɪŋtaʊmˈeɪŋtʃɪ	ˌiŋstɾumˌeɪŋtaʊmˈeɪŋtʃɪ
instrumente	ˌiŋstɾumˈeɪŋtʃɪ	ˌiŋstɾumˈeɪŋtʃɪ
instrutivamente	ˌiŋstɾutʃˌivɐmˈeɪŋtʃɪ	ˌiŋstɾutʃivɐmˈeɪŋtʃɪ
insubordinadamente	ˌiŋsubˌoɾdʒinˌadɐmˈeɪŋtʃɪ	ˌiŋsubˌoɾdʒinadɐmˈeɪŋtʃɪ
insuficientemente	ˌiŋsufˌisiˌeɪŋtemˈeɪŋtʃɪ	ˌiŋsufˌisieɪŋtʃɪmˈeɪŋtʃɪ
insularmente	ˌiŋsulaɾmˈeɪŋtʃɪ	ˌiŋsulaɾmˈeɪŋtʃɪ
insultantemente	ˌiŋsuwtˌɐ̃ŋtemˈeɪŋtʃɪ	ˌiŋsuwtɐ̃ŋtʃɪmˈeɪŋtʃɪ
insultuosamente	ˌiŋsuwtwˌozɐmˈeɪŋtʃɪ	ˌiŋsuwtwɔzɐmˈeɪŋtʃɪ
insuperavelmente	ˌiŋsupˌeɾavɛʊmˈeɪŋtʃɪ	ˌiŋsupˌeɾavɛʊmˈeɪŋtʃɪ
insuportavelmente	ˌiŋsupˌoɾtavɛʊmˈeɪŋtʃɪ	ˌiŋsupˌoɾtavɛʊmˈeɪŋtʃɪ
insuscetivelmente	ˌiŋsusˌetʃivɛʊmˈeɪŋtʃɪ	ˌiŋsusˌetʃivɛʊmˈeɪŋtʃɪ
integralmente	ˌiŋteɡɾaʊmˈeɪŋtʃɪ	ˌiŋteɡɾaʊmˈeɪŋtʃɪ
integramente	ˌiŋteɡɾɐmˈeɪŋtʃɪ	ˌiŋtɛɡɾɐmˈeɪŋtʃɪ
inteiramente	ˌiŋteɪɾɐmˈeɪŋtʃɪ	ˌiŋteɪɾɐmˈeɪŋtʃɪ
intelectualmente	ˌiŋtelˌektuaʊmˈeɪŋtʃɪ	ˌiŋtelˌektuaʊmˈeɪŋtʃɪ
inteligentemente	ˌiŋtelˌiʒeɪŋtemˈeɪŋtʃɪ	ˌiŋtelˌiʒeɪŋtʃɪmˈeɪŋtʃɪ
inteligivelmente	ˌiŋtelˌiʒivɛʊmˈeɪŋtʃɪ	ˌiŋtelˌiʒivɛʊmˈeɪŋtʃɪ
intempestivamente	ˌiŋteɪmpˌestʃivɐmˈeɪŋtʃɪ	ˌiŋteɪmpˌestʃivɐmˈeɪŋtʃɪ
intencionalmente	ˌiŋteɪŋsˌɪonaʊmˈeɪŋtʃɪ	ˌiŋteɪŋsˌɪonaʊmˈeɪŋtʃɪ
intensamente	ˌiŋteɪŋsɐmˈeɪŋtʃɪ	ˌiŋteɪŋsɐmˈeɪŋtʃɪ
intensivamente	ˌiŋteɪŋsˌivɐmˈeɪŋtʃɪ	ˌiŋteɪŋsivɐmˈeɪŋtʃɪ
interativamente	ˌiŋteɾˌatʃivɐmˈeɪŋtʃɪ	ˌiŋteɾˌatʃivɐmˈeɪŋtʃɪ
interessadamente	ˌiŋteɾˌesadɐmˈeɪŋtʃɪ	ˌiŋteɾˌesadɐmˈeɪŋtʃɪ
interesseiramente	ˌiŋteɾˌeseɪɾɐmˈeɪŋtʃɪ	ˌiŋteɾˌeseɪɾɐmˈeɪŋtʃɪ
interinamente	ˌiŋteɾˌinɐmˈeɪŋtʃɪ	ˌiŋteɾinɐmˈeɪŋtʃɪ
interiormente	ˌiŋteɾˌioɾmˈeɪŋtʃɪ	ˌiŋteɾˌioɾmˈeɪŋtʃɪ
interminavelmente	ˌiŋteɾmˌinavɛʊmˈeɪŋtʃɪ	ˌiŋteɾmˌinavɛʊmˈeɪŋtʃɪ
intermitentemente	ˌiŋteɾmˌiteɪŋtemˈeɪŋtʃɪ	ˌiŋteɾmˌiteɪŋtʃɪmˈeɪŋtʃɪ
internacionalmente	ˌiŋteɾnˌasɪˌonaʊmˈeɪŋtʃɪ	ˌiŋteɾnˌasɪˌonaʊmˈeɪŋtʃɪ
internamente	ˌiŋteɾnɐmˈeɪŋtʃɪ	ˌiŋtɛɾnɐmˈeɪŋtʃɪ
intervaladamente	ˌiŋteɾvˌaladɐmˈeɪŋtʃɪ	ˌiŋteɾvˌaladɐmˈeɪŋtʃɪ
intimamente	ˌiŋtʃimɐmˈeɪŋtʃɪ	ˌiŋtʃimɐmˈeɪŋtʃɪ
intoleravelmente	ˌiŋtolˌeɾavɛʊmˈeɪŋtʃɪ	ˌiŋtolˌeɾavɛʊmˈeɪŋtʃɪ
intransigentemente	ˌiŋtɾɐ̃ŋzˌiʒeɪŋtemˈeɪŋtʃɪ	ˌiŋtɾɐ̃ŋzˌiʒeɪŋtʃɪmˈeɪŋtʃɪ
intransitivamente	ˌiŋtɾɐ̃ŋzˌitʃivɐmˈeɪŋtʃɪ	ˌiŋtɾɐ̃ŋzˌitʃivɐmˈeɪŋtʃɪ
intrepidamente	ˌiŋtɾepˌidɐmˈeɪŋtʃɪ	ˌiŋtɾepidɐmˈeɪŋtʃɪ
intrinsecamente	ˌiŋtɾiŋsˌekɐmˈeɪŋtʃɪ	ˌiŋtɾiŋsɛkɐmˈeɪŋtʃɪ
intuitivamente	ˌiŋtuɪtʃˌivɐmˈeɪŋtʃɪ	ˌiŋtuɪtʃivɐmˈeɪŋtʃɪ
inusitadamente	ˌinuzˌitadɐmˈeɪŋtʃɪ	ˌinuzˌitadɐmˈeɪŋtʃɪ
inutilmente	ˌinutʃiʊmˈeɪŋtʃɪ	ˌinutʃiʊmˈeɪŋtʃɪ
invariavelmente	ˌiŋvaɾˌiavɛʊmˈeɪŋtʃɪ	ˌiŋvaɾˌiavɛʊmˈeɪŋtʃɪ
invejosamente	ˌiŋveʒˌozɐmˈeɪŋtʃɪ	ˌiŋveʒɔzɐmˈeɪŋtʃɪ
inversamente	ˌiŋveɾsɐmˈeɪŋtʃɪ	ˌiŋvɛɾsɐmˈeɪŋtʃɪ
invertidamente	ˌiŋveɾtʃˌidɐmˈeɪŋtʃɪ	ˌiŋveɾtʃidɐmˈeɪŋtʃɪ
invisivelmente	ˌiŋvizˌivɛʊmˈeɪŋtʃɪ	ˌiŋvizˌivɛʊmˈeɪŋtʃɪ
involuntariamente	ˌiŋvolˌũŋtaɾˌiɐmˈeɪŋtʃɪ	ˌiŋvolˌũŋtaɾiɐmˈeɪŋtʃɪ
invulgarmente	ˌiŋvuwɡaɾmˈeɪŋtʃɪ	ˌiŋvuwɡaɾmˈeɪŋtʃɪ
irmãmente	ˌiɾmɐ̃mˈeɪŋtʃɪ	ˌiɾmɐ̃mˈeɪŋtʃɪ
ironicamente	ˌiɾonˌikɐmˈeɪŋtʃɪ	ˌiɾonikɐmˈeɪŋtʃɪ
irracionalmente	ˌixasˌɪonaʊmˈeɪŋtʃɪ	ˌixasˌɪonaʊmˈeɪŋtʃɪ
irrefletidamente	ˌixeflˌetʃidɐmˈeɪŋtʃɪ	ˌixeflˌetʃidɐmˈeɪŋtʃɪ
irreguladamente	ˌixeɡˌuladɐmˈeɪŋtʃɪ	ˌixeɡˌuladɐmˈeɪŋtʃɪ
irregularmente	ˌixeɡˌulaɾmˈeɪŋtʃɪ	ˌixeɡˌulaɾmˈeɪŋtʃɪ
irremediavelmente	ˌixemˌedʒiˌavɛʊmˈeɪŋtʃɪ	ˌixemˌedʒiˌavɛʊmˈeɪŋtʃɪ
irrepreensivelmente	ˌixepɾˌeeɪŋsˌivɛʊmˈeɪŋtʃɪ	ˌixepɾˌeeɪŋsˌivɛʊmˈeɪŋtʃɪ
irresistivelmente	ˌixezˌistʃivɛʊmˈeɪŋtʃɪ	ˌixezˌistʃivɛʊmˈeɪŋtʃɪ
irresponsavelmente	ˌixespˌoŋsavɛʊmˈeɪŋtʃɪ	ˌixespˌoŋsavɛʊmˈeɪŋtʃɪ
irrestritamente	ˌixestɾˌitɐmˈeɪŋtʃɪ	ˌixestɾitɐmˈeɪŋtʃɪ
irreverenciosamente	ˌixevˌeɾeɪŋsˌiozɐmˈeɪŋtʃɪ	ˌixevˌeɾeɪŋsˌiɔzɐmˈeɪŋtʃɪ
irreverentemente	ˌixevˌeɾeɪŋtemˈeɪŋtʃɪ	ˌixevˌeɾeɪŋtʃɪmˈeɪŋtʃɪ
irreversivelmente	ˌixevˌeɾsivɛʊmˈeɪŋtʃɪ	ˌixevˌeɾsivɛʊmˈeɪŋtʃɪ
irrevogavelmente	ˌixevˌoɡavɛʊmˈeɪŋtʃɪ	ˌixevˌoɡavɛʊmˈeɪŋtʃɪ
irritamente	ˌixitɐmˈeɪŋtʃɪ	ˌixitɐmˈeɪŋtʃɪ
irritantemente	ˌixitˌɐ̃ŋtemˈeɪŋtʃɪ	ˌixitɐ̃ŋtʃɪmˈeɪŋtʃɪ
isoladamente	ˌizolˌadɐmˈeɪŋtʃɪ	ˌizoladɐmˈeɪŋtʃɪ
iterativamente	ˌiteɾˌatʃivɐmˈeɪŋtʃɪ	ˌiteɾˌatʃivɐmˈeɪŋtʃɪ
jeitosamente	ʒˌeɪtozɐmˈeɪŋtʃɪ	ʒˌeɪtɔzɐmˈeɪŋtʃɪ
jocosamente	ʒˌokozɐmˈeɪŋtʃɪ	ʒˌokɔzɐmˈeɪŋtʃɪ
jovialmente	ʒˌoviaʊmˈeɪŋtʃɪ	ʒˌoviaʊmˈeɪŋtʃɪ
judicialmente	ʒˌudʒisˌiaʊmˈeɪŋtʃɪ	ʒˌudʒisˌiaʊmˈeɪŋtʃɪ
judiciosamente	ʒˌudʒisˌiozɐmˈeɪŋtʃɪ	ʒˌudʒisˌiɔzɐmˈeɪŋtʃɪ
juntamente	ʒˌũŋtɐmˈeɪŋtʃɪ	ʒũŋtɐmˈeɪŋtʃɪ
juramente	ʒˌuɾɐmˈeɪŋtʃɪ	ʒuɾɐmˈeɪŋtʃɪ
juridicamente	ʒˌuɾidʒˌikɐmˈeɪŋtʃɪ	ʒˌuɾidʒikɐmˈeɪŋtʃɪ
justamente	ʒˌustɐmˈeɪŋtʃɪ	ʒustɐmˈeɪŋtʃɪ
justificadamente	ʒˌustʃifˌikadɐmˈeɪŋtʃɪ	ʒˌustʃifˌikadɐmˈeɪŋtʃɪ
laboriosamente	lˌaboɾˌiozɐmˈeɪŋtʃɪ	lˌaboɾˌiɔzɐmˈeɪŋtʃɪ
laconicamente	lˌakonˌikɐmˈeɪŋtʃɪ	lˌakonikɐmˈeɪŋtʃɪ
lamentadamente	lˌɐmeɪŋtˌadɐmˈeɪŋtʃɪ	lˌɐmeɪŋtadɐmˈeɪŋtʃɪ
lamentavelmente	lˌɐmeɪŋtˌavɛʊmˈeɪŋtʃɪ	lˌɐmeɪŋtˌavɛʊmˈeɪŋtʃɪ
lamente	lˌɐmˈeɪŋtʃɪ	lˌɐmˈeɪŋtʃɪ
largamente	lˌaɾɡɐmˈeɪŋtʃɪ	laɾɡɐmˈeɪŋtʃɪ
lascivamente	lˌasivɐmˈeɪŋtʃɪ	lˌasivɐmˈeɪŋtʃɪ
lastimavelmente	lˌastʃimˌavɛʊmˈeɪŋtʃɪ	lˌastʃimˌavɛʊmˈeɪŋtʃɪ
lastimosamente	lˌastʃimˌozɐmˈeɪŋtʃɪ	lˌastʃimɔzɐmˈeɪŋtʃɪ
lateralmente	lˌateɾaʊmˈeɪŋtʃɪ	lˌateɾaʊmˈeɪŋtʃɪ
laudativamente	lˌaʊdatʃˌivɐmˈeɪŋtʃɪ	lˌaʊdatʃivɐmˈeɪŋtʃɪ
lealmente	lˌeaʊmˈeɪŋtʃɪ	lˌeaʊmˈeɪŋtʃɪ
legalmente	lˌeɡaʊmˈeɪŋtʃɪ	lˌeɡaʊmˈeɪŋtʃɪ
legitimamente	lˌeʒitʃˌimɐmˈeɪŋtʃɪ	lˌeʒitʃimɐmˈeɪŋtʃɪ
legivelmente	lˌeʒivɛʊmˈeɪŋtʃɪ	lˌeʒivɛʊmˈeɪŋtʃɪ
lentamente	lˌeɪŋtɐmˈeɪŋtʃɪ	leɪŋtɐmˈeɪŋtʃɪ
levemente	lˌevemˈeɪŋtʃɪ	lɛvɪmˈeɪŋtʃɪ
levianamente	lˌeviˌɐnɐmˈeɪŋtʃɪ	lˌeviɐ̃nɐmˈeɪŋtʃɪ
lexicalmente	lˌeksikaʊmˈeɪŋtʃɪ	lˌeksikaʊmˈeɪŋtʃɪ
liberalmente	lˌibeɾaʊmˈeɪŋtʃɪ	lˌibeɾaʊmˈeɪŋtʃɪ
libertinamente	lˌibeɾtʃˌinɐmˈeɪŋtʃɪ	lˌibeɾtʃinɐmˈeɪŋtʃɪ
libidinosamente	lˌibidʒˌinozɐmˈeɪŋtʃɪ	lˌibidʒˌinɔzɐmˈeɪŋtʃɪ
licenciosamente	lˌiseɪŋsˌiozɐmˈeɪŋtʃɪ	lˌiseɪŋsˌiɔzɐmˈeɪŋtʃɪ
licitamente	lˌisitɐmˈeɪŋtʃɪ	lˌisitɐmˈeɪŋtʃɪ
ligeiramente	lˌiʒeɪɾɐmˈeɪŋtʃɪ	lˌiʒeɪɾɐmˈeɪŋtʃɪ
liminarmente	lˌiminaɾmˈeɪŋtʃɪ	lˌiminaɾmˈeɪŋtʃɪ
limitadamente	lˌimitˌadɐmˈeɪŋtʃɪ	lˌimitadɐmˈeɪŋtʃɪ
limpidamente	lˌimpidɐmˈeɪŋtʃɪ	lˌimpidɐmˈeɪŋtʃɪ
lindamente	lˌiŋdɐmˈeɪŋtʃɪ	liŋdɐmˈeɪŋtʃɪ
linearmente	lˌineaɾmˈeɪŋtʃɪ	lˌineaɾmˈeɪŋtʃɪ
literalmente	lˌiteɾaʊmˈeɪŋtʃɪ	lˌiteɾaʊmˈeɪŋtʃɪ
literariamente	lˌiteɾˌaɾiɐmˈeɪŋtʃɪ	lˌiteɾˌaɾiɐmˈeɪŋtʃɪ
livremente	lˌivɾemˈeɪŋtʃɪ	livɾɪmˈeɪŋtʃɪ
localmente	lˌokaʊmˈeɪŋtʃɪ	lˌokaʊmˈeɪŋtʃɪ
logicamente	lˌoʒikɐmˈeɪŋtʃɪ	lˌoʒikɐmˈeɪŋtʃɪ
logisticamente	lˌoʒistʃˌikɐmˈeɪŋtʃɪ	lˌoʒistʃikɐmˈeɪŋtʃɪ
longamente	lˌoŋɡɐmˈeɪŋtʃɪ	loŋɡɐmˈeɪŋtʃɪ
longitudinalmente	lˌoŋʒitˌudʒinaʊmˈeɪŋtʃɪ	lˌoŋʒitˌudʒinaʊmˈeɪŋtʃɪ
loucamente	lˌoʊkɐmˈeɪŋtʃɪ	loʊkɐmˈeɪŋtʃɪ
louramente	lˌoʊɾɐmˈeɪŋtʃɪ	loʊɾɐmˈeɪŋtʃɪ
louvavelmente	lˌoʊvavɛʊmˈeɪŋtʃɪ	lˌoʊvavɛʊmˈeɪŋtʃɪ
lubricamente	lˌubɾikɐmˈeɪŋtʃɪ	lˌubɾikɐmˈeɪŋtʃɪ
lucrativamente	lˌukɾatʃˌivɐmˈeɪŋtʃɪ	lˌukɾatʃivɐmˈeɪŋtʃɪ
lunaticamente	lˌunatʃˌikɐmˈeɪŋtʃɪ	lˌunatʃikɐmˈeɪŋtʃɪ
luxuosamente	lˌuʃwozɐmˈeɪŋtʃɪ	lˌuʃwɔzɐmˈeɪŋtʃɪ
luzidamente	lˌuzidɐmˈeɪŋtʃɪ	lˌuzidɐmˈeɪŋtʃɪ
macabramente	mˌakabɾɐmˈeɪŋtʃɪ	mˌakabɾɐmˈeɪŋtʃɪ
maciçamente	mˌasisɐmˈeɪŋtʃɪ	mˌasisɐmˈeɪŋtʃɪ
maduramente	mˌaduɾɐmˈeɪŋtʃɪ	mˌaduɾɐmˈeɪŋtʃɪ
magicamente	mˌaʒikɐmˈeɪŋtʃɪ	mˌaʒikɐmˈeɪŋtʃɪ
magistralmente	mˌaʒistɾaʊmˈeɪŋtʃɪ	mˌaʒistɾaʊmˈeɪŋtʃɪ
magnanimamente	mˌaɡnɐnˌimɐmˈeɪŋtʃɪ	mˌaɡnɐnimɐmˈeɪŋtʃɪ
magneticamente	mˌaɡnetʃˌikɐmˈeɪŋtʃɪ	mˌaɡnetʃikɐmˈeɪŋtʃɪ
magnificamente	mˌaɡnifˌikɐmˈeɪŋtʃɪ	mˌaɡnifikɐmˈeɪŋtʃɪ
maioritariamente	mˌaɪoɾˌitaɾˌiɐmˈeɪŋtʃɪ	mˌaɪoɾˌitaɾiɐmˈeɪŋtʃɪ
majestaticamente	mˌaʒestˌatʃikɐmˈeɪŋtʃɪ	mˌaʒestˌatʃikɐmˈeɪŋtʃɪ
majestosamente	mˌaʒestˌozɐmˈeɪŋtʃɪ	mˌaʒestɔzɐmˈeɪŋtʃɪ
maldosamente	mˌaʊdozɐmˈeɪŋtʃɪ	mˌaʊdɔzɐmˈeɪŋtʃɪ
malevolamente	mˌalevˌolɐmˈeɪŋtʃɪ	mˌalevɔlɐmˈeɪŋtʃɪ
maliciosamente	mˌalisˌiozɐmˈeɪŋtʃɪ	mˌalisˌiɔzɐmˈeɪŋtʃɪ
malignamente	mˌaliɡnɐmˈeɪŋtʃɪ	mˌaliɡnɐmˈeɪŋtʃɪ
malissimamente	mˌalisˌimɐmˈeɪŋtʃɪ	mˌalisimɐmˈeɪŋtʃɪ
malvadamente	mˌaʊvadɐmˈeɪŋtʃɪ	mˌaʊvadɐmˈeɪŋtʃɪ
manhosamente	mˌɐ̃ɲozɐmˈeɪŋtʃɪ	mˌɐ̃ɲɔzɐmˈeɪŋtʃɪ
manifestamente	mˌɐnifˌestɐmˈeɪŋtʃɪ	mˌɐnifɛstɐmˈeɪŋtʃɪ
mansamente	mˌɐ̃ŋsɐmˈeɪŋtʃɪ	mɐ̃ŋsɐmˈeɪŋtʃɪ
manualmente	mˌɐnuaʊmˈeɪŋtʃɪ	mˌɐnuaʊmˈeɪŋtʃɪ
maquinalmente	mˌakinaʊmˈeɪŋtʃɪ	mˌakinaʊmˈeɪŋtʃɪ
maravilhosamente	mˌaɾavˌiʎozɐmˈeɪŋtʃɪ	mˌaɾavˌiʎɔzɐmˈeɪŋtʃɪ
marcadamente	mˌaɾkadɐmˈeɪŋtʃɪ	mˌaɾkadɐmˈeɪŋtʃɪ
marginalmente	mˌaɾʒinaʊmˈeɪŋtʃɪ	mˌaɾʒinaʊmˈeɪŋtʃɪ
maritalmente	mˌaɾitaʊmˈeɪŋtʃɪ	mˌaɾitaʊmˈeɪŋtʃɪ
massivamente	mˌasivɐmˈeɪŋtʃɪ	mˌasivɐmˈeɪŋtʃɪ
matematicamente	mˌatemˌatʃikɐmˈeɪŋtʃɪ	mˌatemˌatʃikɐmˈeɪŋtʃɪ
materialmente	mˌateɾˌiaʊmˈeɪŋtʃɪ	mˌateɾˌiaʊmˈeɪŋtʃɪ
maternalmente	mˌateɾnaʊmˈeɪŋtʃɪ	mˌateɾnaʊmˈeɪŋtʃɪ
matrimonialmente	mˌatɾimˌoniaʊmˈeɪŋtʃɪ	mˌatɾimˌoniaʊmˈeɪŋtʃɪ
maximamente	mˌaksimɐmˈeɪŋtʃɪ	mˌaksimɐmˈeɪŋtʃɪ
mecanicamente	mˌekɐnˌikɐmˈeɪŋtʃɪ	mˌekɐnikɐmˈeɪŋtʃɪ
mediamente	mˌedʒiɐmˈeɪŋtʃɪ	mˌedʒiɐmˈeɪŋtʃɪ
medianamente	mˌedʒiˌɐnɐmˈeɪŋtʃɪ	mˌedʒiɐ̃nɐmˈeɪŋtʃɪ
mediatamente	mˌedʒiˌatɐmˈeɪŋtʃɪ	mˌedʒiatɐmˈeɪŋtʃɪ
mediaticamente	mˌedʒiˌatʃikɐmˈeɪŋtʃɪ	mˌedʒiˌatʃikɐmˈeɪŋtʃɪ
medicamente	mˌedʒikɐmˈeɪŋtʃɪ	mˌedʒikɐmˈeɪŋtʃɪ
mediocremente	mˌedʒiˌokɾemˈeɪŋtʃɪ	mˌedʒiokɾɪmˈeɪŋtʃɪ
meditadamente	mˌedʒitˌadɐmˈeɪŋtʃɪ	mˌedʒitadɐmˈeɪŋtʃɪ
medonhamente	mˌedoɲɐmˈeɪŋtʃɪ	mˌedoɲɐmˈeɪŋtʃɪ
medrosamente	mˌedɾozɐmˈeɪŋtʃɪ	mˌedɾɔzɐmˈeɪŋtʃɪ
melancolicamente	mˌelɐ̃ŋkˌolikɐmˈeɪŋtʃɪ	mˌelɐ̃ŋkˌolikɐmˈeɪŋtʃɪ
melhormente	mˌeʎoɾmˈeɪŋtʃɪ	mˌeʎoɾmˈeɪŋtʃɪ
melodramaticamente	mˌelodɾˌɐmatʃˌikɐmˈeɪŋtʃɪ	mˌelodɾˌɐmatʃikɐmˈeɪŋtʃɪ
mensalmente	mˌeɪŋsaʊmˈeɪŋtʃɪ	mˌeɪŋsaʊmˈeɪŋtʃɪ
mentalmente	mˌeɪŋtaʊmˈeɪŋtʃɪ	mˌeɪŋtaʊmˈeɪŋtʃɪ
mente	mˈeɪŋtʃɪ	mˈeɪŋtʃɪ
meramente	mˌeɾɐmˈeɪŋtʃɪ	mɛɾɐmˈeɪŋtʃɪ
merecidamente	mˌeɾesˌidɐmˈeɪŋtʃɪ	mˌeɾesidɐmˈeɪŋtʃɪ
mesmamente	mˌezmɐmˈeɪŋtʃɪ	mezmɐmˈeɪŋtʃɪ
mesquinhamente	mˌeskiɲɐmˈeɪŋtʃɪ	mˌeskiɲɐmˈeɪŋtʃɪ
mesuradamente	mˌezuɾˌadɐmˈeɪŋtʃɪ	mˌezuɾadɐmˈeɪŋtʃɪ
metaforicamente	mˌetafˌoɾikɐmˈeɪŋtʃɪ	mˌetafˌoɾikɐmˈeɪŋtʃɪ
meticulosamente	mˌetʃikˌulozɐmˈeɪŋtʃɪ	mˌetʃikˌulɔzɐmˈeɪŋtʃɪ
metodicamente	mˌetodʒˌikɐmˈeɪŋtʃɪ	mˌetodʒikɐmˈeɪŋtʃɪ
metodologicamente	mˌetodˌoloʒˌikɐmˈeɪŋtʃɪ	mˌetodˌoloʒikɐmˈeɪŋtʃɪ
metricamente	mˌetɾikɐmˈeɪŋtʃɪ	mˌetɾikɐmˈeɪŋtʃɪ
microscopicamente	mˌikɾoskˌopikɐmˈeɪŋtʃɪ	mˌikɾoskˌopikɐmˈeɪŋtʃɪ
milagrosamente	mˌilaɡɾˌozɐmˈeɪŋtʃɪ	mˌilaɡɾɔzɐmˈeɪŋtʃɪ
militantemente	mˌilitˌɐ̃ŋtemˈeɪŋtʃɪ	mˌilitɐ̃ŋtʃɪmˈeɪŋtʃɪ
militarmente	mˌilitaɾmˈeɪŋtʃɪ	mˌilitaɾmˈeɪŋtʃɪ
mimicamente	mˌimikɐmˈeɪŋtʃɪ	mˌimikɐmˈeɪŋtʃɪ
mineralogicamente	mˌineɾˌaloʒˌikɐmˈeɪŋtʃɪ	mˌineɾˌaloʒikɐmˈeɪŋtʃɪ
minimamente	mˌinimɐmˈeɪŋtʃɪ	mˌinimɐmˈeɪŋtʃɪ
minuciosamente	mˌinusˌiozɐmˈeɪŋtʃɪ	mˌinusˌiɔzɐmˈeɪŋtʃɪ
minusculamente	mˌinuskˌulɐmˈeɪŋtʃɪ	mˌinuskulɐmˈeɪŋtʃɪ
miraculosamente	mˌiɾakˌulozɐmˈeɪŋtʃɪ	mˌiɾakˌulɔzɐmˈeɪŋtʃɪ
miseramente	mˌizeɾɐmˈeɪŋtʃɪ	mˌizɛɾɐmˈeɪŋtʃɪ
miseravelmente	mˌizeɾˌavɛʊmˈeɪŋtʃɪ	mˌizeɾˌavɛʊmˈeɪŋtʃɪ
misericordiosamente	mˌizeɾˌikoɾdʒˌiozɐmˈeɪŋtʃɪ	mˌizeɾˌikoɾdʒˌiɔzɐmˈeɪŋtʃɪ
misteriosamente	mˌisteɾˌiozɐmˈeɪŋtʃɪ	mˌisteɾˌiɔzɐmˈeɪŋtʃɪ
miudamente	mjˌudɐmˈeɪŋtʃɪ	mjudɐmˈeɪŋtʃɪ
moderadamente	mˌodeɾˌadɐmˈeɪŋtʃɪ	mˌodeɾadɐmˈeɪŋtʃɪ
modernamente	mˌodeɾnɐmˈeɪŋtʃɪ	mˌodɛɾnɐmˈeɪŋtʃɪ
modestamente	mˌodestɐmˈeɪŋtʃɪ	mˌodɛstɐmˈeɪŋtʃɪ
moduladamente	mˌodulˌadɐmˈeɪŋtʃɪ	mˌoduladɐmˈeɪŋtʃɪ
momentaneamente	mˌomeɪŋtˌɐneɐmˈeɪŋtʃɪ	mˌomeɪŋtˌɐneɐmˈeɪŋtʃɪ
monetariamente	mˌonetˌaɾiɐmˈeɪŋtʃɪ	mˌonetˌaɾiɐmˈeɪŋtʃɪ
monocromaticamente	mˌonokɾˌomatʃˌikɐmˈeɪŋtʃɪ	mˌonokɾˌomatʃikɐmˈeɪŋtʃɪ
monotonamente	mˌonotˌonɐmˈeɪŋtʃɪ	mˌonotonɐmˈeɪŋtʃɪ
moralmente	mˌoɾaʊmˈeɪŋtʃɪ	mˌoɾaʊmˈeɪŋtʃɪ
morfologicamente	mˌoɾfolˌoʒikɐmˈeɪŋtʃɪ	mˌoɾfolˌoʒikɐmˈeɪŋtʃɪ
mormente	mˌoɾmˈeɪŋtʃɪ	mˌoɾmˈeɪŋtʃɪ
morosamente	mˌoɾozɐmˈeɪŋtʃɪ	mˌoɾɔzɐmˈeɪŋtʃɪ
mortalmente	mˌoɾtaʊmˈeɪŋtʃɪ	mˌoɾtaʊmˈeɪŋtʃɪ
movimente	mˌovimˈeɪŋtʃɪ	mˌovimˈeɪŋtʃɪ
mudamente	mˌudɐmˈeɪŋtʃɪ	mudɐmˈeɪŋtʃɪ
multilateralmente	mˌuwtʃilˌateɾaʊmˈeɪŋtʃɪ	mˌuwtʃilˌateɾaʊmˈeɪŋtʃɪ
multiplamente	mˌuwtʃiplɐmˈeɪŋtʃɪ	mˌuwtʃiplɐmˈeɪŋtʃɪ
mundialmente	mˌũŋdʒiaʊmˈeɪŋtʃɪ	mˌũŋdʒiaʊmˈeɪŋtʃɪ
musicalmente	mˌuzikaʊmˈeɪŋtʃɪ	mˌuzikaʊmˈeɪŋtʃɪ
mutuamente	mˌutuɐmˈeɪŋtʃɪ	mˌutuɐmˈeɪŋtʃɪ
nacionalmente	nˌasɪˌonaʊmˈeɪŋtʃɪ	nˌasɪˌonaʊmˈeɪŋtʃɪ
naturalmente	nˌatuɾaʊmˈeɪŋtʃɪ	nˌatuɾaʊmˈeɪŋtʃɪ
nebulosamente	nˌebulˌozɐmˈeɪŋtʃɪ	nˌebulɔzɐmˈeɪŋtʃɪ
necessariamente	nˌesesˌaɾiɐmˈeɪŋtʃɪ	nˌesesˌaɾiɐmˈeɪŋtʃɪ
negativamente	nˌeɡatʃˌivɐmˈeɪŋtʃɪ	nˌeɡatʃivɐmˈeɪŋtʃɪ
negligentemente	nˌeɡliʒˌeɪŋtemˈeɪŋtʃɪ	nˌeɡliʒeɪŋtʃɪmˈeɪŋtʃɪ
nervosamente	nˌeɾvozɐmˈeɪŋtʃɪ	nˌeɾvɔzɐmˈeɪŋtʃɪ
nesciamente	nˌesiɐmˈeɪŋtʃɪ	nˌesiɐmˈeɪŋtʃɪ
neutralmente	nˌeutɾaʊmˈeɪŋtʃɪ	nˌeutɾaʊmˈeɪŋtʃɪ
nitidamente	nˌitʃidɐmˈeɪŋtʃɪ	nˌitʃidɐmˈeɪŋtʃɪ
nobremente	nˌobɾemˈeɪŋtʃɪ	nɔbɾɪmˈeɪŋtʃɪ
nocivamente	nˌosivɐmˈeɪŋtʃɪ	nˌosivɐmˈeɪŋtʃɪ
nomeadamente	nˌomeˌadɐmˈeɪŋtʃɪ	nˌomeadɐmˈeɪŋtʃɪ
nominalmente	nˌominaʊmˈeɪŋtʃɪ	nˌominaʊmˈeɪŋtʃɪ
normalmente	nˌoɾmaʊmˈeɪŋtʃɪ	nˌoɾmaʊmˈeɪŋtʃɪ
notacionalmente	nˌotasˌɪonaʊmˈeɪŋtʃɪ	nˌotasˌɪonaʊmˈeɪŋtʃɪ
notadamente	nˌotadɐmˈeɪŋtʃɪ	nˌotadɐmˈeɪŋtʃɪ
notarialmente	nˌotaɾˌiaʊmˈeɪŋtʃɪ	nˌotaɾˌiaʊmˈeɪŋtʃɪ
notavelmente	nˌotavɛʊmˈeɪŋtʃɪ	nˌotavɛʊmˈeɪŋtʃɪ
notoriamente	nˌotoɾˌiɐmˈeɪŋtʃɪ	nˌotoɾiɐmˈeɪŋtʃɪ
novamente	nˌovɐmˈeɪŋtʃɪ	nɔvɐmˈeɪŋtʃɪ
nuamente	nˌuɐmˈeɪŋtʃɪ	nuɐmˈeɪŋtʃɪ
nulamente	nˌulɐmˈeɪŋtʃɪ	nulɐmˈeɪŋtʃɪ
numericamente	nˌumeɾˌikɐmˈeɪŋtʃɪ	nˌumeɾikɐmˈeɪŋtʃɪ
obcecadamente	ˌobsekˌadɐmˈeɪŋtʃɪ	ˌobsekadɐmˈeɪŋtʃɪ
obedientemente	ˌobedʒˌieɪŋtemˈeɪŋtʃɪ	ˌobedʒˌieɪŋtʃɪmˈeɪŋtʃɪ
objetivamente	ˌobʒetʃˌivɐmˈeɪŋtʃɪ	ˌobʒetʃivɐmˈeɪŋtʃɪ
obliquamente	ˌoblikwɐmˈeɪŋtʃɪ	ˌoblikwɐmˈeɪŋtʃɪ
obrigatoriamente	ˌobɾiɡˌatoɾˌiɐmˈeɪŋtʃɪ	ˌobɾiɡˌatoɾiɐmˈeɪŋtʃɪ
obscenamente	ˌobsenɐmˈeɪŋtʃɪ	ˌobsenɐmˈeɪŋtʃɪ
obscuramente	ˌobskuɾɐmˈeɪŋtʃɪ	ˌobskuɾɐmˈeɪŋtʃɪ
obsequiosamente	ˌobsekˌiozɐmˈeɪŋtʃɪ	ˌobsekˌiɔzɐmˈeɪŋtʃɪ
observacionalmente	ˌobseɾvˌasɪˌonaʊmˈeɪŋtʃɪ	ˌobseɾvˌasɪˌonaʊmˈeɪŋtʃɪ
obsessivamente	ˌobsesˌivɐmˈeɪŋtʃɪ	ˌobsesivɐmˈeɪŋtʃɪ
obstinadamente	ˌobstʃinˌadɐmˈeɪŋtʃɪ	ˌobstʃinadɐmˈeɪŋtʃɪ
obtusamente	ˌobtuzɐmˈeɪŋtʃɪ	ˌobtuzɐmˈeɪŋtʃɪ
obviamente	ˌobviɐmˈeɪŋtʃɪ	ˌobviɐmˈeɪŋtʃɪ
ocasionalmente	ˌokazˌɪonaʊmˈeɪŋtʃɪ	ˌokazˌɪonaʊmˈeɪŋtʃɪ
ocultamente	ˌokuwtɐmˈeɪŋtʃɪ	ˌokuwtɐmˈeɪŋtʃɪ
odiosamente	ˌodʒiˌozɐmˈeɪŋtʃɪ	ˌodʒiɔzɐmˈeɪŋtʃɪ
ofensivamente	ˌofeɪŋsˌivɐmˈeɪŋtʃɪ	ˌofeɪŋsivɐmˈeɪŋtʃɪ
oficialmente	ˌofisˌiaʊmˈeɪŋtʃɪ	ˌofisˌiaʊmˈeɪŋtʃɪ
oficiosamente	ˌofisˌiozɐmˈeɪŋtʃɪ	ˌofisˌiɔzɐmˈeɪŋtʃɪ
ontologicamente	ˌoŋtolˌoʒikɐmˈeɪŋtʃɪ	ˌoŋtolˌoʒikɐmˈeɪŋtʃɪ
opcionalmente	ˌopsɪˌonaʊmˈeɪŋtʃɪ	ˌopsɪˌonaʊmˈeɪŋtʃɪ
operacionalmente	ˌopeɾˌasɪˌonaʊmˈeɪŋtʃɪ	ˌopeɾˌasɪˌonaʊmˈeɪŋtʃɪ
oportunamente	ˌopoɾtˌunɐmˈeɪŋtʃɪ	ˌopoɾtunɐmˈeɪŋtʃɪ
oprimente	ˌopɾimˈeɪŋtʃɪ	ˌopɾimˈeɪŋtʃɪ
oralmente	ˌoɾaʊmˈeɪŋtʃɪ	ˌoɾaʊmˈeɪŋtʃɪ
oratoriamente	ˌoɾatˌoɾiɐmˈeɪŋtʃɪ	ˌoɾatˌoɾiɐmˈeɪŋtʃɪ
orçamente	ˌoɾsɐmˈeɪŋtʃɪ	ɔɾsɐmˈeɪŋtʃɪ
ordenadamente	ˌoɾdenˌadɐmˈeɪŋtʃɪ	ˌoɾdenadɐmˈeɪŋtʃɪ
ordinariamente	ˌoɾdʒinˌaɾiɐmˈeɪŋtʃɪ	ˌoɾdʒinˌaɾiɐmˈeɪŋtʃɪ
organicamente	ˌoɾɡɐnˌikɐmˈeɪŋtʃɪ	ˌoɾɡɐnikɐmˈeɪŋtʃɪ
orgânicamente	ˌoɾɡˈɐ̃nikˌɐmeɪŋtʃɪ	ˌoɾɡˈɐ̃nikɐmˈeɪŋtʃɪ
orgulhosamente	ˌoɾɡuʎˌozɐmˈeɪŋtʃɪ	ˌoɾɡuʎɔzɐmˈeɪŋtʃɪ
originalmente	ˌoɾiʒˌinaʊmˈeɪŋtʃɪ	ˌoɾiʒˌinaʊmˈeɪŋtʃɪ
originariamente	ˌoɾiʒˌinaɾˌiɐmˈeɪŋtʃɪ	ˌoɾiʒˌinaɾiɐmˈeɪŋtʃɪ
ornamente	ˌoɾnɐmˈeɪŋtʃɪ	ɔɾnɐmˈeɪŋtʃɪ
ortodoxamente	ˌoɾtodˌoksɐmˈeɪŋtʃɪ	ˌoɾtodɔksɐmˈeɪŋtʃɪ
ortogonalmente	ˌoɾtoɡˌonaʊmˈeɪŋtʃɪ	ˌoɾtoɡˌonaʊmˈeɪŋtʃɪ
ortograficamente	ˌoɾtoɡɾˌafikɐmˈeɪŋtʃɪ	ˌoɾtoɡɾˌafikɐmˈeɪŋtʃɪ
ostensivamente	ˌosteɪŋsˌivɐmˈeɪŋtʃɪ	ˌosteɪŋsivɐmˈeɪŋtʃɪ
ostentosamente	ˌosteɪŋtˌozɐmˈeɪŋtʃɪ	ˌosteɪŋtɔzɐmˈeɪŋtʃɪ
oticamente	ˌotʃikɐmˈeɪŋtʃɪ	ˌotʃikɐmˈeɪŋtʃɪ
otimamente	ˌotʃimɐmˈeɪŋtʃɪ	ˌotʃimɐmˈeɪŋtʃɪ
ousadamente	ˌoʊzadɐmˈeɪŋtʃɪ	ˌoʊzadɐmˈeɪŋtʃɪ
pacatamente	pˌakatɐmˈeɪŋtʃɪ	pˌakatɐmˈeɪŋtʃɪ
pachorrentamente	pˌaʃoxˌeɪŋtɐmˈeɪŋtʃɪ	pˌaʃoxeɪŋtɐmˈeɪŋtʃɪ
pacientemente	pˌasiˌeɪŋtemˈeɪŋtʃɪ	pˌasieɪŋtʃɪmˈeɪŋtʃɪ
pacificamente	pˌasifˌikɐmˈeɪŋtʃɪ	pˌasifikɐmˈeɪŋtʃɪ
palidamente	pˌalidɐmˈeɪŋtʃɪ	pˌalidɐmˈeɪŋtʃɪ
paradigmaticamente	pˌaɾadʒˌiɡmatʃˌikɐmˈeɪŋtʃɪ	pˌaɾadʒˌiɡmatʃikɐmˈeɪŋtʃɪ
paradoxalmente	pˌaɾadˌoksaʊmˈeɪŋtʃɪ	pˌaɾadˌoksaʊmˈeɪŋtʃɪ
paralelamente	pˌaɾalˌelɐmˈeɪŋtʃɪ	pˌaɾalɛlɐmˈeɪŋtʃɪ
paramente	pˌaɾɐmˈeɪŋtʃɪ	paɾɐmˈeɪŋtʃɪ
parasitariamente	pˌaɾazˌitaɾˌiɐmˈeɪŋtʃɪ	pˌaɾazˌitaɾiɐmˈeɪŋtʃɪ
parcamente	pˌaɾkɐmˈeɪŋtʃɪ	paɾkɐmˈeɪŋtʃɪ
parceladamente	pˌaɾselˌadɐmˈeɪŋtʃɪ	pˌaɾseladɐmˈeɪŋtʃɪ
parcelarmente	pˌaɾselaɾmˈeɪŋtʃɪ	pˌaɾselaɾmˈeɪŋtʃɪ
parcialmente	pˌaɾsiaʊmˈeɪŋtʃɪ	pˌaɾsiaʊmˈeɪŋtʃɪ
parcimoniosamente	pˌaɾsimˌoniˌozɐmˈeɪŋtʃɪ	pˌaɾsimˌoniɔzɐmˈeɪŋtʃɪ
particularmente	pˌaɾtʃikˌulaɾmˈeɪŋtʃɪ	pˌaɾtʃikˌulaɾmˈeɪŋtʃɪ
parvamente	pˌaɾvɐmˈeɪŋtʃɪ	paɾvɐmˈeɪŋtʃɪ
passageiramente	pˌasaʒˌeɪɾɐmˈeɪŋtʃɪ	pˌasaʒeɪɾɐmˈeɪŋtʃɪ
passivamente	pˌasivɐmˈeɪŋtʃɪ	pˌasivɐmˈeɪŋtʃɪ
paternalmente	pˌateɾnaʊmˈeɪŋtʃɪ	pˌateɾnaʊmˈeɪŋtʃɪ
pateticamente	pˌatetʃˌikɐmˈeɪŋtʃɪ	pˌatetʃikɐmˈeɪŋtʃɪ
patriarcalmente	pˌatɾiˌaɾkaʊmˈeɪŋtʃɪ	pˌatɾiˌaɾkaʊmˈeɪŋtʃɪ
patrimonialmente	pˌatɾimˌoniaʊmˈeɪŋtʃɪ	pˌatɾimˌoniaʊmˈeɪŋtʃɪ
paulatinamente	pˌaʊlatʃˌinɐmˈeɪŋtʃɪ	pˌaʊlatʃinɐmˈeɪŋtʃɪ
pausadamente	pˌaʊzadɐmˈeɪŋtʃɪ	pˌaʊzadɐmˈeɪŋtʃɪ
pavimente	pˌavimˈeɪŋtʃɪ	pˌavimˈeɪŋtʃɪ
pecaminosamente	pˌekɐmˌinozɐmˈeɪŋtʃɪ	pˌekɐmˌinɔzɐmˈeɪŋtʃɪ
pecuniariamente	pˌekunˌiaɾˌiɐmˈeɪŋtʃɪ	pˌekunˌiaɾiɐmˈeɪŋtʃɪ
pedagogicamente	pˌedaɡˌoʒikɐmˈeɪŋtʃɪ	pˌedaɡˌoʒikɐmˈeɪŋtʃɪ
pejorativamente	pˌeʒoɾˌatʃivɐmˈeɪŋtʃɪ	pˌeʒoɾˌatʃivɐmˈeɪŋtʃɪ
pendentemente	pˌeɪŋdeɪŋtemˈeɪŋtʃɪ	pˌeɪŋdeɪŋtʃɪmˈeɪŋtʃɪ
penetrantemente	pˌenetɾˌɐ̃ŋtemˈeɪŋtʃɪ	pˌenetɾɐ̃ŋtʃɪmˈeɪŋtʃɪ
penetravelmente	pˌenetɾˌavɛʊmˈeɪŋtʃɪ	pˌenetɾˌavɛʊmˈeɪŋtʃɪ
penitentemente	pˌenitˌeɪŋtemˈeɪŋtʃɪ	pˌeniteɪŋtʃɪmˈeɪŋtʃɪ
penosamente	pˌenozɐmˈeɪŋtʃɪ	pˌenɔzɐmˈeɪŋtʃɪ
pensativamente	pˌeɪŋsatʃˌivɐmˈeɪŋtʃɪ	pˌeɪŋsatʃivɐmˈeɪŋtʃɪ
percentualmente	pˌeɾseɪŋtˌuaʊmˈeɪŋtʃɪ	pˌeɾseɪŋtˌuaʊmˈeɪŋtʃɪ
perdidamente	pˌeɾdʒidɐmˈeɪŋtʃɪ	pˌeɾdʒidɐmˈeɪŋtʃɪ
perdulariamente	pˌeɾdulˌaɾiɐmˈeɪŋtʃɪ	pˌeɾdulˌaɾiɐmˈeɪŋtʃɪ
perduravelmente	pˌeɾduɾˌavɛʊmˈeɪŋtʃɪ	pˌeɾduɾˌavɛʊmˈeɪŋtʃɪ
peregrinamente	pˌeɾeɡɾˌinɐmˈeɪŋtʃɪ	pˌeɾeɡɾinɐmˈeɪŋtʃɪ
perenemente	pˌeɾenemˈeɪŋtʃɪ	pˌeɾenɪmˈeɪŋtʃɪ
perentoriamente	pˌeɾeɪŋtˌoɾiɐmˈeɪŋtʃɪ	pˌeɾeɪŋtˌoɾiɐmˈeɪŋtʃɪ
perfeitamente	pˌeɾfeɪtɐmˈeɪŋtʃɪ	pˌeɾfeɪtɐmˈeɪŋtʃɪ
perfidamente	pˌeɾfidɐmˈeɪŋtʃɪ	pˌeɾfidɐmˈeɪŋtʃɪ
perigosamente	pˌeɾiɡˌozɐmˈeɪŋtʃɪ	pˌeɾiɡɔzɐmˈeɪŋtʃɪ
periodicamente	pˌeɾiˌodʒikɐmˈeɪŋtʃɪ	pˌeɾiˌodʒikɐmˈeɪŋtʃɪ
permanentemente	pˌeɾmɐnˌeɪŋtemˈeɪŋtʃɪ	pˌeɾmɐneɪŋtʃɪmˈeɪŋtʃɪ
perniciosamente	pˌeɾnisˌiozɐmˈeɪŋtʃɪ	pˌeɾnisˌiɔzɐmˈeɪŋtʃɪ
perpendicularmente	pˌeɾpeɪŋdʒˌikulaɾmˈeɪŋtʃɪ	pˌeɾpeɪŋdʒˌikulaɾmˈeɪŋtʃɪ
perpetuadamente	pˌeɾpetˌuadɐmˈeɪŋtʃɪ	pˌeɾpetˌuadɐmˈeɪŋtʃɪ
perpetuamente	pˌeɾpetˌuɐmˈeɪŋtʃɪ	pˌeɾpetuɐmˈeɪŋtʃɪ
perseverantemente	pˌeɾsevˌeɾɐ̃ŋtemˈeɪŋtʃɪ	pˌeɾsevˌeɾɐ̃ŋtʃɪmˈeɪŋtʃɪ
persistentemente	pˌeɾsistˌeɪŋtemˈeɪŋtʃɪ	pˌeɾsisteɪŋtʃɪmˈeɪŋtʃɪ
perversamente	pˌeɾveɾsɐmˈeɪŋtʃɪ	pˌeɾvɛɾsɐmˈeɪŋtʃɪ
pesadamente	pˌezadɐmˈeɪŋtʃɪ	pˌezadɐmˈeɪŋtʃɪ
pesarosamente	pˌezaɾˌozɐmˈeɪŋtʃɪ	pˌezaɾɔzɐmˈeɪŋtʃɪ
pessimamente	pˌesimɐmˈeɪŋtʃɪ	pˌesimɐmˈeɪŋtʃɪ
pessoalmente	pˌesoaʊmˈeɪŋtʃɪ	pˌesoaʊmˈeɪŋtʃɪ
piamente	pˌiɐmˈeɪŋtʃɪ	piɐmˈeɪŋtʃɪ
piedosamente	pˌiedˌozɐmˈeɪŋtʃɪ	pˌiedɔzɐmˈeɪŋtʃɪ
pifiamente	pˌifiɐmˈeɪŋtʃɪ	pˌifiɐmˈeɪŋtʃɪ
pigmente	pˌiɡmˈeɪŋtʃɪ	pˌiɡmˈeɪŋtʃɪ
placidamente	plˌasidɐmˈeɪŋtʃɪ	plˌasidɐmˈeɪŋtʃɪ
planamente	plˌɐnɐmˈeɪŋtʃɪ	plɐ̃nɐmˈeɪŋtʃɪ
platonicamente	plˌatonˌikɐmˈeɪŋtʃɪ	plˌatonikɐmˈeɪŋtʃɪ
plenamente	plˌenɐmˈeɪŋtʃɪ	plenɐmˈeɪŋtʃɪ
pleonasticamente	plˌeonˌastʃikɐmˈeɪŋtʃɪ	plˌeonˌastʃikɐmˈeɪŋtʃɪ
pobremente	pˌobɾemˈeɪŋtʃɪ	pɔbɾɪmˈeɪŋtʃɪ
poderosamente	pˌodeɾˌozɐmˈeɪŋtʃɪ	pˌodeɾɔzɐmˈeɪŋtʃɪ
poeticamente	pˌoetʃˌikɐmˈeɪŋtʃɪ	pˌoetʃikɐmˈeɪŋtʃɪ
polemicamente	pˌolemˌikɐmˈeɪŋtʃɪ	pˌolemikɐmˈeɪŋtʃɪ
polidamente	pˌolidɐmˈeɪŋtʃɪ	pˌolidɐmˈeɪŋtʃɪ
politicamente	pˌolitʃˌikɐmˈeɪŋtʃɪ	pˌolitʃikɐmˈeɪŋtʃɪ
pomposamente	pˌompozɐmˈeɪŋtʃɪ	pˌompɔzɐmˈeɪŋtʃɪ
pontualmente	pˌoŋtuaʊmˈeɪŋtʃɪ	pˌoŋtuaʊmˈeɪŋtʃɪ
popularmente	pˌopulaɾmˈeɪŋtʃɪ	pˌopulaɾmˈeɪŋtʃɪ
porcamente	pˌoɾkɐmˈeɪŋtʃɪ	pɔɾkɐmˈeɪŋtʃɪ
pormenorizadamente	pˌoɾmenˌoɾizˌadɐmˈeɪŋtʃɪ	pˌoɾmenˌoɾizadɐmˈeɪŋtʃɪ
positivamente	pˌozitʃˌivɐmˈeɪŋtʃɪ	pˌozitʃivɐmˈeɪŋtʃɪ
possivelmente	pˌosivɛʊmˈeɪŋtʃɪ	pˌosivɛʊmˈeɪŋtʃɪ
posteriormente	pˌosteɾˌioɾmˈeɪŋtʃɪ	pˌosteɾˌioɾmˈeɪŋtʃɪ
postumamente	pˌostumɐmˈeɪŋtʃɪ	pˌostumɐmˈeɪŋtʃɪ
potencialmente	pˌoteɪŋsˌiaʊmˈeɪŋtʃɪ	pˌoteɪŋsˌiaʊmˈeɪŋtʃɪ
pragmaticamente	pɾˌaɡmatʃˌikɐmˈeɪŋtʃɪ	pɾˌaɡmatʃikɐmˈeɪŋtʃɪ
praticamente	pɾˌatʃikɐmˈeɪŋtʃɪ	pɾˌatʃikɐmˈeɪŋtʃɪ
precedentemente	pɾˌesedˌeɪŋtemˈeɪŋtʃɪ	pɾˌesedeɪŋtʃɪmˈeɪŋtʃɪ
preciosamente	pɾˌesiˌozɐmˈeɪŋtʃɪ	pɾˌesiɔzɐmˈeɪŋtʃɪ
precipitadamente	pɾˌesipˌitadɐmˈeɪŋtʃɪ	pɾˌesipˌitadɐmˈeɪŋtʃɪ
precisamente	pɾˌesizɐmˈeɪŋtʃɪ	pɾˌesizɐmˈeɪŋtʃɪ
precocemente	pɾˌekosemˈeɪŋtʃɪ	pɾˌekɔsɪmˈeɪŋtʃɪ
predominantemente	pɾˌedomˌinɐ̃ŋtemˈeɪŋtʃɪ	pɾˌedomˌinɐ̃ŋtʃɪmˈeɪŋtʃɪ
preferencialmente	pɾˌefeɾˌeɪŋsiaʊmˈeɪŋtʃɪ	pɾˌefeɾˌeɪŋsiaʊmˈeɪŋtʃɪ
preferentemente	pɾˌefeɾˌeɪŋtemˈeɪŋtʃɪ	pɾˌefeɾeɪŋtʃɪmˈeɪŋtʃɪ
preferivelmente	pɾˌefeɾˌivɛʊmˈeɪŋtʃɪ	pɾˌefeɾˌivɛʊmˈeɪŋtʃɪ
preguiçosamente	pɾˌeɡisˌozɐmˈeɪŋtʃɪ	pɾˌeɡisɔzɐmˈeɪŋtʃɪ
prejudicialmente	pɾˌeʒudʒˌisiaʊmˈeɪŋtʃɪ	pɾˌeʒudʒˌisiaʊmˈeɪŋtʃɪ
preliminarmente	pɾˌelimˌinaɾmˈeɪŋtʃɪ	pɾˌelimˌinaɾmˈeɪŋtʃɪ
prematuramente	pɾˌematˌuɾɐmˈeɪŋtʃɪ	pɾˌematuɾɐmˈeɪŋtʃɪ
premeditadamente	pɾˌemedʒˌitadɐmˈeɪŋtʃɪ	pɾˌemedʒˌitadɐmˈeɪŋtʃɪ
premente	pɾˌemˈeɪŋtʃɪ	pɾˌemˈeɪŋtʃɪ
presencialmente	pɾˌezeɪŋsˌiaʊmˈeɪŋtʃɪ	pɾˌezeɪŋsˌiaʊmˈeɪŋtʃɪ
presentemente	pɾˌezeɪŋtemˈeɪŋtʃɪ	pɾˌezeɪŋtʃɪmˈeɪŋtʃɪ
pressurosamente	pɾˌesuɾˌozɐmˈeɪŋtʃɪ	pɾˌesuɾɔzɐmˈeɪŋtʃɪ
prestesmente	pɾˌestezmˈeɪŋtʃɪ	pɾestɪsmˈeɪŋtʃɪ
presumidamente	pɾˌezumˌidɐmˈeɪŋtʃɪ	pɾˌezumidɐmˈeɪŋtʃɪ
presumivelmente	pɾˌezumˌivɛʊmˈeɪŋtʃɪ	pɾˌezumˌivɛʊmˈeɪŋtʃɪ
presunçosamente	pɾˌezũŋsˌozɐmˈeɪŋtʃɪ	pɾˌezũŋsɔzɐmˈeɪŋtʃɪ
pretensamente	pɾˌeteɪŋsɐmˈeɪŋtʃɪ	pɾˌeteɪŋsɐmˈeɪŋtʃɪ
preventivamente	pɾˌeveɪŋtʃˌivɐmˈeɪŋtʃɪ	pɾˌeveɪŋtʃivɐmˈeɪŋtʃɪ
previamente	pɾˌeviɐmˈeɪŋtʃɪ	pɾˌeviɐmˈeɪŋtʃɪ
previsivelmente	pɾˌevizˌivɛʊmˈeɪŋtʃɪ	pɾˌevizˌivɛʊmˈeɪŋtʃɪ
primariamente	pɾˌimaɾˌiɐmˈeɪŋtʃɪ	pɾˌimaɾiɐmˈeɪŋtʃɪ
primeiramente	pɾˌimeɪɾɐmˈeɪŋtʃɪ	pɾˌimeɪɾɐmˈeɪŋtʃɪ
primitivamente	pɾˌimitʃˌivɐmˈeɪŋtʃɪ	pɾˌimitʃivɐmˈeɪŋtʃɪ
primordialmente	pɾˌimoɾdʒˌiaʊmˈeɪŋtʃɪ	pɾˌimoɾdʒˌiaʊmˈeɪŋtʃɪ
primorosamente	pɾˌimoɾˌozɐmˈeɪŋtʃɪ	pɾˌimoɾɔzɐmˈeɪŋtʃɪ
principalmente	pɾˌiŋsipaʊmˈeɪŋtʃɪ	pɾˌiŋsipaʊmˈeɪŋtʃɪ
prioritariamente	pɾˌioɾˌitaɾˌiɐmˈeɪŋtʃɪ	pɾˌioɾˌitaɾiɐmˈeɪŋtʃɪ
privadamente	pɾˌivadɐmˈeɪŋtʃɪ	pɾˌivadɐmˈeɪŋtʃɪ
privativamente	pɾˌivatʃˌivɐmˈeɪŋtʃɪ	pɾˌivatʃivɐmˈeɪŋtʃɪ
probabilisticamente	pɾˌobabˌilistʃˌikɐmˈeɪŋtʃɪ	pɾˌobabˌilistʃikɐmˈeɪŋtʃɪ
problematicamente	pɾˌoblemˌatʃikɐmˈeɪŋtʃɪ	pɾˌoblemˌatʃikɐmˈeɪŋtʃɪ
processionalmente	pɾˌosesˌɪonaʊmˈeɪŋtʃɪ	pɾˌosesˌɪonaʊmˈeɪŋtʃɪ
processualmente	pɾˌosesˌuaʊmˈeɪŋtʃɪ	pɾˌosesˌuaʊmˈeɪŋtʃɪ
prodigamente	pɾˌodʒiɡɐmˈeɪŋtʃɪ	pɾˌodʒiɡɐmˈeɪŋtʃɪ
prodigiosamente	pɾˌodʒiʒˌiozɐmˈeɪŋtʃɪ	pɾˌodʒiʒˌiɔzɐmˈeɪŋtʃɪ
produtivamente	pɾˌodutʃˌivɐmˈeɪŋtʃɪ	pɾˌodutʃivɐmˈeɪŋtʃɪ
proeminentemente	pɾˌoemˌineɪŋtemˈeɪŋtʃɪ	pɾˌoemˌineɪŋtʃɪmˈeɪŋtʃɪ
proficientemente	pɾˌofisˌieɪŋtemˈeɪŋtʃɪ	pɾˌofisˌieɪŋtʃɪmˈeɪŋtʃɪ
proficuamente	pɾˌofikˌuɐmˈeɪŋtʃɪ	pɾˌofikuɐmˈeɪŋtʃɪ
profissionalmente	pɾˌofisˌɪonaʊmˈeɪŋtʃɪ	pɾˌofisˌɪonaʊmˈeɪŋtʃɪ
profundamente	pɾˌofũŋdɐmˈeɪŋtʃɪ	pɾˌofũŋdɐmˈeɪŋtʃɪ
profusamente	pɾˌofuzɐmˈeɪŋtʃɪ	pɾˌofuzɐmˈeɪŋtʃɪ
programadamente	pɾˌoɡɾɐmˌadɐmˈeɪŋtʃɪ	pɾˌoɡɾɐmadɐmˈeɪŋtʃɪ
programaticamente	pɾˌoɡɾɐmˌatʃikɐmˈeɪŋtʃɪ	pɾˌoɡɾɐmˌatʃikɐmˈeɪŋtʃɪ
progressivamente	pɾˌoɡɾesˌivɐmˈeɪŋtʃɪ	pɾˌoɡɾesivɐmˈeɪŋtʃɪ
proibitivamente	pɾˌoɪbitʃˌivɐmˈeɪŋtʃɪ	pɾˌoɪbitʃivɐmˈeɪŋtʃɪ
prolongadamente	pɾˌoloŋɡˌadɐmˈeɪŋtʃɪ	pɾˌoloŋɡadɐmˈeɪŋtʃɪ
prometedoramente	pɾˌometˌedoɾɐmˈeɪŋtʃɪ	pɾˌometˌedoɾɐmˈeɪŋtʃɪ
promocionalmente	pɾˌomosˌɪonaʊmˈeɪŋtʃɪ	pɾˌomosˌɪonaʊmˈeɪŋtʃɪ
pronominalmente	pɾˌonomˌinaʊmˈeɪŋtʃɪ	pɾˌonomˌinaʊmˈeɪŋtʃɪ
prontamente	pɾˌoŋtɐmˈeɪŋtʃɪ	pɾoŋtɐmˈeɪŋtʃɪ
pronunciadamente	pɾˌonũŋsˌiadɐmˈeɪŋtʃɪ	pɾˌonũŋsˌiadɐmˈeɪŋtʃɪ
proporcionalmente	pɾˌopoɾsˌɪonaʊmˈeɪŋtʃɪ	pɾˌopoɾsˌɪonaʊmˈeɪŋtʃɪ
propositadamente	pɾˌopozˌitadɐmˈeɪŋtʃɪ	pɾˌopozˌitadɐmˈeɪŋtʃɪ
propriamente	pɾˌopɾiɐmˈeɪŋtʃɪ	pɾˌopɾiɐmˈeɪŋtʃɪ
prosaicamente	pɾˌozaɪkɐmˈeɪŋtʃɪ	pɾˌozaɪkɐmˈeɪŋtʃɪ
prosperamente	pɾˌospeɾɐmˈeɪŋtʃɪ	pɾˌospɛɾɐmˈeɪŋtʃɪ
provavelmente	pɾˌovavɛʊmˈeɪŋtʃɪ	pɾˌovavɛʊmˈeɪŋtʃɪ
providencialmente	pɾˌovidˌeɪŋsiaʊmˈeɪŋtʃɪ	pɾˌovidˌeɪŋsiaʊmˈeɪŋtʃɪ
provisoriamente	pɾˌovizˌoɾiɐmˈeɪŋtʃɪ	pɾˌovizˌoɾiɐmˈeɪŋtʃɪ
proximalmente	pɾˌosimaʊmˈeɪŋtʃɪ	pɾˌosimaʊmˈeɪŋtʃɪ
proximamente	pɾˌosimɐmˈeɪŋtʃɪ	pɾˌosimɐmˈeɪŋtʃɪ
prudentemente	pɾˌudeɪŋtemˈeɪŋtʃɪ	pɾˌudeɪŋtʃɪmˈeɪŋtʃɪ
psicologicamente	psˌikolˌoʒikɐmˈeɪŋtʃɪ	psˌikolˌoʒikɐmˈeɪŋtʃɪ
publicamente	pˌublikɐmˈeɪŋtʃɪ	pˌublikɐmˈeɪŋtʃɪ
puramente	pˌuɾɐmˈeɪŋtʃɪ	puɾɐmˈeɪŋtʃɪ
qualitativamente	kwˌalitˌatʃivɐmˈeɪŋtʃɪ	kwˌalitˌatʃivɐmˈeɪŋtʃɪ
quantitativamente	kwˌɐ̃ŋtʃitˌatʃivɐmˈeɪŋtʃɪ	kwˌɐ̃ŋtʃitˌatʃivɐmˈeɪŋtʃɪ
quimicamente	kˌimikɐmˈeɪŋtʃɪ	kˌimikɐmˈeɪŋtʃɪ
quinzenalmente	kˌiŋzenaʊmˈeɪŋtʃɪ	kˌiŋzenaʊmˈeɪŋtʃɪ
quitemente	kˌitemˈeɪŋtʃɪ	kitʃɪmˈeɪŋtʃɪ
quotidianamente	kwˌotʃidʒˌiɐnɐmˈeɪŋtʃɪ	kwˌotʃidʒˌiɐ̃nɐmˈeɪŋtʃɪ
racionalmente	xˌasɪˌonaʊmˈeɪŋtʃɪ	xˌasɪˌonaʊmˈeɪŋtʃɪ
radiantemente	xˌadʒiˌɐ̃ŋtemˈeɪŋtʃɪ	xˌadʒiɐ̃ŋtʃɪmˈeɪŋtʃɪ
radicalmente	xˌadʒikaʊmˈeɪŋtʃɪ	xˌadʒikaʊmˈeɪŋtʃɪ
raivosamente	xˌaɪvozɐmˈeɪŋtʃɪ	xˌaɪvɔzɐmˈeɪŋtʃɪ
rancorosamente	xˌɐ̃ŋkoɾˌozɐmˈeɪŋtʃɪ	xˌɐ̃ŋkoɾɔzɐmˈeɪŋtʃɪ
rapidamente	xˌapidɐmˈeɪŋtʃɪ	xˌapidɐmˈeɪŋtʃɪ
raramente	xˌaɾɐmˈeɪŋtʃɪ	xaɾɐmˈeɪŋtʃɪ
rasamente	xˌazɐmˈeɪŋtʃɪ	xazɐmˈeɪŋtʃɪ
razoavelmente	xˌazoˌavɛʊmˈeɪŋtʃɪ	xˌazoˌavɛʊmˈeɪŋtʃɪ
reabertamente	xˌeabˌeɾtɐmˈeɪŋtʃɪ	xˌeabɛɾtɐmˈeɪŋtʃɪ
reafetadamente	xˌeafˌetadɐmˈeɪŋtʃɪ	xˌeafˌetadɐmˈeɪŋtʃɪ
reagradecidamente	xˌeaɡɾˌadesˌidɐmˈeɪŋtʃɪ	xˌeaɡɾˌadesidɐmˈeɪŋtʃɪ
realimente	xˌealimˈeɪŋtʃɪ	xˌealimˈeɪŋtʃɪ
realisticamente	xˌealˌistʃikɐmˈeɪŋtʃɪ	xˌealˌistʃikɐmˈeɪŋtʃɪ
realmente	xˌeaʊmˈeɪŋtʃɪ	xˌeaʊmˈeɪŋtʃɪ
reaproximadamente	xˌeapɾˌosimˌadɐmˈeɪŋtʃɪ	xˌeapɾˌosimadɐmˈeɪŋtʃɪ
reassumidamente	xˌeasˌumidɐmˈeɪŋtʃɪ	xˌeasˌumidɐmˈeɪŋtʃɪ
rebeldemente	xˌebɛʊdemˈeɪŋtʃɪ	xˌebɛʊdʒɪmˈeɪŋtʃɪ
recasamente	xˌekazɐmˈeɪŋtʃɪ	xˌekazɐmˈeɪŋtʃɪ
recatadamente	xˌekatˌadɐmˈeɪŋtʃɪ	xˌekatadɐmˈeɪŋtʃɪ
recentemente	xˌeseɪŋtemˈeɪŋtʃɪ	xˌeseɪŋtʃɪmˈeɪŋtʃɪ
reciprocamente	xˌesipɾˌokɐmˈeɪŋtʃɪ	xˌesipɾɔkɐmˈeɪŋtʃɪ
recolhidamente	xˌekoʎˌidɐmˈeɪŋtʃɪ	xˌekoʎidɐmˈeɪŋtʃɪ
reconhecidamente	xˌekoɲˌesidɐmˈeɪŋtʃɪ	xˌekoɲˌesidɐmˈeɪŋtʃɪ
recursivamente	xˌekuɾsˌivɐmˈeɪŋtʃɪ	xˌekuɾsivɐmˈeɪŋtʃɪ
redondamente	xˌedoŋdɐmˈeɪŋtʃɪ	xˌedoŋdɐmˈeɪŋtʃɪ
redundantemente	xˌedũŋdˌɐ̃ŋtemˈeɪŋtʃɪ	xˌedũŋdɐ̃ŋtʃɪmˈeɪŋtʃɪ
reeducadamente	xˌeedˌukadɐmˈeɪŋtʃɪ	xˌeedˌukadɐmˈeɪŋtʃɪ
reequilibradamente	xˌeekˌilibɾˌadɐmˈeɪŋtʃɪ	xˌeekˌilibɾadɐmˈeɪŋtʃɪ
refermente	xˌefeɾmˈeɪŋtʃɪ	xˌefeɾmˈeɪŋtʃɪ
reflexivamente	xˌefleksˌivɐmˈeɪŋtʃɪ	xˌefleksivɐmˈeɪŋtʃɪ
regaladamente	xˌeɡalˌadɐmˈeɪŋtʃɪ	xˌeɡaladɐmˈeɪŋtʃɪ
regiamente	xˌeʒiɐmˈeɪŋtʃɪ	xˌeʒiɐmˈeɪŋtʃɪ
regimente	xˌeʒimˈeɪŋtʃɪ	xˌeʒimˈeɪŋtʃɪ
regionalmente	xˌeʒɪˌonaʊmˈeɪŋtʃɪ	xˌeʒɪˌonaʊmˈeɪŋtʃɪ
regradamente	xˌeɡɾadɐmˈeɪŋtʃɪ	xˌeɡɾadɐmˈeɪŋtʃɪ
regressivamente	xˌeɡɾesˌivɐmˈeɪŋtʃɪ	xˌeɡɾesivɐmˈeɪŋtʃɪ
reguladamente	xˌeɡulˌadɐmˈeɪŋtʃɪ	xˌeɡuladɐmˈeɪŋtʃɪ
regulamente	xˌeɡulɐmˈeɪŋtʃɪ	xˌeɡulɐmˈeɪŋtʃɪ
regularmente	xˌeɡulaɾmˈeɪŋtʃɪ	xˌeɡulaɾmˈeɪŋtʃɪ
reimplemente	xˌeimplemˈeɪŋtʃɪ	xˌeimplɪmˈeɪŋtʃɪ
reiteradamente	xˌeɪteɾˌadɐmˈeɪŋtʃɪ	xˌeɪteɾadɐmˈeɪŋtʃɪ
relativamente	xˌelatʃˌivɐmˈeɪŋtʃɪ	xˌelatʃivɐmˈeɪŋtʃɪ
relevantemente	xˌelevˌɐ̃ŋtemˈeɪŋtʃɪ	xˌelevɐ̃ŋtʃɪmˈeɪŋtʃɪ
religiosamente	xˌeliʒˌiozɐmˈeɪŋtʃɪ	xˌeliʒˌiɔzɐmˈeɪŋtʃɪ
relutantemente	xˌelutˌɐ̃ŋtemˈeɪŋtʃɪ	xˌelutɐ̃ŋtʃɪmˈeɪŋtʃɪ
remotamente	xˌemotɐmˈeɪŋtʃɪ	xˌemɔtɐmˈeɪŋtʃɪ
remunerativamente	xˌemunˌeɾatʃˌivɐmˈeɪŋtʃɪ	xˌemunˌeɾatʃivɐmˈeɪŋtʃɪ
renitentemente	xˌenitˌeɪŋtemˈeɪŋtʃɪ	xˌeniteɪŋtʃɪmˈeɪŋtʃɪ
repavimente	xˌepavimˈeɪŋtʃɪ	xˌepavimˈeɪŋtʃɪ
repentinamente	xˌepeɪŋtʃˌinɐmˈeɪŋtʃɪ	xˌepeɪŋtʃinɐmˈeɪŋtʃɪ
repetidamente	xˌepetʃˌidɐmˈeɪŋtʃɪ	xˌepetʃidɐmˈeɪŋtʃɪ
repreensivamente	xˌepɾeˌeɪŋsivɐmˈeɪŋtʃɪ	xˌepɾeˌeɪŋsivɐmˈeɪŋtʃɪ
repreensivelmente	xˌepɾeˌeɪŋsivɛʊmˈeɪŋtʃɪ	xˌepɾeˌeɪŋsivɛʊmˈeɪŋtʃɪ
repressivamente	xˌepɾesˌivɐmˈeɪŋtʃɪ	xˌepɾesivɐmˈeɪŋtʃɪ
reservadamente	xˌezeɾvˌadɐmˈeɪŋtʃɪ	xˌezeɾvadɐmˈeɪŋtʃɪ
resignadamente	xˌeziɡnˌadɐmˈeɪŋtʃɪ	xˌeziɡnadɐmˈeɪŋtʃɪ
resistentemente	xˌezistˌeɪŋtemˈeɪŋtʃɪ	xˌezisteɪŋtʃɪmˈeɪŋtʃɪ
resolutamente	xˌezolˌutɐmˈeɪŋtʃɪ	xˌezolutɐmˈeɪŋtʃɪ
respectivamente	xˌespektʃˌivɐmˈeɪŋtʃɪ	xˌespektʃivɐmˈeɪŋtʃɪ
respeitadamente	xˌespeɪtˌadɐmˈeɪŋtʃɪ	xˌespeɪtadɐmˈeɪŋtʃɪ
respeitavelmente	xˌespeɪtˌavɛʊmˈeɪŋtʃɪ	xˌespeɪtˌavɛʊmˈeɪŋtʃɪ
respeitosamente	xˌespeɪtˌozɐmˈeɪŋtʃɪ	xˌespeɪtɔzɐmˈeɪŋtʃɪ
respetivamente	xˌespetʃˌivɐmˈeɪŋtʃɪ	xˌespetʃivɐmˈeɪŋtʃɪ
resplandecentemente	xˌesplɐ̃ŋdˌeseɪŋtemˈeɪŋtʃɪ	xˌesplɐ̃ŋdˌeseɪŋtʃɪmˈeɪŋtʃɪ
responsavelmente	xˌespoŋsˌavɛʊmˈeɪŋtʃɪ	xˌespoŋsˌavɛʊmˈeɪŋtʃɪ
ressonantemente	xˌesonˌɐ̃ŋtemˈeɪŋtʃɪ	xˌesonɐ̃ŋtʃɪmˈeɪŋtʃɪ
restritamente	xˌestɾitɐmˈeɪŋtʃɪ	xˌestɾitɐmˈeɪŋtʃɪ
restritivamente	xˌestɾitʃˌivɐmˈeɪŋtʃɪ	xˌestɾitʃivɐmˈeɪŋtʃɪ
resumidamente	xˌezumˌidɐmˈeɪŋtʃɪ	xˌezumidɐmˈeɪŋtʃɪ
retamente	xˌetɐmˈeɪŋtʃɪ	xɛtɐmˈeɪŋtʃɪ
retroativamente	xˌetɾoˌatʃivɐmˈeɪŋtʃɪ	xˌetɾoˌatʃivɐmˈeɪŋtʃɪ
retrospetivamente	xˌetɾospˌetʃivɐmˈeɪŋtʃɪ	xˌetɾospˌetʃivɐmˈeɪŋtʃɪ
reverencialmente	xˌeveɾˌeɪŋsiaʊmˈeɪŋtʃɪ	xˌeveɾˌeɪŋsiaʊmˈeɪŋtʃɪ
reverentemente	xˌeveɾˌeɪŋtemˈeɪŋtʃɪ	xˌeveɾeɪŋtʃɪmˈeɪŋtʃɪ
revezadamente	xˌevezˌadɐmˈeɪŋtʃɪ	xˌevezadɐmˈeɪŋtʃɪ
revolucionariamente	xˌevolˌusɪˌonaɾˌiɐmˈeɪŋtʃɪ	xˌevolˌusɪˌonaɾiɐmˈeɪŋtʃɪ
ricamente	xˌikɐmˈeɪŋtʃɪ	xikɐmˈeɪŋtʃɪ
ridiculamente	xˌidʒikˌulɐmˈeɪŋtʃɪ	xˌidʒikulɐmˈeɪŋtʃɪ
rigidamente	xˌiʒidɐmˈeɪŋtʃɪ	xˌiʒidɐmˈeɪŋtʃɪ
rigorosamente	xˌiɡoɾˌozɐmˈeɪŋtʃɪ	xˌiɡoɾɔzɐmˈeɪŋtʃɪ
rijamente	xˌiʒɐmˈeɪŋtʃɪ	xiʒɐmˈeɪŋtʃɪ
ritmicamente	xˌitmikɐmˈeɪŋtʃɪ	xˌitmikɐmˈeɪŋtʃɪ
ritualmente	xˌituaʊmˈeɪŋtʃɪ	xˌituaʊmˈeɪŋtʃɪ
romanticamente	xˌomɐ̃ŋtʃˌikɐmˈeɪŋtʃɪ	xˌomɐ̃ŋtʃikɐmˈeɪŋtʃɪ
rotativamente	xˌotatʃˌivɐmˈeɪŋtʃɪ	xˌotatʃivɐmˈeɪŋtʃɪ
rotineiramente	xˌotʃinˌeɪɾɐmˈeɪŋtʃɪ	xˌotʃineɪɾɐmˈeɪŋtʃɪ
roucamente	xˌoʊkɐmˈeɪŋtʃɪ	xoʊkɐmˈeɪŋtʃɪ
rudemente	xˌudemˈeɪŋtʃɪ	xudʒɪmˈeɪŋtʃɪ
ruidosamente	xˌuidˌozɐmˈeɪŋtʃɪ	xˌuidɔzɐmˈeɪŋtʃɪ
ruinosamente	xˌuinˌozɐmˈeɪŋtʃɪ	xˌuinɔzɐmˈeɪŋtʃɪ
rusticamente	xˌustʃikɐmˈeɪŋtʃɪ	xˌustʃikɐmˈeɪŋtʃɪ
sabiamente	sˌabiɐmˈeɪŋtʃɪ	sˌabiɐmˈeɪŋtʃɪ
saborosamente	sˌaboɾˌozɐmˈeɪŋtʃɪ	sˌaboɾɔzɐmˈeɪŋtʃɪ
sacramentalmente	sˌakɾɐmˌeɪŋtaʊmˈeɪŋtʃɪ	sˌakɾɐmˌeɪŋtaʊmˈeɪŋtʃɪ
sacramente	sˌakɾɐmˈeɪŋtʃɪ	sakɾɐmˈeɪŋtʃɪ
sadiamente	sˌadʒiɐmˈeɪŋtʃɪ	sˌadʒiɐmˈeɪŋtʃɪ
sadicamente	sˌadʒikɐmˈeɪŋtʃɪ	sˌadʒikɐmˈeɪŋtʃɪ
sagazmente	sˌaɡazmˈeɪŋtʃɪ	sˌaɡasmˈeɪŋtʃɪ
sagradamente	sˌaɡɾadɐmˈeɪŋtʃɪ	sˌaɡɾadɐmˈeɪŋtʃɪ
salarialmente	sˌalaɾˌiaʊmˈeɪŋtʃɪ	sˌalaɾˌiaʊmˈeɪŋtʃɪ
salteadamente	sˌaʊteˌadɐmˈeɪŋtʃɪ	sˌaʊteadɐmˈeɪŋtʃɪ
sarcasticamente	sˌaɾkastʃˌikɐmˈeɪŋtʃɪ	sˌaɾkastʃikɐmˈeɪŋtʃɪ
satiricamente	sˌatʃiɾˌikɐmˈeɪŋtʃɪ	sˌatʃiɾikɐmˈeɪŋtʃɪ
satisfatoriamente	sˌatʃisfˌatoɾˌiɐmˈeɪŋtʃɪ	sˌatʃisfˌatoɾiɐmˈeɪŋtʃɪ
saudavelmente	sˌaʊdavɛʊmˈeɪŋtʃɪ	sˌaʊdavɛʊmˈeɪŋtʃɪ
sazonalmente	sˌazonaʊmˈeɪŋtʃɪ	sˌazonaʊmˈeɪŋtʃɪ
secamente	sˌekɐmˈeɪŋtʃɪ	sɛkɐmˈeɪŋtʃɪ
secretamente	sˌekɾetɐmˈeɪŋtʃɪ	sˌekɾɛtɐmˈeɪŋtʃɪ
secularmente	sˌekulaɾmˈeɪŋtʃɪ	sˌekulaɾmˈeɪŋtʃɪ
secundariamente	sˌekũŋdˌaɾiɐmˈeɪŋtʃɪ	sˌekũŋdˌaɾiɐmˈeɪŋtʃɪ
sedimente	sˌedʒimˈeɪŋtʃɪ	sˌedʒimˈeɪŋtʃɪ
segmente	sˌeɡmˈeɪŋtʃɪ	sˌeɡmˈeɪŋtʃɪ
seguidamente	sˌeɡidɐmˈeɪŋtʃɪ	sˌeɡidɐmˈeɪŋtʃɪ
seguintemente	sˌeɡiŋtemˈeɪŋtʃɪ	sˌeɡiŋtʃɪmˈeɪŋtʃɪ
seguramente	sˌeɡuɾɐmˈeɪŋtʃɪ	sˌeɡuɾɐmˈeɪŋtʃɪ
seletivamente	sˌeletʃˌivɐmˈeɪŋtʃɪ	sˌeletʃivɐmˈeɪŋtʃɪ
selvaticamente	sˌɛʊvatʃˌikɐmˈeɪŋtʃɪ	sˌɛʊvatʃikɐmˈeɪŋtʃɪ
semanalmente	sˌemɐnaʊmˈeɪŋtʃɪ	sˌemɐ̃naʊmˈeɪŋtʃɪ
semanticamente	sˌemɐ̃ŋtʃˌikɐmˈeɪŋtʃɪ	sˌemɐ̃ŋtʃikɐmˈeɪŋtʃɪ
semente	sˌemˈeɪŋtʃɪ	sˌemˈeɪŋtʃɪ
semestralmente	sˌemestɾaʊmˈeɪŋtʃɪ	sˌemestɾaʊmˈeɪŋtʃɪ
sensatamente	sˌeɪŋsatɐmˈeɪŋtʃɪ	sˌeɪŋsatɐmˈeɪŋtʃɪ
sensitivamente	sˌeɪŋsitʃˌivɐmˈeɪŋtʃɪ	sˌeɪŋsitʃivɐmˈeɪŋtʃɪ
sensivelmente	sˌeɪŋsivɛʊmˈeɪŋtʃɪ	sˌeɪŋsivɛʊmˈeɪŋtʃɪ
sensualmente	sˌeɪŋsuaʊmˈeɪŋtʃɪ	sˌeɪŋsuaʊmˈeɪŋtʃɪ
sentidamente	sˌeɪŋtʃidɐmˈeɪŋtʃɪ	sˌeɪŋtʃidɐmˈeɪŋtʃɪ
sentimentalmente	sˌeɪŋtʃimˌeɪŋtaʊmˈeɪŋtʃɪ	sˌeɪŋtʃimˌeɪŋtaʊmˈeɪŋtʃɪ
separadamente	sˌepaɾˌadɐmˈeɪŋtʃɪ	sˌepaɾadɐmˈeɪŋtʃɪ
sequencialmente	sˌekweɪŋsˌiaʊmˈeɪŋtʃɪ	sˌekweɪŋsˌiaʊmˈeɪŋtʃɪ
seqüencialmente	sˌekweɪŋsˌiaʊmˈeɪŋtʃɪ	sˌekweɪŋsˌiaʊmˈeɪŋtʃɪ
serenamente	sˌeɾenɐmˈeɪŋtʃɪ	sˌeɾenɐmˈeɪŋtʃɪ
seriamente	sˌeɾiɐmˈeɪŋtʃɪ	sˈeɾiɐmˌeɪŋtʃɪ
serodiamente	sˌeɾodʒˌiɐmˈeɪŋtʃɪ	sˌeɾodʒiɐmˈeɪŋtʃɪ
severamente	sˌeveɾɐmˈeɪŋtʃɪ	sˌevɛɾɐmˈeɪŋtʃɪ
sexuadamente	sˌeksuˌadɐmˈeɪŋtʃɪ	sˌeksuadɐmˈeɪŋtʃɪ
sexualmente	sˌeksuaʊmˈeɪŋtʃɪ	sˌeksuaʊmˈeɪŋtʃɪ
significativamente	sˌiɡnifˌikatʃˌivɐmˈeɪŋtʃɪ	sˌiɡnifˌikatʃivɐmˈeɪŋtʃɪ
silenciosamente	sˌileɪŋsˌiozɐmˈeɪŋtʃɪ	sˌileɪŋsˌiɔzɐmˈeɪŋtʃɪ
simbolicamente	sˌimbolˌikɐmˈeɪŋtʃɪ	sˌimbolikɐmˈeɪŋtʃɪ
simetricamente	sˌimetɾˌikɐmˈeɪŋtʃɪ	sˌimetɾikɐmˈeɪŋtʃɪ
similarmente	sˌimilaɾmˈeɪŋtʃɪ	sˌimilaɾmˈeɪŋtʃɪ
simpaticamente	sˌimpatʃˌikɐmˈeɪŋtʃɪ	sˌimpatʃikɐmˈeɪŋtʃɪ
simplesmente	sˌimplezmˈeɪŋtʃɪ	simplɪsmˈeɪŋtʃɪ
simplicissimamente	sˌimplisˌisimɐmˈeɪŋtʃɪ	sˌimplisˌisimɐmˈeɪŋtʃɪ
simultaneamente	sˌimuwtˌɐneɐmˈeɪŋtʃɪ	sˌimuwtˌɐneɐmˈeɪŋtʃɪ
sinceramente	sˌiŋseɾɐmˈeɪŋtʃɪ	sˌiŋsɛɾɐmˈeɪŋtʃɪ
sincronizadamente	sˌiŋkɾonˌizadɐmˈeɪŋtʃɪ	sˌiŋkɾonˌizadɐmˈeɪŋtʃɪ
singularmente	sˌiŋɡulaɾmˈeɪŋtʃɪ	sˌiŋɡulaɾmˈeɪŋtʃɪ
sinistramente	sˌinistɾɐmˈeɪŋtʃɪ	sˌinistɾɐmˈeɪŋtʃɪ
sintaticamente	sˌiŋtatʃˌikɐmˈeɪŋtʃɪ	sˌiŋtatʃikɐmˈeɪŋtʃɪ
sinteticamente	sˌiŋtetʃˌikɐmˈeɪŋtʃɪ	sˌiŋtetʃikɐmˈeɪŋtʃɪ
sintomaticamente	sˌiŋtomˌatʃikɐmˈeɪŋtʃɪ	sˌiŋtomˌatʃikɐmˈeɪŋtʃɪ
sinuosamente	sˌinwozɐmˈeɪŋtʃɪ	sˌinwɔzɐmˈeɪŋtʃɪ
sistematicamente	sˌistemˌatʃikɐmˈeɪŋtʃɪ	sˌistemˌatʃikɐmˈeɪŋtʃɪ
sisudamente	sˌizudɐmˈeɪŋtʃɪ	sˌizudɐmˈeɪŋtʃɪ
sobejamente	sˌobeʒɐmˈeɪŋtʃɪ	sˌobeʒɐmˈeɪŋtʃɪ
soberanamente	sˌobeɾˌɐnɐmˈeɪŋtʃɪ	sˌobeɾɐ̃nɐmˈeɪŋtʃɪ
sobrealimente	sobɾeˌalimˈeɪŋtʃɪ	sobɾeˌalimˈeɪŋtʃɪ
sobriamente	sˌobɾiɐmˈeɪŋtʃɪ	sˌobɾiɐmˈeɪŋtʃɪ
socialmente	sˌosiaʊmˈeɪŋtʃɪ	sˌosiaʊmˈeɪŋtʃɪ
socraticamente	sˌokɾatʃˌikɐmˈeɪŋtʃɪ	sˌokɾatʃikɐmˈeɪŋtʃɪ
sofregamente	sˌofɾeɡɐmˈeɪŋtʃɪ	sˌofɾɛɡɐmˈeɪŋtʃɪ
sofrivelmente	sˌofɾivɛʊmˈeɪŋtʃɪ	sˌofɾivɛʊmˈeɪŋtʃɪ
solapadamente	sˌolapˌadɐmˈeɪŋtʃɪ	sˌolapadɐmˈeɪŋtʃɪ
solenemente	sˌolenemˈeɪŋtʃɪ	sˌolenɪmˈeɪŋtʃɪ
solidamente	sˌolidɐmˈeɪŋtʃɪ	sˌolidɐmˈeɪŋtʃɪ
solidariamente	sˌolidˌaɾiɐmˈeɪŋtʃɪ	sˌolidˌaɾiɐmˈeɪŋtʃɪ
somente	sˌomˈeɪŋtʃɪ	sˌomˈeɪŋtʃɪ
sonegadamente	sˌoneɡˌadɐmˈeɪŋtʃɪ	sˌoneɡadɐmˈeɪŋtʃɪ
sonolentamente	sˌonolˌeɪŋtɐmˈeɪŋtʃɪ	sˌonoleɪŋtɐmˈeɪŋtʃɪ
sonoramente	sˌonoɾɐmˈeɪŋtʃɪ	sˌonɔɾɐmˈeɪŋtʃɪ
sorrateiramente	sˌoxatˌeɪɾɐmˈeɪŋtʃɪ	sˌoxateɪɾɐmˈeɪŋtʃɪ
sossegadamente	sˌoseɡˌadɐmˈeɪŋtʃɪ	sˌoseɡadɐmˈeɪŋtʃɪ
soturnamente	sˌotuɾnɐmˈeɪŋtʃɪ	sˌotuɾnɐmˈeɪŋtʃɪ
suavemente	sˌuavemˈeɪŋtʃɪ	sˌuavɪmˈeɪŋtʃɪ
subalimente	sˌubalimˈeɪŋtʃɪ	sˌubalimˈeɪŋtʃɪ
subconjuntamente	sˌubkoŋʒˌũŋtɐmˈeɪŋtʃɪ	sˌubkoŋʒũŋtɐmˈeɪŋtʃɪ
subdesenvolvidamente	sˌubdezˌeɪŋvoʊvˌidɐmˈeɪŋtʃɪ	sˌubdezˌeɪŋvoʊvidɐmˈeɪŋtʃɪ
subitamente	sˌubitɐmˈeɪŋtʃɪ	sˌubitɐmˈeɪŋtʃɪ
subjetivamente	sˌubʒetʃˌivɐmˈeɪŋtʃɪ	sˌubʒetʃivɐmˈeɪŋtʃɪ
submarginalmente	sˌubmaɾʒˌinaʊmˈeɪŋtʃɪ	sˌubmaɾʒˌinaʊmˈeɪŋtʃɪ
subobjetivamente	sˌubobʒˌetʃivɐmˈeɪŋtʃɪ	sˌubobʒˌetʃivɐmˈeɪŋtʃɪ
suboficialmente	sˌubofˌisiaʊmˈeɪŋtʃɪ	sˌubofˌisiaʊmˈeɪŋtʃɪ
subordinadamente	sˌuboɾdʒˌinadɐmˈeɪŋtʃɪ	sˌuboɾdʒˌinadɐmˈeɪŋtʃɪ
subprodutivamente	sˌubpɾodˌutʃivɐmˈeɪŋtʃɪ	sˌubpɾodˌutʃivɐmˈeɪŋtʃɪ
subsequentemente	sˌubsekwˌeɪŋtemˈeɪŋtʃɪ	sˌubsekweɪŋtʃɪmˈeɪŋtʃɪ
subseqüentemente	sˌubsekwˌeɪŋtemˈeɪŋtʃɪ	sˌubsekweɪŋtʃɪmˈeɪŋtʃɪ
substancialmente	sˌubstɐ̃ŋsˌiaʊmˈeɪŋtʃɪ	sˌubstɐ̃ŋsˌiaʊmˈeɪŋtʃɪ
substantivamente	sˌubstɐ̃ŋtʃˌivɐmˈeɪŋtʃɪ	sˌubstɐ̃ŋtʃivɐmˈeɪŋtʃɪ
subtilmente	sˌubtʃiʊmˈeɪŋtʃɪ	sˌubtʃiʊmˈeɪŋtʃɪ
sucessivamente	sˌusesˌivɐmˈeɪŋtʃɪ	sˌusesivɐmˈeɪŋtʃɪ
sucintamente	sˌusiŋtɐmˈeɪŋtʃɪ	sˌusiŋtɐmˈeɪŋtʃɪ
suficientemente	sˌufisˌieɪŋtemˈeɪŋtʃɪ	sˌufisˌieɪŋtʃɪmˈeɪŋtʃɪ
sugestivamente	sˌuʒestʃˌivɐmˈeɪŋtʃɪ	sˌuʒestʃivɐmˈeɪŋtʃɪ
sumamente	sˌumɐmˈeɪŋtʃɪ	sumɐmˈeɪŋtʃɪ
sumariamente	sˌumaɾˌiɐmˈeɪŋtʃɪ	sˌumaɾiɐmˈeɪŋtʃɪ
sumptuosamente	sˌũmptwozɐmˈeɪŋtʃɪ	sˌũmptwɔzɐmˈeɪŋtʃɪ
superalimente	sˌupeɾˌalimˈeɪŋtʃɪ	sˌupeɾˌalimˈeɪŋtʃɪ
superficialmente	sˌupeɾfˌisiaʊmˈeɪŋtʃɪ	sˌupeɾfˌisiaʊmˈeɪŋtʃɪ
superiormente	sˌupeɾˌioɾmˈeɪŋtʃɪ	sˌupeɾˌioɾmˈeɪŋtʃɪ
superlativamente	sˌupeɾlˌatʃivɐmˈeɪŋtʃɪ	sˌupeɾlˌatʃivɐmˈeɪŋtʃɪ
suplemente	sˌuplemˈeɪŋtʃɪ	suplɪmˈeɪŋtʃɪ
supletivamente	sˌupletʃˌivɐmˈeɪŋtʃɪ	sˌupletʃivɐmˈeɪŋtʃɪ
suportadamente	sˌupoɾtˌadɐmˈeɪŋtʃɪ	sˌupoɾtadɐmˈeɪŋtʃɪ
supostamente	sˌupostɐmˈeɪŋtʃɪ	sˌupɔstɐmˈeɪŋtʃɪ
surdamente	sˌuɾdɐmˈeɪŋtʃɪ	suɾdɐmˈeɪŋtʃɪ
surpreendentemente	sˌuɾpɾeˌeɪŋdeɪŋtemˈeɪŋtʃɪ	sˌuɾpɾeˌeɪŋdeɪŋtʃɪmˈeɪŋtʃɪ
surrealmente	sˌuxeaʊmˈeɪŋtʃɪ	sˌuxeaʊmˈeɪŋtʃɪ
suscetivelmente	sˌusetʃˌivɛʊmˈeɪŋtʃɪ	sˌusetʃˌivɛʊmˈeɪŋtʃɪ
suspeitosamente	sˌuspeɪtˌozɐmˈeɪŋtʃɪ	sˌuspeɪtɔzɐmˈeɪŋtʃɪ
tacitamente	tˌasitɐmˈeɪŋtʃɪ	tˌasitɐmˈeɪŋtʃɪ
tardiamente	tˌaɾdʒiɐmˈeɪŋtʃɪ	tˌaɾdʒiɐmˈeɪŋtʃɪ
taticamente	tˌatʃikɐmˈeɪŋtʃɪ	tˌatʃikɐmˈeɪŋtʃɪ
taxativamente	tˌaʃatʃˌivɐmˈeɪŋtʃɪ	tˌaʃatʃivɐmˈeɪŋtʃɪ
teatralmente	tˌeatɾaʊmˈeɪŋtʃɪ	tˌeatɾaʊmˈeɪŋtʃɪ
tecnicamente	tˌeknikɐmˈeɪŋtʃɪ	tˌeknikɐmˈeɪŋtʃɪ
tecnologicamente	tˌeknolˌoʒikɐmˈeɪŋtʃɪ	tˌeknolˌoʒikɐmˈeɪŋtʃɪ
teimosamente	tˌeɪmozɐmˈeɪŋtʃɪ	tˌeɪmɔzɐmˈeɪŋtʃɪ
telefonicamente	tˌelefˌonikɐmˈeɪŋtʃɪ	tˌelefˌonikɐmˈeɪŋtʃɪ
telegraficamente	tˌeleɡɾˌafikɐmˈeɪŋtʃɪ	tˌeleɡɾˌafikɐmˈeɪŋtʃɪ
telepaticamente	tˌelepˌatʃikɐmˈeɪŋtʃɪ	tˌelepˌatʃikɐmˈeɪŋtʃɪ
telescopicamente	tˌeleskˌopikɐmˈeɪŋtʃɪ	tˌeleskˌopikɐmˈeɪŋtʃɪ
tematicamente	tˌematʃˌikɐmˈeɪŋtʃɪ	tˌematʃikɐmˈeɪŋtʃɪ
temente	tˌemˈeɪŋtʃɪ	tˌemˈeɪŋtʃɪ
temerariamente	tˌemeɾˌaɾiɐmˈeɪŋtʃɪ	tˌemeɾˌaɾiɐmˈeɪŋtʃɪ
temerosamente	tˌemeɾˌozɐmˈeɪŋtʃɪ	tˌemeɾɔzɐmˈeɪŋtʃɪ
temorosamente	tˌemoɾˌozɐmˈeɪŋtʃɪ	tˌemoɾɔzɐmˈeɪŋtʃɪ
temperadamente	tˌeɪmpeɾˌadɐmˈeɪŋtʃɪ	tˌeɪmpeɾadɐmˈeɪŋtʃɪ
temperamentalmente	tˌeɪmpeɾˌɐmeɪŋtaʊmˈeɪŋtʃɪ	tˌeɪmpeɾˌɐmeɪŋtaʊmˈeɪŋtʃɪ
tempestuosamente	tˌeɪmpestwˌozɐmˈeɪŋtʃɪ	tˌeɪmpestwɔzɐmˈeɪŋtʃɪ
temporalmente	tˌeɪmpoɾaʊmˈeɪŋtʃɪ	tˌeɪmpoɾaʊmˈeɪŋtʃɪ
temporariamente	tˌeɪmpoɾˌaɾiɐmˈeɪŋtʃɪ	tˌeɪmpoɾˌaɾiɐmˈeɪŋtʃɪ
tenazmente	tˌenazmˈeɪŋtʃɪ	tˌenasmˈeɪŋtʃɪ
tendencialmente	tˌeɪŋdeɪŋsˌiaʊmˈeɪŋtʃɪ	tˌeɪŋdeɪŋsˌiaʊmˈeɪŋtʃɪ
tensamente	tˌeɪŋsɐmˈeɪŋtʃɪ	teɪŋsɐmˈeɪŋtʃɪ
tentadoramente	tˌeɪŋtadˌoɾɐmˈeɪŋtʃɪ	tˌeɪŋtadoɾɐmˈeɪŋtʃɪ
tentativamente	tˌeɪŋtatʃˌivɐmˈeɪŋtʃɪ	tˌeɪŋtatʃivɐmˈeɪŋtʃɪ
tenuemente	tˌenuemˈeɪŋtʃɪ	tˌenuɪmˈeɪŋtʃɪ
teologicamente	tˌeolˌoʒikɐmˈeɪŋtʃɪ	tˌeolˌoʒikɐmˈeɪŋtʃɪ
teoricamente	tˌeoɾˌikɐmˈeɪŋtʃɪ	tˌeoɾikɐmˈeɪŋtʃɪ
tepidamente	tˌepidɐmˈeɪŋtʃɪ	tˌepidɐmˈeɪŋtʃɪ
terminantemente	tˌeɾminˌɐ̃ŋtemˈeɪŋtʃɪ	tˌeɾminɐ̃ŋtʃɪmˈeɪŋtʃɪ
ternamente	tˌeɾnɐmˈeɪŋtʃɪ	tɛɾnɐmˈeɪŋtʃɪ
terrificamente	tˌexifˌikɐmˈeɪŋtʃɪ	tˌexifikɐmˈeɪŋtʃɪ
territorialmente	tˌexitˌoɾiaʊmˈeɪŋtʃɪ	tˌexitˌoɾiaʊmˈeɪŋtʃɪ
terrivelmente	tˌexivɛʊmˈeɪŋtʃɪ	tˌexivɛʊmˈeɪŋtʃɪ
testemunhalmente	tˌestemˌũɲaʊmˈeɪŋtʃɪ	tˌestemˌũɲaʊmˈeɪŋtʃɪ
textualmente	tˌestuaʊmˈeɪŋtʃɪ	tˌestuaʊmˈeɪŋtʃɪ
timidamente	tʃˌimidɐmˈeɪŋtʃɪ	tʃˌimidɐmˈeɪŋtʃɪ
tipicamente	tʃˌipikɐmˈeɪŋtʃɪ	tʃˌipikɐmˈeɪŋtʃɪ
tipograficamente	tʃˌipoɡɾˌafikɐmˈeɪŋtʃɪ	tʃˌipoɡɾˌafikɐmˈeɪŋtʃɪ
toleradamente	tˌoleɾˌadɐmˈeɪŋtʃɪ	tˌoleɾadɐmˈeɪŋtʃɪ
tontamente	tˌoŋtɐmˈeɪŋtʃɪ	toŋtɐmˈeɪŋtʃɪ
topologicamente	tˌopolˌoʒikɐmˈeɪŋtʃɪ	tˌopolˌoʒikɐmˈeɪŋtʃɪ
torpemente	tˌoɾpemˈeɪŋtʃɪ	tɔɾpɪmˈeɪŋtʃɪ
torrencialmente	tˌoxeɪŋsˌiaʊmˈeɪŋtʃɪ	tˌoxeɪŋsˌiaʊmˈeɪŋtʃɪ
tortuosamente	tˌoɾtwozɐmˈeɪŋtʃɪ	tˌoɾtwɔzɐmˈeɪŋtʃɪ
toscamente	tˌoskɐmˈeɪŋtʃɪ	toskɐmˈeɪŋtʃɪ
totalmente	tˌotaʊmˈeɪŋtʃɪ	tˌotaʊmˈeɪŋtʃɪ
trabalhosamente	tɾˌabaʎˌozɐmˈeɪŋtʃɪ	tɾˌabaʎɔzɐmˈeɪŋtʃɪ
tradicionalmente	tɾˌadʒisˌɪonaʊmˈeɪŋtʃɪ	tɾˌadʒisˌɪonaʊmˈeɪŋtʃɪ
tragicamente	tɾˌaʒikɐmˈeɪŋtʃɪ	tɾˌaʒikɐmˈeɪŋtʃɪ
traiçoeiramente	tɾˌaɪsoˌeɪɾɐmˈeɪŋtʃɪ	tɾˌaɪsoeɪɾɐmˈeɪŋtʃɪ
traidoramente	tɾˌaɪdoɾɐmˈeɪŋtʃɪ	tɾˌaɪdoɾɐmˈeɪŋtʃɪ
tranquilamente	tɾˌɐ̃ŋkwilɐmˈeɪŋtʃɪ	tɾˌɐ̃ŋkwilɐmˈeɪŋtʃɪ
transcendentemente	tɾˌɐ̃ŋseɪŋdˌeɪŋtemˈeɪŋtʃɪ	tɾˌɐ̃ŋseɪŋdeɪŋtʃɪmˈeɪŋtʃɪ
transitoriamente	tɾˌɐ̃ŋzitˌoɾiɐmˈeɪŋtʃɪ	tɾˌɐ̃ŋzitˌoɾiɐmˈeɪŋtʃɪ
transversalmente	tɾˌɐ̃ŋzveɾsaʊmˈeɪŋtʃɪ	tɾˌɐ̃ŋzveɾsaʊmˈeɪŋtʃɪ
traumaticamente	tɾˌaʊmatʃˌikɐmˈeɪŋtʃɪ	tɾˌaʊmatʃikɐmˈeɪŋtʃɪ
tremendamente	tɾˌemeɪŋdɐmˈeɪŋtʃɪ	tɾˌemeɪŋdɐmˈeɪŋtʃɪ
tremente	tɾˌemˈeɪŋtʃɪ	tɾˌemˈeɪŋtʃɪ
trigonometricamente	tɾˌiɡonˌometɾˌikɐmˈeɪŋtʃɪ	tɾˌiɡonˌometɾikɐmˈeɪŋtʃɪ
trimestralmente	tɾˌimestɾaʊmˈeɪŋtʃɪ	tɾˌimestɾaʊmˈeɪŋtʃɪ
tristemente	tɾˌistemˈeɪŋtʃɪ	tɾistʃɪmˈeɪŋtʃɪ
triunfalmente	tɾˌiũŋfaʊmˈeɪŋtʃɪ	tɾˌiũŋfaʊmˈeɪŋtʃɪ
trivialmente	tɾˌiviaʊmˈeɪŋtʃɪ	tɾˌiviaʊmˈeɪŋtʃɪ
turisticamente	tˌuɾistʃˌikɐmˈeɪŋtʃɪ	tˌuɾistʃikɐmˈeɪŋtʃɪ
ulteriormente	ˌuwteɾˌioɾmˈeɪŋtʃɪ	ˌuwteɾˌioɾmˈeɪŋtʃɪ
ultimamente	ˌuwtʃimɐmˈeɪŋtʃɪ	ˌuwtʃimɐmˈeɪŋtʃɪ
unanimemente	ˌunɐnˌimemˈeɪŋtʃɪ	ˌunɐnimɪmˈeɪŋtʃɪ
unicamente	ˌunikɐmˈeɪŋtʃɪ	ˌunikɐmˈeɪŋtʃɪ
uniformemente	ˌunifˌoɾmemˈeɪŋtʃɪ	ˌunifɔɾmɪmˈeɪŋtʃɪ
unilateralmente	ˌunilˌateɾaʊmˈeɪŋtʃɪ	ˌunilˌateɾaʊmˈeɪŋtʃɪ
universalmente	ˌunivˌeɾsaʊmˈeɪŋtʃɪ	ˌunivˌeɾsaʊmˈeɪŋtʃɪ
univocamente	ˌunivˌokɐmˈeɪŋtʃɪ	ˌunivɔkɐmˈeɪŋtʃɪ
urbanisticamente	ˌuɾbɐnˌistʃikɐmˈeɪŋtʃɪ	ˌuɾbɐnˌistʃikɐmˈeɪŋtʃɪ
urgentemente	ˌuɾʒeɪŋtemˈeɪŋtʃɪ	ˌuɾʒeɪŋtʃɪmˈeɪŋtʃɪ
usualmente	ˌuzuaʊmˈeɪŋtʃɪ	ˌuzuaʊmˈeɪŋtʃɪ
vagamente	vˌaɡɐmˈeɪŋtʃɪ	vaɡɐmˈeɪŋtʃɪ
vagarosamente	vˌaɡaɾˌozɐmˈeɪŋtʃɪ	vˌaɡaɾɔzɐmˈeɪŋtʃɪ
valentemente	vˌaleɪŋtemˈeɪŋtʃɪ	vˌaleɪŋtʃɪmˈeɪŋtʃɪ
validamente	vˌalidɐmˈeɪŋtʃɪ	vˌalidɐmˈeɪŋtʃɪ
valiosamente	vˌaliˌozɐmˈeɪŋtʃɪ	vˌaliɔzɐmˈeɪŋtʃɪ
valorosamente	vˌaloɾˌozɐmˈeɪŋtʃɪ	vˌaloɾɔzɐmˈeɪŋtʃɪ
vantajosamente	vˌɐ̃ŋtaʒˌozɐmˈeɪŋtʃɪ	vˌɐ̃ŋtaʒɔzɐmˈeɪŋtʃɪ
variadamente	vˌaɾiˌadɐmˈeɪŋtʃɪ	vˌaɾiadɐmˈeɪŋtʃɪ
variamente	vˌaɾiɐmˈeɪŋtʃɪ	vˌaɾiɐmˈeɪŋtʃɪ
variavelmente	vˌaɾiˌavɛʊmˈeɪŋtʃɪ	vˌaɾiˌavɛʊmˈeɪŋtʃɪ
varonilmente	vˌaɾoniʊmˈeɪŋtʃɪ	vˌaɾoniʊmˈeɪŋtʃɪ
veemente	vˌeemˈeɪŋtʃɪ	vˌimˈeɪŋtʃɪ
veementemente	vˌeemˌeɪŋtemˈeɪŋtʃɪ	vˌeemˈeɪŋtʃɪmˈeɪŋtʃɪ
veladamente	vˌeladɐmˈeɪŋtʃɪ	vˌeladɐmˈeɪŋtʃɪ
velozmente	vˌelozmˈeɪŋtʃɪ	vˌelɔsmˈeɪŋtʃɪ
verbalmente	vˌeɾbaʊmˈeɪŋtʃɪ	vˌeɾbaʊmˈeɪŋtʃɪ
verdadeiramente	vˌeɾdadˌeɪɾɐmˈeɪŋtʃɪ	vˌeɾdadeɪɾɐmˈeɪŋtʃɪ
vergonhosamente	vˌeɾɡoɲˌozɐmˈeɪŋtʃɪ	vˌeɾɡoɲɔzɐmˈeɪŋtʃɪ
verticalmente	vˌeɾtʃikaʊmˈeɪŋtʃɪ	vˌeɾtʃikaʊmˈeɪŋtʃɪ
vertiginosamente	vˌeɾtʃiʒˌinozɐmˈeɪŋtʃɪ	vˌeɾtʃiʒˌinɔzɐmˈeɪŋtʃɪ
viçosamente	vˌisozɐmˈeɪŋtʃɪ	vˌisɔzɐmˈeɪŋtʃɪ
vigorosamente	vˌiɡoɾˌozɐmˈeɪŋtʃɪ	vˌiɡoɾɔzɐmˈeɪŋtʃɪ
vincadamente	vˌiŋkadɐmˈeɪŋtʃɪ	vˌiŋkadɐmˈeɪŋtʃɪ
violentamente	vˌiolˌeɪŋtɐmˈeɪŋtʃɪ	vˌioleɪŋtɐmˈeɪŋtʃɪ
virginalmente	vˌiɾʒinaʊmˈeɪŋtʃɪ	vˌiɾʒinaʊmˈeɪŋtʃɪ
virtualmente	vˌiɾtuaʊmˈeɪŋtʃɪ	vˌiɾtuaʊmˈeɪŋtʃɪ
virtuosamente	vˌiɾtwozɐmˈeɪŋtʃɪ	vˌiɾtwɔzɐmˈeɪŋtʃɪ
virulentamente	vˌiɾulˌeɪŋtɐmˈeɪŋtʃɪ	vˌiɾuleɪŋtɐmˈeɪŋtʃɪ
visivelmente	vˌizivɛʊmˈeɪŋtʃɪ	vˌizivɛʊmˈeɪŋtʃɪ
visualmente	vˌizuaʊmˈeɪŋtʃɪ	vˌizuaʊmˈeɪŋtʃɪ
vitoriosamente	vˌitoɾˌiozɐmˈeɪŋtʃɪ	vˌitoɾˌiɔzɐmˈeɪŋtʃɪ
vivamente	vˌivɐmˈeɪŋtʃɪ	vivɐmˈeɪŋtʃɪ
voluntariamente	vˌolũŋtˌaɾiɐmˈeɪŋtʃɪ	vˌolũŋtˌaɾiɐmˈeɪŋtʃɪ
voluptuosamente	vˌoluptwˌozɐmˈeɪŋtʃɪ	vˌoluptwɔzɐmˈeɪŋtʃɪ
vulgarmente	vˌuwɡaɾmˈeɪŋtʃɪ	vˌuwɡaɾmˈeɪŋtʃɪ
zelosamente	zˌelozɐmˈeɪŋtʃɪ	zˌelɔzɐmˈeɪŋtʃɪ
