$ paste ~/auto.a.txt ~/auto.b.txt | awk '{ print $1, $2, $4}'

autoajuda	ˌaʊtoaʒˈudɐ	ˌaʊtoˌaʒˈudɐ
autoaprendizagem	ˌaʊtoˌapɾeɪndʒizˈaʒeɪm	ˌaʊtoˌapɾeɪndʒizˈaʒeɪm
autoavaliação	ˌaʊtoˌavalˌiʲasˈɐ̃ʊ̃	ˌaʊtoˌavalˌiʲasˈɐ̃ʊ̃
autoavaliações	ˌaʊtoˌavalˌiʲasˈõɪ̃s	ˌaʊtoˌavalˌiʲasˈõɪ̃s
autoavaliar	ˌaʊtoˌavaliʲˈaɾ	ˌaʊtoˌavaliʲˈaɾ
autobiografia	ˌaʊtobˌiʲoɡɾafˈiʲɐ	ˌaʊtobˌiʲoɡɾafˈiʲɐ
autobiografias	ˌaʊtobˌiʲoɡɾafˈiʲɐs	ˌaʊtobˌiʲoɡɾafˈiʲɐs
autobiográfica	ˌaʊtobˌiʲoɡɾˈafikɐ	ˌaʊtobˌiʲoɡɾˈafikɐ
autobiográficas	ˌaʊtobˌiʲoɡɾˈafikɐs	ˌaʊtobˌiʲoɡɾˈafikɐs
autobiográfico	ˌaʊtobˌiʲoɡɾˈafikʊ	ˌaʊtobˌiʲoɡɾˈafikʊ
autobiográficos	ˌaʊtobˌiʲoɡɾˈafikʊs	ˌaʊtobˌiʲoɡɾˈafikʊs
autobomba	ˌaʊtobˈõmbɐ	ˌaʊtobˈõmbɐ
autocarro	ˌaʊtokˈaxʊ	ˌaʊtokˈaxʊ
autocarros	ˌaʊtokˈaxʊs	ˌaʊtokˈaxʊs
autocatálise	ˌaʊtokatˈalizɪ	ˌaʊtokˌatˈalizɪ
autociclo	ˌaʊtosˈiklʊ	ˌaʊtosˈiklʊ
autociclos	ˌaʊtosˈiklʊs	ˌaʊtosˈiklʊs
autocinese	ˌaʊtosinˈɛzɪ	ˌaʊtosˌinˈɛzɪ
autocinesia	ˌaʊtosˌinezˈiʲɐ	ˌaʊtosˌinezˈiʲɐ
autoclínica	ˌaʊtoklˈinikɐ	ˌaʊtoklˈinikɐ
autoclismo	ˌaʊtoklˈizmʊ	ˌaʊtoklˈizmʊ
autoclismos	ˌaʊtoklˈizmʊs	ˌaʊtoklˈizmʊs
autocolante	ˌaʊtokolˈɐ̃ntʃɪ	ˌaʊtokˌolˈɐ̃ntʃɪ
autocolantes	ˌaʊtokolˈɐ̃ntʃɪs	ˌaʊtokˌolˈɐ̃ntʃɪs
autocombustão	ˌaʊtokˌõmbustˈɐ̃ʊ̃	ˌaʊtokˌõmbustˈɐ̃ʊ̃
autocondução	ˌaʊtokˌõndusˈɐ̃ʊ̃	ˌaʊtokˌõndusˈɐ̃ʊ̃
autoconduções	ˌaʊtokˌõndusˈõɪ̃s	ˌaʊtokˌõndusˈõɪ̃s
autoconfiança	ˌaʊtokˌõnfiʲˈɐ̃nsɐ	ˌaʊtokˌõnfiʲˈɐ̃nsɐ
autoconfiguração	ˌaʊtokˌõnfiɡˌuɾasˈɐ̃ʊ̃	ˌaʊtokˌõnfiɡˌuɾasˈɐ̃ʊ̃
autoconfigurações	ˌaʊtokˌõnfiɡˌuɾasˈõɪ̃s	ˌaʊtokˌõnfiɡˌuɾasˈõɪ̃s
autoconsciência	ˌaʊtokõnsjˈeɪnsjɐ	ˌaʊtokˌõnsjˈeɪnsjɐ
autoconsciências	ˌaʊtokõnsjˈeɪnsjɐs	ˌaʊtokˌõnsjˈeɪnsjɐs
autocontrole	ˌaʊtokõntɾˈɔlɪ	ˌaʊtokˌõntɾˈɔlɪ
autocontrolo	ˌaʊtokõntɾˈɔlʊ	ˌaʊtokˌõntɾˈɔlʊ
autocontrolos	ˌaʊtokõntɾˈɔlʊs	ˌaʊtokˌõntɾˈɔlʊs
autocopia	ˌaʊtokopˈiʲɐ	ˌaʊtokˌopˈiʲɐ
autocopiá	ˌaʊtokˌopiʲˈa	ˌaʊtokˌopiʲˈa
autocópia	ˌaʊtokˈɔpjɐ	ˌaʊtokˈɔpjɐ
autocopiada	ˌaʊtokˌopiʲˈadɐ	ˌaʊtokˌopiʲˈadɐ
autocopiadas	ˌaʊtokˌopiʲˈadɐs	ˌaʊtokˌopiʲˈadɐs
autocopiado	ˌaʊtokˌopiʲˈadʊ	ˌaʊtokˌopiʲˈadʊ
autocopiados	ˌaʊtokˌopiʲˈadʊs	ˌaʊtokˌopiʲˈadʊs
autocopiai	ˌaʊtokˌopiʲˈaɪ	ˌaʊtokˌopiʲˈaɪ
autocopiais	ˌaʊtokˌopiʲˈaɪs	ˌaʊtokˌopiʲˈaɪs
autocopiam	ˌaʊtokopˈiʲɐ̃ʊ̃	ˌaʊtokˌopˈiʲɐ̃ʊ̃
autocopiamos	ˌaʊtokˌopiʲˈɐ̃mʊs	ˌaʊtokˌopiʲˈɐ̃mʊs
autocopiámos	ˌaʊtokˌopiʲˈamʊs	ˌaʊtokˌopiʲˈamʊs
autocopiando	ˌaʊtokˌopiʲˈɐ̃ndʊ	ˌaʊtokˌopiʲˈɐ̃ndʊ
autocopiar	ˌaʊtokˌopiʲˈaɾ	ˌaʊtokˌopiʲˈaɾ
autocopiara	ˌaʊtokˌopiʲˈaɾɐ	ˌaʊtokˌopiʲˈaɾɐ
autocopiará	ˌaʊtokˌopiʲaɾˈa	ˌaʊtokˌopiʲaɾˈa
autocopiaram	ˌaʊtokˌopiʲˈaɾɐ̃ʊ̃	ˌaʊtokˌopiʲˈaɾɐ̃ʊ̃
autocopiáramos	ˌaʊtokˌopiʲˈaɾɐmʊs	ˌaʊtokˌopiʲˈaɾɐmʊs
autocopiarão	ˌaʊtokˌopiʲaɾˈɐ̃ʊ̃	ˌaʊtokˌopiʲaɾˈɐ̃ʊ̃
autocopiaras	ˌaʊtokˌopiʲˈaɾɐs	ˌaʊtokˌopiʲˈaɾɐs
autocopiarás	ˌaʊtokˌopiʲaɾˈas	ˌaʊtokˌopiʲaɾˈas
autocopiardes	ˌaʊtokˌopiʲˈaɾdʒɪs	ˌaʊtokˌopiʲˈaɾdʒɪs
autocopiarei	ˌaʊtokˌopiʲaɾˈeɪ	ˌaʊtokˌopiʲaɾˈeɪ
autocopiareis	ˌaʊtokˌopiʲaɾˈeɪs	ˌaʊtokˌopiʲaɾˈeɪs
autocopiáreis	ˌaʊtokˌopiʲˈaɾeɪs	ˌaʊtokˌopiʲˈaɾeɪs
autocopiarem	ˌaʊtokˌopiʲˈaɾeɪm	ˌaʊtokˌopiʲˈaɾeɪm
autocopiaremos	ˌaʊtokˌopiʲaɾˈemʊs	ˌaʊtokˌopiʲaɾˈemʊs
autocopiares	ˌaʊtokˌopiʲˈaɾɪs	ˌaʊtokˌopiʲˈaɾɪs
autocopiaria	ˌaʊtokˌopiʲaɾˈiʲɐ	ˌaʊtokˌopiʲaɾˈiʲɐ
autocopiariam	ˌaʊtokˌopiʲaɾˈiʲɐ̃ʊ̃	ˌaʊtokˌopiʲaɾˈiʲɐ̃ʊ̃
autocopiaríamos	ˌaʊtokˌopiʲaɾˈiʲɐmʊs	ˌaʊtokˌopiʲaɾˈiʲɐmʊs
autocopiarias	ˌaʊtokˌopiʲaɾˈiʲɐs	ˌaʊtokˌopiʲaɾˈiʲɐs
autocopiaríeis	ˌaʊtokˌopiʲaɾˈiʲeɪs	ˌaʊtokˌopiʲaɾˈiʲeɪs
autocopiarmos	ˌaʊtokˌopiʲˈaɾmʊs	ˌaʊtokˌopiʲˈaɾmʊs
autocopias	ˌaʊtokopˈiʲɐs	ˌaʊtokˌopˈiʲɐs
autocopiasse	ˌaʊtokˌopiʲˈasɪ	ˌaʊtokˌopiʲˈasɪ
autocopiásseis	ˌaʊtokˌopiʲˈaseɪs	ˌaʊtokˌopiʲˈaseɪs
autocopiassem	ˌaʊtokˌopiʲˈaseɪm	ˌaʊtokˌopiʲˈaseɪm
autocopiássemos	ˌaʊtokˌopiʲˈasemʊs	ˌaʊtokˌopiʲˈasemʊs
autocopiasses	ˌaʊtokˌopiʲˈasɪs	ˌaʊtokˌopiʲˈasɪs
autocopiaste	ˌaʊtokˌopiʲˈastʃɪ	ˌaʊtokˌopiʲˈastʃɪ
autocopiastes	ˌaʊtokˌopiʲˈastʃɪs	ˌaʊtokˌopiʲˈastʃɪs
autocopiava	ˌaʊtokˌopiʲˈavɐ	ˌaʊtokˌopiʲˈavɐ
autocopiavam	ˌaʊtokˌopiʲˈavɐ̃ʊ̃	ˌaʊtokˌopiʲˈavɐ̃ʊ̃
autocopiávamos	ˌaʊtokˌopiʲˈavɐmʊs	ˌaʊtokˌopiʲˈavɐmʊs
autocopiavas	ˌaʊtokˌopiʲˈavɐs	ˌaʊtokˌopiʲˈavɐs
autocopiáveis	ˌaʊtokˌopiʲˈaveɪs	ˌaʊtokˌopiʲˈaveɪs
autocopie	ˌaʊtokopˈiʲɪ	ˌaʊtokˌopˈiʲɪ
autocopiei	ˌaʊtokˌopiʲˈeɪ	ˌaʊtokˌopiʲˈeɪ
autocopieis	ˌaʊtokˌopiʲˈeɪs	ˌaʊtokˌopiʲˈeɪs
autocopiem	ˌaʊtokopˈiʲeɪm	ˌaʊtokˌopˈiʲeɪm
autocopiemos	ˌaʊtokˌopiʲˈemʊs	ˌaʊtokˌopiʲˈemʊs
autocopies	ˌaʊtokopˈiʲɪs	ˌaʊtokˌopˈiʲɪs
autocopio	ˌaʊtokopˈiʲʊ	ˌaʊtokˌopˈiʲʊ
autocopiou	ˌaʊtokˌopiʲˈoʊ	ˌaʊtokˌopiʲˈoʊ
autocorreção	ˌaʊtokˌoxesˈɐ̃ʊ̃	ˌaʊtokˌoxesˈɐ̃ʊ̃
autocorreções	ˌaʊtokˌoxesˈõɪ̃s	ˌaʊtokˌoxesˈõɪ̃s
autocorretivo	ˌaʊtokˌoxetʃˈivʊ	ˌaʊtokˌoxetʃˈivʊ
autocorretivos	ˌaʊtokˌoxetʃˈivʊs	ˌaʊtokˌoxetʃˈivʊs
autocorretor	ˌaʊtokˌoxetˈoɾ	ˌaʊtokˌoxetˈoɾ
autocorretores	ˌaʊtokˌoxetˈoɾɪs	ˌaʊtokˌoxetˈoɾɪs
autocracia	ˌaʊtokɾasˈiʲɐ	ˌaʊtokɾˌasˈiʲɐ
autocracias	ˌaʊtokɾasˈiʲɐs	ˌaʊtokɾˌasˈiʲɐs
autocrata	ˌaʊtokɾˈatɐ	ˌaʊtokɾˈatɐ
autocratas	ˌaʊtokɾˈatɐs	ˌaʊtokɾˈatɐs
autocrática	ˌaʊtokɾˈatʃikɐ	ˌaʊtokɾˈatʃikɐ
autocraticamente	ˌaʊtokɾˌatʃikɐmˈeɪntʃɪ	ˌaʊtokɾˌatʃikɐmˈeɪntʃɪ
autocráticas	ˌaʊtokɾˈatʃikɐs	ˌaʊtokɾˈatʃikɐs
autocrático	ˌaʊtokɾˈatʃikʊ	ˌaʊtokɾˈatʃikʊ
autocráticos	ˌaʊtokɾˈatʃikʊs	ˌaʊtokɾˈatʃikʊs
autocratismo	ˌaʊtokɾatʃˈizmʊ	ˌaʊtokɾatʃˈizmʊ
autocratismos	ˌaʊtokɾatʃˈizmʊs	ˌaʊtokɾˌatʃˈizmʊs
autocrítica	ˌaʊtokɾˈitʃikɐ	ˌaʊtokɾˈitʃikɐ
autocríticas	ˌaʊtokɾˈitʃikɐs	ˌaʊtokɾˈitʃikɐs
autocrítico	ˌaʊtokɾˈitʃikʊ	ˌaʊtokɾˈitʃikʊ
autocríticos	ˌaʊtokɾˈitʃikʊs	ˌaʊtokɾˈitʃikʊs
autocromia	ˌaʊtokɾomˈiʲɐ	ˌaʊtokɾˌomˈiʲɐ
autoctonia	ˌaʊtoktonˈiʲɐ	ˌaʊtoktˌonˈiʲɐ
autoctonias	ˌaʊtoktonˈiʲɐs	ˌaʊtoktˌonˈiʲɐs
autoctonismo	ˌaʊtoktonˈizmʊ	ˌaʊtoktonˈizmʊ
autoctonismos	ˌaʊtoktonˈizmʊs	ˌaʊtoktˌonˈizmʊs
autodecomposição	ˌaʊtodˌekõmpˌozisˈɐ̃ʊ̃	ˌaʊtodˌekõmpˌozisˈɐ̃ʊ̃
autodecomposições	ˌaʊtodˌekõmpˌozisˈõɪ̃s	ˌaʊtodˌekõmpˌozisˈõɪ̃s
autodefesa	ˌaʊtodefˈezɐ	ˌaʊtodˌefˈezɐ
autodefesas	ˌaʊtodefˈezɐs	ˌaʊtodˌefˈezɐs
autodenomina	ˌaʊtodˌenomˈinɐ	ˌaʊtodˌenomˈinɐ
autodenominá	ˌaʊtodˌenominˈa	ˌaʊtodˌenominˈa
autodenominada	ˌaʊtodˌenominˈadɐ	ˌaʊtodˌenominˈadɐ
autodenominadas	ˌaʊtodˌenominˈadɐs	ˌaʊtodˌenominˈadɐs
autodenominado	ˌaʊtodˌenominˈadʊ	ˌaʊtodˌenominˈadʊ
autodenominados	ˌaʊtodˌenominˈadʊs	ˌaʊtodˌenominˈadʊs
autodenominai	ˌaʊtodˌenominˈaɪ	ˌaʊtodˌenominˈaɪ
autodenominais	ˌaʊtodˌenominˈaɪs	ˌaʊtodˌenominˈaɪs
autodenominam	ˌaʊtodˌenomˈinɐ̃ʊ̃	ˌaʊtodˌenomˈinɐ̃ʊ̃
autodenominamo	ˌaʊtodˌenominˈɐ̃mʊ	ˌaʊtodˌenominˈɐ̃mʊ
autodenominamos	ˌaʊtodˌenominˈɐ̃mʊs	ˌaʊtodˌenominˈɐ̃mʊs
autodenominando	ˌaʊtodˌenominˈɐ̃ndʊ	ˌaʊtodˌenominˈɐ̃ndʊ
autodenominar	ˌaʊtodˌenominˈaɾ	ˌaʊtodˌenominˈaɾ
autodenominara	ˌaʊtodˌenominˈaɾɐ	ˌaʊtodˌenominˈaɾɐ
autodenominará	ˌaʊtodˌenomˌinaɾˈa	ˌaʊtodˌenomˌinaɾˈa
autodenominaram	ˌaʊtodˌenominˈaɾɐ̃ʊ̃	ˌaʊtodˌenominˈaɾɐ̃ʊ̃
autodenomináramos	ˌaʊtodˌenominˈaɾɐmʊs	ˌaʊtodˌenominˈaɾɐmʊs
autodenominarão	ˌaʊtodˌenomˌinaɾˈɐ̃ʊ̃	ˌaʊtodˌenomˌinaɾˈɐ̃ʊ̃
autodenominaras	ˌaʊtodˌenominˈaɾɐs	ˌaʊtodˌenominˈaɾɐs
autodenominarás	ˌaʊtodˌenomˌinaɾˈas	ˌaʊtodˌenomˌinaɾˈas
autodenominardes	ˌaʊtodˌenominˈaɾdʒɪs	ˌaʊtodˌenominˈaɾdʒɪs
autodenominarei	ˌaʊtodˌenomˌinaɾˈeɪ	ˌaʊtodˌenomˌinaɾˈeɪ
autodenominareis	ˌaʊtodˌenomˌinaɾˈeɪs	ˌaʊtodˌenomˌinaɾˈeɪs
autodenomináreis	ˌaʊtodˌenominˈaɾeɪs	ˌaʊtodˌenominˈaɾeɪs
autodenominarem	ˌaʊtodˌenominˈaɾeɪm	ˌaʊtodˌenominˈaɾeɪm
autodenominaremo	ˌaʊtodˌenomˌinaɾˈemʊ	ˌaʊtodˌenomˌinaɾˈemʊ
autodenominaremos	ˌaʊtodˌenomˌinaɾˈemʊs	ˌaʊtodˌenomˌinaɾˈemʊs
autodenominares	ˌaʊtodˌenominˈaɾɪs	ˌaʊtodˌenominˈaɾɪs
autodenominaria	ˌaʊtodˌenomˌinaɾˈiʲɐ	ˌaʊtodˌenomˌinaɾˈiʲɐ
autodenominariam	ˌaʊtodˌenomˌinaɾˈiʲɐ̃ʊ̃	ˌaʊtodˌenomˌinaɾˈiʲɐ̃ʊ̃
autodenominaríamos	ˌaʊtodˌenomˌinaɾˈiʲɐmʊs	ˌaʊtodˌenomˌinaɾˈiʲɐmʊs
autodenominarias	ˌaʊtodˌenomˌinaɾˈiʲɐs	ˌaʊtodˌenomˌinaɾˈiʲɐs
autodenominaríeis	ˌaʊtodˌenomˌinaɾˈiʲeɪs	ˌaʊtodˌenomˌinaɾˈiʲeɪs
autodenominarmo	ˌaʊtodˌenominˈaɾmʊ	ˌaʊtodˌenominˈaɾmʊ
autodenominarmos	ˌaʊtodˌenominˈaɾmʊs	ˌaʊtodˌenominˈaɾmʊs
autodenominas	ˌaʊtodˌenomˈinɐs	ˌaʊtodˌenomˈinɐs
autodenominasse	ˌaʊtodˌenominˈasɪ	ˌaʊtodˌenominˈasɪ
autodenominásseis	ˌaʊtodˌenominˈaseɪs	ˌaʊtodˌenominˈaseɪs
autodenominassem	ˌaʊtodˌenominˈaseɪm	ˌaʊtodˌenominˈaseɪm
autodenominássemos	ˌaʊtodˌenominˈasemʊs	ˌaʊtodˌenominˈasemʊs
autodenominasses	ˌaʊtodˌenominˈasɪs	ˌaʊtodˌenominˈasɪs
autodenominaste	ˌaʊtodˌenominˈastʃɪ	ˌaʊtodˌenominˈastʃɪ
autodenominastes	ˌaʊtodˌenominˈastʃɪs	ˌaʊtodˌenominˈastʃɪs
autodenominava	ˌaʊtodˌenominˈavɐ	ˌaʊtodˌenominˈavɐ
autodenominavam	ˌaʊtodˌenominˈavɐ̃ʊ̃	ˌaʊtodˌenominˈavɐ̃ʊ̃
autodenominávamos	ˌaʊtodˌenominˈavɐmʊs	ˌaʊtodˌenominˈavɐmʊs
autodenominavas	ˌaʊtodˌenominˈavɐs	ˌaʊtodˌenominˈavɐs
autodenomináveis	ˌaʊtodˌenominˈaveɪs	ˌaʊtodˌenominˈaveɪs
autodenomine	ˌaʊtodˌenomˈinɪ	ˌaʊtodˌenomˈinɪ
autodenominei	ˌaʊtodˌenominˈeɪ	ˌaʊtodˌenominˈeɪ
autodenomineis	ˌaʊtodˌenominˈeɪs	ˌaʊtodˌenominˈeɪs
autodenominem	ˌaʊtodˌenomˈineɪm	ˌaʊtodˌenomˈineɪm
autodenominemo	ˌaʊtodˌenominˈemʊ	ˌaʊtodˌenominˈemʊ
autodenominemos	ˌaʊtodˌenominˈemʊs	ˌaʊtodˌenominˈemʊs
autodenomines	ˌaʊtodˌenomˈinɪs	ˌaʊtodˌenomˈinɪs
autodenomino	ˌaʊtodˌenomˈinʊ	ˌaʊtodˌenomˈinʊ
autodenominou	ˌaʊtodˌenominˈoʊ	ˌaʊtodˌenominˈoʊ
autodestruição	ˌaʊtodˌestɾuisˈɐ̃ʊ̃	ˌaʊtodˌestɾuisˈɐ̃ʊ̃
autodestruições	ˌaʊtodˌestɾuisˈõɪ̃s	ˌaʊtodˌestɾuisˈõɪ̃s
autodeterminação	ˌaʊtodˌeteɾmˌinasˈɐ̃ʊ̃	ˌaʊtodˌeteɾmˌinasˈɐ̃ʊ̃
autodeterminações	ˌaʊtodˌeteɾmˌinasˈõɪ̃s	ˌaʊtodˌeteɾmˌinasˈõɪ̃s
autodeterminismo	ˌaʊtodˌeteɾminˈizmʊ	ˌaʊtodˌeteɾminˈizmʊ
autodeterminismos	ˌaʊtodˌeteɾminˈizmʊs	ˌaʊtodˌeteɾminˈizmʊs
autodidata	ˌaʊtodʒidˈatɐ	ˌaʊtodʒˌidˈatɐ
autodidatas	ˌaʊtodʒidˈatɐs	ˌaʊtodʒˌidˈatɐs
autodidática	ˌaʊtodʒidˈatʃikɐ	ˌaʊtodʒˌidˈatʃikɐ
autodigestão	ˌaʊtodʒˌiʒestˈɐ̃ʊ̃	ˌaʊtodʒˌiʒestˈɐ̃ʊ̃
autodinamia	ˌaʊtodʒˌinɐmˈiʲɐ	ˌaʊtodʒˌinɐmˈiʲɐ
autodinâmica	ˌaʊtodʒinˈɐ̃mikɐ	ˌaʊtodʒˌinˈɐ̃mikɐ
autodinâmicas	ˌaʊtodʒinˈɐ̃mikɐs	ˌaʊtodʒˌinˈɐ̃mikɐs
autodinâmico	ˌaʊtodʒinˈɐ̃mikʊ	ˌaʊtodʒˌinˈɐ̃mikʊ
autodinâmicos	ˌaʊtodʒinˈɐ̃mikʊs	ˌaʊtodʒˌinˈɐ̃mikʊs
autodisciplina	ˌaʊtodʒˌisiplˈinɐ	ˌaʊtodʒˌisiplˈinɐ
autoestima	ˌaʊtoestʃˈimɐ	ˌaʊtoˌestʃˈimɐ
autoestrada	ˌaʊtoestɾˈadɐ	ˌaʊtoˌestɾˈadɐ
autoestradas	ˌaʊtoestɾˈadɐs	ˌaʊtoˌestɾˈadɐs
autofecundação	ˌaʊtofˌekũndasˈɐ̃ʊ̃	ˌaʊtofˌekũndasˈɐ̃ʊ̃
autofinancia	ˌaʊtofˌinɐ̃nsˈiʲɐ	ˌaʊtofˌinɐ̃nsˈiʲɐ
autofinanciá	ˌaʊtofˌinɐ̃nsiʲˈa	ˌaʊtofˌinɐ̃nsiʲˈa
autofinanciada	ˌaʊtofˌinɐ̃nsiʲˈadɐ	ˌaʊtofˌinɐ̃nsiʲˈadɐ
autofinanciadas	ˌaʊtofˌinɐ̃nsiʲˈadɐs	ˌaʊtofˌinɐ̃nsiʲˈadɐs
autofinanciado	ˌaʊtofˌinɐ̃nsiʲˈadʊ	ˌaʊtofˌinɐ̃nsiʲˈadʊ
autofinanciados	ˌaʊtofˌinɐ̃nsiʲˈadʊs	ˌaʊtofˌinɐ̃nsiʲˈadʊs
autofinanciai	ˌaʊtofˌinɐ̃nsiʲˈaɪ	ˌaʊtofˌinɐ̃nsiʲˈaɪ
autofinanciais	ˌaʊtofˌinɐ̃nsiʲˈaɪs	ˌaʊtofˌinɐ̃nsiʲˈaɪs
autofinanciam	ˌaʊtofˌinɐ̃nsˈiʲɐ̃ʊ̃	ˌaʊtofˌinɐ̃nsˈiʲɐ̃ʊ̃
autofinanciamo	ˌaʊtofˌinɐ̃nsiʲˈɐ̃mʊ	ˌaʊtofˌinɐ̃nsiʲˈɐ̃mʊ
autofinanciamos	ˌaʊtofˌinɐ̃nsiʲˈɐ̃mʊs	ˌaʊtofˌinɐ̃nsiʲˈɐ̃mʊs
autofinanciando	ˌaʊtofˌinɐ̃nsiʲˈɐ̃ndʊ	ˌaʊtofˌinɐ̃nsiʲˈɐ̃ndʊ
autofinanciar	ˌaʊtofˌinɐ̃nsiʲˈaɾ	ˌaʊtofˌinɐ̃nsiʲˈaɾ
autofinanciara	ˌaʊtofˌinɐ̃nsiʲˈaɾɐ	ˌaʊtofˌinɐ̃nsiʲˈaɾɐ
autofinanciará	ˌaʊtofˌinɐ̃nsˌiʲaɾˈa	ˌaʊtofˌinɐ̃nsˌiʲaɾˈa
autofinanciaram	ˌaʊtofˌinɐ̃nsiʲˈaɾɐ̃ʊ̃	ˌaʊtofˌinɐ̃nsiʲˈaɾɐ̃ʊ̃
autofinanciáramos	ˌaʊtofˌinɐ̃nsiʲˈaɾɐmʊs	ˌaʊtofˌinɐ̃nsiʲˈaɾɐmʊs
autofinanciarão	ˌaʊtofˌinɐ̃nsˌiʲaɾˈɐ̃ʊ̃	ˌaʊtofˌinɐ̃nsˌiʲaɾˈɐ̃ʊ̃
autofinanciaras	ˌaʊtofˌinɐ̃nsiʲˈaɾɐs	ˌaʊtofˌinɐ̃nsiʲˈaɾɐs
autofinanciarás	ˌaʊtofˌinɐ̃nsˌiʲaɾˈas	ˌaʊtofˌinɐ̃nsˌiʲaɾˈas
autofinanciardes	ˌaʊtofˌinɐ̃nsiʲˈaɾdʒɪs	ˌaʊtofˌinɐ̃nsiʲˈaɾdʒɪs
autofinanciarei	ˌaʊtofˌinɐ̃nsˌiʲaɾˈeɪ	ˌaʊtofˌinɐ̃nsˌiʲaɾˈeɪ
autofinanciareis	ˌaʊtofˌinɐ̃nsˌiʲaɾˈeɪs	ˌaʊtofˌinɐ̃nsˌiʲaɾˈeɪs
autofinanciáreis	ˌaʊtofˌinɐ̃nsiʲˈaɾeɪs	ˌaʊtofˌinɐ̃nsiʲˈaɾeɪs
autofinanciarem	ˌaʊtofˌinɐ̃nsiʲˈaɾeɪm	ˌaʊtofˌinɐ̃nsiʲˈaɾeɪm
autofinanciaremo	ˌaʊtofˌinɐ̃nsˌiʲaɾˈemʊ	ˌaʊtofˌinɐ̃nsˌiʲaɾˈemʊ
autofinanciaremos	ˌaʊtofˌinɐ̃nsˌiʲaɾˈemʊs	ˌaʊtofˌinɐ̃nsˌiʲaɾˈemʊs
autofinanciares	ˌaʊtofˌinɐ̃nsiʲˈaɾɪs	ˌaʊtofˌinɐ̃nsiʲˈaɾɪs
autofinanciaria	ˌaʊtofˌinɐ̃nsˌiʲaɾˈiʲɐ	ˌaʊtofˌinɐ̃nsˌiʲaɾˈiʲɐ
autofinanciariam	ˌaʊtofˌinɐ̃nsˌiʲaɾˈiʲɐ̃ʊ̃	ˌaʊtofˌinɐ̃nsˌiʲaɾˈiʲɐ̃ʊ̃
autofinanciaríamos	ˌaʊtofˌinɐ̃nsˌiʲaɾˈiʲɐmʊs	ˌaʊtofˌinɐ̃nsˌiʲaɾˈiʲɐmʊs
autofinanciarias	ˌaʊtofˌinɐ̃nsˌiʲaɾˈiʲɐs	ˌaʊtofˌinɐ̃nsˌiʲaɾˈiʲɐs
autofinanciaríeis	ˌaʊtofˌinɐ̃nsˌiʲaɾˈiʲeɪs	ˌaʊtofˌinɐ̃nsˌiʲaɾˈiʲeɪs
autofinanciarmo	ˌaʊtofˌinɐ̃nsiʲˈaɾmʊ	ˌaʊtofˌinɐ̃nsiʲˈaɾmʊ
autofinanciarmos	ˌaʊtofˌinɐ̃nsiʲˈaɾmʊs	ˌaʊtofˌinɐ̃nsiʲˈaɾmʊs
autofinancias	ˌaʊtofˌinɐ̃nsˈiʲɐs	ˌaʊtofˌinɐ̃nsˈiʲɐs
autofinanciasse	ˌaʊtofˌinɐ̃nsiʲˈasɪ	ˌaʊtofˌinɐ̃nsiʲˈasɪ
autofinanciásseis	ˌaʊtofˌinɐ̃nsiʲˈaseɪs	ˌaʊtofˌinɐ̃nsiʲˈaseɪs
autofinanciassem	ˌaʊtofˌinɐ̃nsiʲˈaseɪm	ˌaʊtofˌinɐ̃nsiʲˈaseɪm
autofinanciássemos	ˌaʊtofˌinɐ̃nsiʲˈasemʊs	ˌaʊtofˌinɐ̃nsiʲˈasemʊs
autofinanciasses	ˌaʊtofˌinɐ̃nsiʲˈasɪs	ˌaʊtofˌinɐ̃nsiʲˈasɪs
autofinanciaste	ˌaʊtofˌinɐ̃nsiʲˈastʃɪ	ˌaʊtofˌinɐ̃nsiʲˈastʃɪ
autofinanciastes	ˌaʊtofˌinɐ̃nsiʲˈastʃɪs	ˌaʊtofˌinɐ̃nsiʲˈastʃɪs
autofinanciava	ˌaʊtofˌinɐ̃nsiʲˈavɐ	ˌaʊtofˌinɐ̃nsiʲˈavɐ
autofinanciavam	ˌaʊtofˌinɐ̃nsiʲˈavɐ̃ʊ̃	ˌaʊtofˌinɐ̃nsiʲˈavɐ̃ʊ̃
autofinanciávamos	ˌaʊtofˌinɐ̃nsiʲˈavɐmʊs	ˌaʊtofˌinɐ̃nsiʲˈavɐmʊs
autofinanciavas	ˌaʊtofˌinɐ̃nsiʲˈavɐs	ˌaʊtofˌinɐ̃nsiʲˈavɐs
autofinanciáveis	ˌaʊtofˌinɐ̃nsiʲˈaveɪs	ˌaʊtofˌinɐ̃nsiʲˈaveɪs
autofinancie	ˌaʊtofˌinɐ̃nsˈiʲɪ	ˌaʊtofˌinɐ̃nsˈiʲɪ
autofinanciei	ˌaʊtofˌinɐ̃nsiʲˈeɪ	ˌaʊtofˌinɐ̃nsiʲˈeɪ
autofinancieis	ˌaʊtofˌinɐ̃nsiʲˈeɪs	ˌaʊtofˌinɐ̃nsiʲˈeɪs
autofinanciem	ˌaʊtofˌinɐ̃nsˈiʲeɪm	ˌaʊtofˌinɐ̃nsˈiʲeɪm
autofinanciemo	ˌaʊtofˌinɐ̃nsiʲˈemʊ	ˌaʊtofˌinɐ̃nsiʲˈemʊ
autofinanciemos	ˌaʊtofˌinɐ̃nsiʲˈemʊs	ˌaʊtofˌinɐ̃nsiʲˈemʊs
autofinancies	ˌaʊtofˌinɐ̃nsˈiʲɪs	ˌaʊtofˌinɐ̃nsˈiʲɪs
autofinancio	ˌaʊtofˌinɐ̃nsˈiʲʊ	ˌaʊtofˌinɐ̃nsˈiʲʊ
autofinanciou	ˌaʊtofˌinɐ̃nsiʲˈoʊ	ˌaʊtofˌinɐ̃nsiʲˈoʊ
autoflagelação	ˌaʊtoflˌaʒelasˈɐ̃ʊ̃	ˌaʊtoflˌaʒelasˈɐ̃ʊ̃
autoflagelações	ˌaʊtoflˌaʒelasˈõɪ̃s	ˌaʊtoflˌaʒelasˈõɪ̃s
autoformação	ˌaʊtofˌoɾmasˈɐ̃ʊ̃	ˌaʊtofˌoɾmasˈɐ̃ʊ̃
autoformações	ˌaʊtofˌoɾmasˈõɪ̃s	ˌaʊtofˌoɾmasˈõɪ̃s
autofotografia	ˌaʊtofˌotoɡɾafˈiʲɐ	ˌaʊtofˌotoɡɾafˈiʲɐ
autogamia	ˌaʊtoɡɐmˈiʲɐ	ˌaʊtoɡˌɐmˈiʲɐ
autogéneo	ˌaʊtoʒˈɛneʊ	ˌaʊtoʒˈɛneʊ
autogénese	ˌaʊtoʒˈɛnɛzɪ	ˌaʊtoʒˈɛnɛzɪ
autogenético	ˌaʊtoʒenˈɛtʃikʊ	ˌaʊtoʒˌenˈɛtʃikʊ
autogerida	ˌaʊtoʒeɾˈidɐ	ˌaʊtoʒˌeɾˈidɐ
autogeridas	ˌaʊtoʒeɾˈidɐs	ˌaʊtoʒˌeɾˈidɐs
autogestão	ˌaʊtoʒestˈɐ̃ʊ̃	ˌaʊtoʒestˈɐ̃ʊ̃
autogestões	ˌaʊtoʒestˈõɪ̃s	ˌaʊtoʒestˈõɪ̃s
autognose	ˌaʊtoɡnˈɔzɪ	ˌaʊtoɡnˈɔzɪ
autogolo	ˌaʊtoɡˈɔlʊ	ˌaʊtoɡˈɔlʊ
autogolos	ˌaʊtoɡˈɔlʊs	ˌaʊtoɡˈɔlʊs
autogoverno	ˌaʊtoɡovˈɛɾnʊ	ˌaʊtoɡˌovˈeɾnʊ
autogovernos	ˌaʊtoɡovˈɛɾnʊs	ˌaʊtoɡˌovˈeɾnʊs
autografa	ˌaʊtoɡɾˈafɐ	ˌaʊtoɡɾˈafɐ
autografá	ˌaʊtoɡɾafˈa	ˌaʊtoɡɾafˈa
autografada	ˌaʊtoɡɾafˈadɐ	ˌaʊtoɡɾˌafˈadɐ
autografadas	ˌaʊtoɡɾafˈadɐs	ˌaʊtoɡɾˌafˈadɐs
autografado	ˌaʊtoɡɾafˈadʊ	ˌaʊtoɡɾˌafˈadʊ
autografados	ˌaʊtoɡɾafˈadʊs	ˌaʊtoɡɾˌafˈadʊs
autografai	ˌaʊtoɡɾafˈaɪ	ˌaʊtoɡɾafˈaɪ
autografais	ˌaʊtoɡɾafˈaɪs	ˌaʊtoɡɾafˈaɪs
autografam	ˌaʊtoɡɾˈafɐ̃ʊ̃	ˌaʊtoɡɾˈafɐ̃ʊ̃
autografamo	ˌaʊtoɡɾafˈɐ̃mʊ	ˌaʊtoɡɾˌafˈɐ̃mʊ
autografamos	ˌaʊtoɡɾafˈɐ̃mʊs	ˌaʊtoɡɾˌafˈɐ̃mʊs
autografámos	ˌaʊtoɡɾafˈamʊs	ˌaʊtoɡɾˌafˈamʊs
autografando	ˌaʊtoɡɾafˈɐ̃ndʊ	ˌaʊtoɡɾˌafˈɐ̃ndʊ
autografar	ˌaʊtoɡɾafˈaɾ	ˌaʊtoɡɾafˈaɾ
autografara	ˌaʊtoɡɾafˈaɾɐ	ˌaʊtoɡɾˌafˈaɾɐ
autografará	ˌaʊtoɡɾˌafaɾˈa	ˌaʊtoɡɾˌafaɾˈa
autografaram	ˌaʊtoɡɾafˈaɾɐ̃ʊ̃	ˌaʊtoɡɾˌafˈaɾɐ̃ʊ̃
autografáramos	ˌaʊtoɡɾafˈaɾɐmʊs	ˌaʊtoɡɾˌafˈaɾɐmʊs
autografarão	ˌaʊtoɡɾˌafaɾˈɐ̃ʊ̃	ˌaʊtoɡɾˌafaɾˈɐ̃ʊ̃
autografaras	ˌaʊtoɡɾafˈaɾɐs	ˌaʊtoɡɾˌafˈaɾɐs
autografarás	ˌaʊtoɡɾˌafaɾˈas	ˌaʊtoɡɾˌafaɾˈas
autografardes	ˌaʊtoɡɾafˈaɾdʒɪs	ˌaʊtoɡɾˌafˈaɾdʒɪs
autografarei	ˌaʊtoɡɾˌafaɾˈeɪ	ˌaʊtoɡɾˌafaɾˈeɪ
autografareis	ˌaʊtoɡɾˌafaɾˈeɪs	ˌaʊtoɡɾˌafaɾˈeɪs
autografáreis	ˌaʊtoɡɾafˈaɾeɪs	ˌaʊtoɡɾˌafˈaɾeɪs
autografarem	ˌaʊtoɡɾafˈaɾeɪm	ˌaʊtoɡɾˌafˈaɾeɪm
autografaremo	ˌaʊtoɡɾˌafaɾˈemʊ	ˌaʊtoɡɾˌafaɾˈemʊ
autografaremos	ˌaʊtoɡɾˌafaɾˈemʊs	ˌaʊtoɡɾˌafaɾˈemʊs
autografares	ˌaʊtoɡɾafˈaɾɪs	ˌaʊtoɡɾˌafˈaɾɪs
autografaria	ˌaʊtoɡɾˌafaɾˈiʲɐ	ˌaʊtoɡɾˌafaɾˈiʲɐ
autografariam	ˌaʊtoɡɾˌafaɾˈiʲɐ̃ʊ̃	ˌaʊtoɡɾˌafaɾˈiʲɐ̃ʊ̃
autografaríamos	ˌaʊtoɡɾˌafaɾˈiʲɐmʊs	ˌaʊtoɡɾˌafaɾˈiʲɐmʊs
autografarias	ˌaʊtoɡɾˌafaɾˈiʲɐs	ˌaʊtoɡɾˌafaɾˈiʲɐs
autografaríeis	ˌaʊtoɡɾˌafaɾˈiʲeɪs	ˌaʊtoɡɾˌafaɾˈiʲeɪs
autografarmo	ˌaʊtoɡɾafˈaɾmʊ	ˌaʊtoɡɾˌafˈaɾmʊ
autografarmos	ˌaʊtoɡɾafˈaɾmʊs	ˌaʊtoɡɾˌafˈaɾmʊs
autografas	ˌaʊtoɡɾˈafɐs	ˌaʊtoɡɾˈafɐs
autografasse	ˌaʊtoɡɾafˈasɪ	ˌaʊtoɡɾˌafˈasɪ
autografásseis	ˌaʊtoɡɾafˈaseɪs	ˌaʊtoɡɾˌafˈaseɪs
autografassem	ˌaʊtoɡɾafˈaseɪm	ˌaʊtoɡɾˌafˈaseɪm
autografássemos	ˌaʊtoɡɾafˈasemʊs	ˌaʊtoɡɾˌafˈasemʊs
autografasses	ˌaʊtoɡɾafˈasɪs	ˌaʊtoɡɾˌafˈasɪs
autografaste	ˌaʊtoɡɾafˈastʃɪ	ˌaʊtoɡɾˌafˈastʃɪ
autografastes	ˌaʊtoɡɾafˈastʃɪs	ˌaʊtoɡɾˌafˈastʃɪs
autografava	ˌaʊtoɡɾafˈavɐ	ˌaʊtoɡɾˌafˈavɐ
autografavam	ˌaʊtoɡɾafˈavɐ̃ʊ̃	ˌaʊtoɡɾˌafˈavɐ̃ʊ̃
autografávamos	ˌaʊtoɡɾafˈavɐmʊs	ˌaʊtoɡɾˌafˈavɐmʊs
autografavas	ˌaʊtoɡɾafˈavɐs	ˌaʊtoɡɾˌafˈavɐs
autografáveis	ˌaʊtoɡɾafˈaveɪs	ˌaʊtoɡɾˌafˈaveɪs
autografe	ˌaʊtoɡɾˈafɪ	ˌaʊtoɡɾˈafɪ
autografei	ˌaʊtoɡɾafˈeɪ	ˌaʊtoɡɾafˈeɪ
autografeis	ˌaʊtoɡɾafˈeɪs	ˌaʊtoɡɾafˈeɪs
autografem	ˌaʊtoɡɾˈafeɪm	ˌaʊtoɡɾˈafeɪm
autografemo	ˌaʊtoɡɾafˈemʊ	ˌaʊtoɡɾˌafˈemʊ
autografemos	ˌaʊtoɡɾafˈemʊs	ˌaʊtoɡɾˌafˈemʊs
autografes	ˌaʊtoɡɾˈafɪs	ˌaʊtoɡɾˈafɪs
autografia	ˌaʊtoɡɾafˈiʲɐ	ˌaʊtoɡɾˌafˈiʲɐ
autográfica	ˌaʊtoɡɾˈafikɐ	ˌaʊtoɡɾˈafikɐ
autográficas	ˌaʊtoɡɾˈafikɐs	ˌaʊtoɡɾˈafikɐs
autográfico	ˌaʊtoɡɾˈafikʊ	ˌaʊtoɡɾˈafikʊ
autográficos	ˌaʊtoɡɾˈafikʊs	ˌaʊtoɡɾˈafikʊs
autografo	ˌaʊtoɡɾˈafʊ	ˌaʊtoɡɾˈafʊ
autografou	ˌaʊtoɡɾafˈoʊ	ˌaʊtoɡɾafˈoʊ
automação	ˌaʊtomasˈɐ̃ʊ̃	ˌaʊtomasˈɐ̃ʊ̃
automações	ˌaʊtomasˈõɪ̃s	ˌaʊtomasˈõɪ̃s
automática	ˌaʊtomˈatʃikɐ	ˌaʊtomˈatʃikɐ
automaticamente	ˌaʊtomˌatʃikɐmˈeɪntʃɪ	ˌaʊtomˌatʃikɐmˈeɪntʃɪ
automáticas	ˌaʊtomˈatʃikɐs	ˌaʊtomˈatʃikɐs
automático	ˌaʊtomˈatʃikʊ	ˌaʊtomˈatʃikʊ
automáticos	ˌaʊtomˈatʃikʊs	ˌaʊtomˈatʃikʊs
automatismo	ˌaʊtomatʃˈizmʊ	ˌaʊtomatʃˈizmʊ
automatismos	ˌaʊtomatʃˈizmʊs	ˌaʊtomˌatʃˈizmʊs
automatiza	ˌaʊtomatʃˈizɐ	ˌaʊtomˌatʃˈizɐ
automatizá	ˌaʊtomˌatʃizˈa	ˌaʊtomˌatʃizˈa
automatização	ˌaʊtomˌatʃizasˈɐ̃ʊ̃	ˌaʊtomˌatʃizasˈɐ̃ʊ̃
automatizações	ˌaʊtomˌatʃizasˈõɪ̃s	ˌaʊtomˌatʃizasˈõɪ̃s
automatizada	ˌaʊtomˌatʃizˈadɐ	ˌaʊtomˌatʃizˈadɐ
automatizadas	ˌaʊtomˌatʃizˈadɐs	ˌaʊtomˌatʃizˈadɐs
automatizado	ˌaʊtomˌatʃizˈadʊ	ˌaʊtomˌatʃizˈadʊ
automatizados	ˌaʊtomˌatʃizˈadʊs	ˌaʊtomˌatʃizˈadʊs
automatizai	ˌaʊtomˌatʃizˈaɪ	ˌaʊtomˌatʃizˈaɪ
automatizais	ˌaʊtomˌatʃizˈaɪs	ˌaʊtomˌatʃizˈaɪs
automatizam	ˌaʊtomatʃˈizɐ̃ʊ̃	ˌaʊtomˌatʃˈizɐ̃ʊ̃
automatizamo	ˌaʊtomˌatʃizˈɐ̃mʊ	ˌaʊtomˌatʃizˈɐ̃mʊ
automatizamos	ˌaʊtomˌatʃizˈɐ̃mʊs	ˌaʊtomˌatʃizˈɐ̃mʊs
automatizámos	ˌaʊtomˌatʃizˈamʊs	ˌaʊtomˌatʃizˈamʊs
automatizando	ˌaʊtomˌatʃizˈɐ̃ndʊ	ˌaʊtomˌatʃizˈɐ̃ndʊ
automatizar	ˌaʊtomˌatʃizˈaɾ	ˌaʊtomˌatʃizˈaɾ
automatizara	ˌaʊtomˌatʃizˈaɾɐ	ˌaʊtomˌatʃizˈaɾɐ
automatizará	ˌaʊtomˌatʃizaɾˈa	ˌaʊtomˌatʃizaɾˈa
automatizaram	ˌaʊtomˌatʃizˈaɾɐ̃ʊ̃	ˌaʊtomˌatʃizˈaɾɐ̃ʊ̃
automatizáramos	ˌaʊtomˌatʃizˈaɾɐmʊs	ˌaʊtomˌatʃizˈaɾɐmʊs
automatizarão	ˌaʊtomˌatʃizaɾˈɐ̃ʊ̃	ˌaʊtomˌatʃizaɾˈɐ̃ʊ̃
automatizaras	ˌaʊtomˌatʃizˈaɾɐs	ˌaʊtomˌatʃizˈaɾɐs
automatizarás	ˌaʊtomˌatʃizaɾˈas	ˌaʊtomˌatʃizaɾˈas
automatizardes	ˌaʊtomˌatʃizˈaɾdʒɪs	ˌaʊtomˌatʃizˈaɾdʒɪs
automatizarei	ˌaʊtomˌatʃizaɾˈeɪ	ˌaʊtomˌatʃizaɾˈeɪ
automatizareis	ˌaʊtomˌatʃizaɾˈeɪs	ˌaʊtomˌatʃizaɾˈeɪs
automatizáreis	ˌaʊtomˌatʃizˈaɾeɪs	ˌaʊtomˌatʃizˈaɾeɪs
automatizarem	ˌaʊtomˌatʃizˈaɾeɪm	ˌaʊtomˌatʃizˈaɾeɪm
automatizaremo	ˌaʊtomˌatʃizaɾˈemʊ	ˌaʊtomˌatʃizaɾˈemʊ
automatizaremos	ˌaʊtomˌatʃizaɾˈemʊs	ˌaʊtomˌatʃizaɾˈemʊs
automatizares	ˌaʊtomˌatʃizˈaɾɪs	ˌaʊtomˌatʃizˈaɾɪs
automatizaria	ˌaʊtomˌatʃizaɾˈiʲɐ	ˌaʊtomˌatʃizaɾˈiʲɐ
automatizariam	ˌaʊtomˌatʃizaɾˈiʲɐ̃ʊ̃	ˌaʊtomˌatʃizaɾˈiʲɐ̃ʊ̃
automatizaríamos	ˌaʊtomˌatʃizaɾˈiʲɐmʊs	ˌaʊtomˌatʃizaɾˈiʲɐmʊs
automatizarias	ˌaʊtomˌatʃizaɾˈiʲɐs	ˌaʊtomˌatʃizaɾˈiʲɐs
automatizaríeis	ˌaʊtomˌatʃizaɾˈiʲeɪs	ˌaʊtomˌatʃizaɾˈiʲeɪs
automatizarmo	ˌaʊtomˌatʃizˈaɾmʊ	ˌaʊtomˌatʃizˈaɾmʊ
automatizarmos	ˌaʊtomˌatʃizˈaɾmʊs	ˌaʊtomˌatʃizˈaɾmʊs
automatizas	ˌaʊtomatʃˈizɐs	ˌaʊtomˌatʃˈizɐs
automatizasse	ˌaʊtomˌatʃizˈasɪ	ˌaʊtomˌatʃizˈasɪ
automatizásseis	ˌaʊtomˌatʃizˈaseɪs	ˌaʊtomˌatʃizˈaseɪs
automatizassem	ˌaʊtomˌatʃizˈaseɪm	ˌaʊtomˌatʃizˈaseɪm
automatizássemos	ˌaʊtomˌatʃizˈasemʊs	ˌaʊtomˌatʃizˈasemʊs
automatizasses	ˌaʊtomˌatʃizˈasɪs	ˌaʊtomˌatʃizˈasɪs
automatizaste	ˌaʊtomˌatʃizˈastʃɪ	ˌaʊtomˌatʃizˈastʃɪ
automatizastes	ˌaʊtomˌatʃizˈastʃɪs	ˌaʊtomˌatʃizˈastʃɪs
automatizava	ˌaʊtomˌatʃizˈavɐ	ˌaʊtomˌatʃizˈavɐ
automatizavam	ˌaʊtomˌatʃizˈavɐ̃ʊ̃	ˌaʊtomˌatʃizˈavɐ̃ʊ̃
automatizávamos	ˌaʊtomˌatʃizˈavɐmʊs	ˌaʊtomˌatʃizˈavɐmʊs
automatizavas	ˌaʊtomˌatʃizˈavɐs	ˌaʊtomˌatʃizˈavɐs
automatizáveis	ˌaʊtomˌatʃizˈaveɪs	ˌaʊtomˌatʃizˈaveɪs
automatize	ˌaʊtomatʃˈizɪ	ˌaʊtomˌatʃˈizɪ
automatizei	ˌaʊtomˌatʃizˈeɪ	ˌaʊtomˌatʃizˈeɪ
automatizeis	ˌaʊtomˌatʃizˈeɪs	ˌaʊtomˌatʃizˈeɪs
automatizem	ˌaʊtomatʃˈizeɪm	ˌaʊtomˌatʃˈizeɪm
automatizemo	ˌaʊtomˌatʃizˈemʊ	ˌaʊtomˌatʃizˈemʊ
automatizemos	ˌaʊtomˌatʃizˈemʊs	ˌaʊtomˌatʃizˈemʊs
automatizes	ˌaʊtomatʃˈizɪs	ˌaʊtomˌatʃˈizɪs
automatizo	ˌaʊtomatʃˈizʊ	ˌaʊtomˌatʃˈizʊ
automatizou	ˌaʊtomˌatʃizˈoʊ	ˌaʊtomˌatʃizˈoʊ
automobilismo	ˌaʊtomˌobilˈizmʊ	ˌaʊtomˌobilˈizmʊ
automobilismos	ˌaʊtomˌobilˈizmʊs	ˌaʊtomˌobilˈizmʊs
automobilista	ˌaʊtomˌobilˈistɐ	ˌaʊtomˌobilˈistɐ
automobilistas	ˌaʊtomˌobilˈistɐs	ˌaʊtomˌobilˈistɐs
automobilística	ˌaʊtomˌobilˈistʃikɐ	ˌaʊtomˌobilˈistʃikɐ
automobilísticas	ˌaʊtomˌobilˈistʃikɐs	ˌaʊtomˌobilˈistʃikɐs
automobilístico	ˌaʊtomˌobilˈistʃikʊ	ˌaʊtomˌobilˈistʃikʊ
automobilísticos	ˌaʊtomˌobilˈistʃikʊs	ˌaʊtomˌobilˈistʃikʊs
automobiliza	ˌaʊtomˌobilˈizɐ	ˌaʊtomˌobilˈizɐ
automobilizá	ˌaʊtomˌobilizˈa	ˌaʊtomˌobilizˈa
automobilizada	ˌaʊtomˌobilizˈadɐ	ˌaʊtomˌobilizˈadɐ
automobilizadas	ˌaʊtomˌobilizˈadɐs	ˌaʊtomˌobilizˈadɐs
automobilizado	ˌaʊtomˌobilizˈadʊ	ˌaʊtomˌobilizˈadʊ
automobilizados	ˌaʊtomˌobilizˈadʊs	ˌaʊtomˌobilizˈadʊs
automobilizai	ˌaʊtomˌobilizˈaɪ	ˌaʊtomˌobilizˈaɪ
automobilizais	ˌaʊtomˌobilizˈaɪs	ˌaʊtomˌobilizˈaɪs
automobilizam	ˌaʊtomˌobilˈizɐ̃ʊ̃	ˌaʊtomˌobilˈizɐ̃ʊ̃
automobilizamos	ˌaʊtomˌobilizˈɐ̃mʊs	ˌaʊtomˌobilizˈɐ̃mʊs
automobilizámos	ˌaʊtomˌobilizˈamʊs	ˌaʊtomˌobilizˈamʊs
automobilizando	ˌaʊtomˌobilizˈɐ̃ndʊ	ˌaʊtomˌobilizˈɐ̃ndʊ
automobilizar	ˌaʊtomˌobilizˈaɾ	ˌaʊtomˌobilizˈaɾ
automobilizara	ˌaʊtomˌobilizˈaɾɐ	ˌaʊtomˌobilizˈaɾɐ
automobilizará	ˌaʊtomˌobilˌizaɾˈa	ˌaʊtomˌobilˌizaɾˈa
automobilizaram	ˌaʊtomˌobilizˈaɾɐ̃ʊ̃	ˌaʊtomˌobilizˈaɾɐ̃ʊ̃
automobilizáramos	ˌaʊtomˌobilizˈaɾɐmʊs	ˌaʊtomˌobilizˈaɾɐmʊs
automobilizarão	ˌaʊtomˌobilˌizaɾˈɐ̃ʊ̃	ˌaʊtomˌobilˌizaɾˈɐ̃ʊ̃
automobilizaras	ˌaʊtomˌobilizˈaɾɐs	ˌaʊtomˌobilizˈaɾɐs
automobilizarás	ˌaʊtomˌobilˌizaɾˈas	ˌaʊtomˌobilˌizaɾˈas
automobilizardes	ˌaʊtomˌobilizˈaɾdʒɪs	ˌaʊtomˌobilizˈaɾdʒɪs
automobilizarei	ˌaʊtomˌobilˌizaɾˈeɪ	ˌaʊtomˌobilˌizaɾˈeɪ
automobilizareis	ˌaʊtomˌobilˌizaɾˈeɪs	ˌaʊtomˌobilˌizaɾˈeɪs
automobilizáreis	ˌaʊtomˌobilizˈaɾeɪs	ˌaʊtomˌobilizˈaɾeɪs
automobilizarem	ˌaʊtomˌobilizˈaɾeɪm	ˌaʊtomˌobilizˈaɾeɪm
automobilizaremos	ˌaʊtomˌobilˌizaɾˈemʊs	ˌaʊtomˌobilˌizaɾˈemʊs
automobilizares	ˌaʊtomˌobilizˈaɾɪs	ˌaʊtomˌobilizˈaɾɪs
automobilizaria	ˌaʊtomˌobilˌizaɾˈiʲɐ	ˌaʊtomˌobilˌizaɾˈiʲɐ
automobilizariam	ˌaʊtomˌobilˌizaɾˈiʲɐ̃ʊ̃	ˌaʊtomˌobilˌizaɾˈiʲɐ̃ʊ̃
automobilizaríamos	ˌaʊtomˌobilˌizaɾˈiʲɐmʊs	ˌaʊtomˌobilˌizaɾˈiʲɐmʊs
automobilizarias	ˌaʊtomˌobilˌizaɾˈiʲɐs	ˌaʊtomˌobilˌizaɾˈiʲɐs
automobilizaríeis	ˌaʊtomˌobilˌizaɾˈiʲeɪs	ˌaʊtomˌobilˌizaɾˈiʲeɪs
automobilizarmos	ˌaʊtomˌobilizˈaɾmʊs	ˌaʊtomˌobilizˈaɾmʊs
automobilizas	ˌaʊtomˌobilˈizɐs	ˌaʊtomˌobilˈizɐs
automobilizasse	ˌaʊtomˌobilizˈasɪ	ˌaʊtomˌobilizˈasɪ
automobilizásseis	ˌaʊtomˌobilizˈaseɪs	ˌaʊtomˌobilizˈaseɪs
automobilizassem	ˌaʊtomˌobilizˈaseɪm	ˌaʊtomˌobilizˈaseɪm
automobilizássemos	ˌaʊtomˌobilizˈasemʊs	ˌaʊtomˌobilizˈasemʊs
automobilizasses	ˌaʊtomˌobilizˈasɪs	ˌaʊtomˌobilizˈasɪs
automobilizaste	ˌaʊtomˌobilizˈastʃɪ	ˌaʊtomˌobilizˈastʃɪ
automobilizastes	ˌaʊtomˌobilizˈastʃɪs	ˌaʊtomˌobilizˈastʃɪs
automobilizava	ˌaʊtomˌobilizˈavɐ	ˌaʊtomˌobilizˈavɐ
automobilizavam	ˌaʊtomˌobilizˈavɐ̃ʊ̃	ˌaʊtomˌobilizˈavɐ̃ʊ̃
automobilizávamos	ˌaʊtomˌobilizˈavɐmʊs	ˌaʊtomˌobilizˈavɐmʊs
automobilizavas	ˌaʊtomˌobilizˈavɐs	ˌaʊtomˌobilizˈavɐs
automobilizáveis	ˌaʊtomˌobilizˈaveɪs	ˌaʊtomˌobilizˈaveɪs
automobilize	ˌaʊtomˌobilˈizɪ	ˌaʊtomˌobilˈizɪ
automobilizei	ˌaʊtomˌobilizˈeɪ	ˌaʊtomˌobilizˈeɪ
automobilizeis	ˌaʊtomˌobilizˈeɪs	ˌaʊtomˌobilizˈeɪs
automobilizem	ˌaʊtomˌobilˈizeɪm	ˌaʊtomˌobilˈizeɪm
automobilizemos	ˌaʊtomˌobilizˈemʊs	ˌaʊtomˌobilizˈemʊs
automobilizes	ˌaʊtomˌobilˈizɪs	ˌaʊtomˌobilˈizɪs
automobilizo	ˌaʊtomˌobilˈizʊ	ˌaʊtomˌobilˈizʊ
automobilizou	ˌaʊtomˌobilizˈoʊ	ˌaʊtomˌobilizˈoʊ
automórfica	ˌaʊtomˈɔɾfikɐ	ˌaʊtomˈɔɾfikɐ
automórficas	ˌaʊtomˈɔɾfikɐs	ˌaʊtomˈɔɾfikɐs
automórfico	ˌaʊtomˈɔɾfikʊ	ˌaʊtomˈɔɾfikʊ
automórficos	ˌaʊtomˈɔɾfikʊs	ˌaʊtomˈɔɾfikʊs
automorfismo	ˌaʊtomoɾfˈizmʊ	ˌaʊtomoɾfˈizmʊ
automorfismos	ˌaʊtomoɾfˈizmʊs	ˌaʊtomˌoɾfˈizmʊs
automotivo	ˌaʊtomotʃˈivʊ	ˌaʊtomˌotʃˈivʊ
automotivos	ˌaʊtomotʃˈivʊs	ˌaʊtomˌotʃˈivʊs
automotor	ˌaʊtomotˈoɾ	ˌaʊtomotˈoɾ
automotora	ˌaʊtomotˈoɾɐ	ˌaʊtomˌotˈoɾɐ
automotoras	ˌaʊtomotˈoɾɐs	ˌaʊtomˌotˈoɾɐs
automotores	ˌaʊtomotˈoɾɪs	ˌaʊtomˌotˈoɾɪs
automóveis	ˌaʊtomˈɔveɪs	ˌaʊtomˈɔveɪs
automóvel	ˌaʊtomˈɔveʊ	ˌaʊtomˈɔveʊ
autonomamente	ˌaʊtonomɐmˈeɪntʃɪ	ˌaʊtonomɐmˈeɪntʃɪ
autonomeá	ˌaʊtonˌomeˈa	ˌaʊtonˌomeˈa
autonomeada	ˌaʊtonˌomeˈadɐ	ˌaʊtonˌomeˈadɐ
autonomeadas	ˌaʊtonˌomeˈadɐs	ˌaʊtonˌomeˈadɐs
autonomeado	ˌaʊtonˌomeˈadʊ	ˌaʊtonˌomeˈadʊ
autonomeados	ˌaʊtonˌomeˈadʊs	ˌaʊtonˌomeˈadʊs
autonomeai	ˌaʊtonˌomeˈaɪ	ˌaʊtonˌomeˈaɪ
autonomeais	ˌaʊtonˌomeˈaɪs	ˌaʊtonˌomeˈaɪs
autonomeamo	ˌaʊtonˌomeˈɐ̃mʊ	ˌaʊtonˌomeˈɐ̃mʊ
autonomeamos	ˌaʊtonˌomeˈɐ̃mʊs	ˌaʊtonˌomeˈɐ̃mʊs
autonomeando	ˌaʊtonˌomeˈɐ̃ndʊ	ˌaʊtonˌomeˈɐ̃ndʊ
autonomear	ˌaʊtonˌomeˈaɾ	ˌaʊtonˌomeˈaɾ
autonomeara	ˌaʊtonˌomeˈaɾɐ	ˌaʊtonˌomeˈaɾɐ
autonomeará	ˌaʊtonˌomeaɾˈa	ˌaʊtonˌomeaɾˈa
autonomearam	ˌaʊtonˌomeˈaɾɐ̃ʊ̃	ˌaʊtonˌomeˈaɾɐ̃ʊ̃
autonomeáramos	ˌaʊtonˌomeˈaɾɐmʊs	ˌaʊtonˌomeˈaɾɐmʊs
autonomearão	ˌaʊtonˌomeaɾˈɐ̃ʊ̃	ˌaʊtonˌomeaɾˈɐ̃ʊ̃
autonomearas	ˌaʊtonˌomeˈaɾɐs	ˌaʊtonˌomeˈaɾɐs
autonomearás	ˌaʊtonˌomeaɾˈas	ˌaʊtonˌomeaɾˈas
autonomeardes	ˌaʊtonˌomeˈaɾdʒɪs	ˌaʊtonˌomeˈaɾdʒɪs
autonomearei	ˌaʊtonˌomeaɾˈeɪ	ˌaʊtonˌomeaɾˈeɪ
autonomeareis	ˌaʊtonˌomeaɾˈeɪs	ˌaʊtonˌomeaɾˈeɪs
autonomeáreis	ˌaʊtonˌomeˈaɾeɪs	ˌaʊtonˌomeˈaɾeɪs
autonomearem	ˌaʊtonˌomeˈaɾeɪm	ˌaʊtonˌomeˈaɾeɪm
autonomearemo	ˌaʊtonˌomeaɾˈemʊ	ˌaʊtonˌomeaɾˈemʊ
autonomearemos	ˌaʊtonˌomeaɾˈemʊs	ˌaʊtonˌomeaɾˈemʊs
autonomeares	ˌaʊtonˌomeˈaɾɪs	ˌaʊtonˌomeˈaɾɪs
autonomearia	ˌaʊtonˌomeaɾˈiʲɐ	ˌaʊtonˌomeaɾˈiʲɐ
autonomeariam	ˌaʊtonˌomeaɾˈiʲɐ̃ʊ̃	ˌaʊtonˌomeaɾˈiʲɐ̃ʊ̃
autonomearíamos	ˌaʊtonˌomeaɾˈiʲɐmʊs	ˌaʊtonˌomeaɾˈiʲɐmʊs
autonomearias	ˌaʊtonˌomeaɾˈiʲɐs	ˌaʊtonˌomeaɾˈiʲɐs
autonomearíeis	ˌaʊtonˌomeaɾˈiʲeɪs	ˌaʊtonˌomeaɾˈiʲeɪs
autonomearmo	ˌaʊtonˌomeˈaɾmʊ	ˌaʊtonˌomeˈaɾmʊ
autonomearmos	ˌaʊtonˌomeˈaɾmʊs	ˌaʊtonˌomeˈaɾmʊs
autonomeasse	ˌaʊtonˌomeˈasɪ	ˌaʊtonˌomeˈasɪ
autonomeásseis	ˌaʊtonˌomeˈaseɪs	ˌaʊtonˌomeˈaseɪs
autonomeassem	ˌaʊtonˌomeˈaseɪm	ˌaʊtonˌomeˈaseɪm
autonomeássemos	ˌaʊtonˌomeˈasemʊs	ˌaʊtonˌomeˈasemʊs
autonomeasses	ˌaʊtonˌomeˈasɪs	ˌaʊtonˌomeˈasɪs
autonomeaste	ˌaʊtonˌomeˈastʃɪ	ˌaʊtonˌomeˈastʃɪ
autonomeastes	ˌaʊtonˌomeˈastʃɪs	ˌaʊtonˌomeˈastʃɪs
autonomeava	ˌaʊtonˌomeˈavɐ	ˌaʊtonˌomeˈavɐ
autonomeavam	ˌaʊtonˌomeˈavɐ̃ʊ̃	ˌaʊtonˌomeˈavɐ̃ʊ̃
autonomeávamos	ˌaʊtonˌomeˈavɐmʊs	ˌaʊtonˌomeˈavɐmʊs
autonomeavas	ˌaʊtonˌomeˈavɐs	ˌaʊtonˌomeˈavɐs
autonomeáveis	ˌaʊtonˌomeˈaveɪs	ˌaʊtonˌomeˈaveɪs
autonomeei	ˌaʊtonˌomeˈeɪ	ˌaʊtonˌomeˈeɪ
autonomeeis	ˌaʊtonˌomeˈeɪs	ˌaʊtonˌomeˈeɪs
autonomeemo	ˌaʊtonˌomeˈemʊ	ˌaʊtonˌomeˈemʊ
autonomeemos	ˌaʊtonˌomeˈemʊs	ˌaʊtonˌomeˈemʊs
autonomeia	ˌaʊtonomˈeɪʲɐ	ˌaʊtonˌomˈeɪʲɐ
autonomeiam	ˌaʊtonomˈeɪʲɐ̃ʊ̃	ˌaʊtonˌomˈeɪʲɐ̃ʊ̃
autonomeias	ˌaʊtonomˈeɪʲɐs	ˌaʊtonˌomˈeɪʲɐs
autonomeie	ˌaʊtonomˈeɪʲɪ	ˌaʊtonˌomˈeɪʲɪ
autonomeiem	ˌaʊtonomˈeɪʲeɪm	ˌaʊtonˌomˈeɪʲeɪm
autonomeies	ˌaʊtonomˈeɪʲɪs	ˌaʊtonˌomˈeɪʲɪs
autonomeio	ˌaʊtonomˈeɪʲʊ	ˌaʊtonˌomˈeɪʲʊ
autonomeou	ˌaʊtonˌomeˈoʊ	ˌaʊtonˌomeˈoʊ
autonomia	ˌaʊtonomˈiʲɐ	ˌaʊtonˌomˈiʲɐ
autonomias	ˌaʊtonomˈiʲɐs	ˌaʊtonˌomˈiʲɐs
autonómica	ˌaʊtonˈɔmikɐ	ˌaʊtonˈɔmikɐ
autonómicas	ˌaʊtonˈɔmikɐs	ˌaʊtonˈɔmikɐs
autonómico	ˌaʊtonˈɔmikʊ	ˌaʊtonˈɔmikʊ
autonómicos	ˌaʊtonˈɔmikʊs	ˌaʊtonˈɔmikʊs
autonomismo	ˌaʊtonomˈizmʊ	ˌaʊtonomˈizmʊ
autonomismos	ˌaʊtonomˈizmʊs	ˌaʊtonˌomˈizmʊs
autonomista	ˌaʊtonomˈistɐ	ˌaʊtonomˈistɐ
autonomistas	ˌaʊtonomˈistɐs	ˌaʊtonˌomˈistɐs
autonomiza	ˌaʊtonomˈizɐ	ˌaʊtonˌomˈizɐ
autonomizá	ˌaʊtonˌomizˈa	ˌaʊtonˌomizˈa
autonomização	ˌaʊtonˌomizasˈɐ̃ʊ̃	ˌaʊtonˌomizasˈɐ̃ʊ̃
autonomizações	ˌaʊtonˌomizasˈõɪ̃s	ˌaʊtonˌomizasˈõɪ̃s
autonomizada	ˌaʊtonˌomizˈadɐ	ˌaʊtonˌomizˈadɐ
autonomizadas	ˌaʊtonˌomizˈadɐs	ˌaʊtonˌomizˈadɐs
autonomizado	ˌaʊtonˌomizˈadʊ	ˌaʊtonˌomizˈadʊ
autonomizados	ˌaʊtonˌomizˈadʊs	ˌaʊtonˌomizˈadʊs
autonomizai	ˌaʊtonˌomizˈaɪ	ˌaʊtonˌomizˈaɪ
autonomizais	ˌaʊtonˌomizˈaɪs	ˌaʊtonˌomizˈaɪs
autonomizam	ˌaʊtonomˈizɐ̃ʊ̃	ˌaʊtonˌomˈizɐ̃ʊ̃
autonomizamos	ˌaʊtonˌomizˈɐ̃mʊs	ˌaʊtonˌomizˈɐ̃mʊs
autonomizámos	ˌaʊtonˌomizˈamʊs	ˌaʊtonˌomizˈamʊs
autonomizando	ˌaʊtonˌomizˈɐ̃ndʊ	ˌaʊtonˌomizˈɐ̃ndʊ
autonomizante	ˌaʊtonˌomizˈɐ̃ntʃɪ	ˌaʊtonˌomizˈɐ̃ntʃɪ
autonomizantes	ˌaʊtonˌomizˈɐ̃ntʃɪs	ˌaʊtonˌomizˈɐ̃ntʃɪs
autonomizar	ˌaʊtonˌomizˈaɾ	ˌaʊtonˌomizˈaɾ
autonomizara	ˌaʊtonˌomizˈaɾɐ	ˌaʊtonˌomizˈaɾɐ
autonomizará	ˌaʊtonˌomizaɾˈa	ˌaʊtonˌomizaɾˈa
autonomizaram	ˌaʊtonˌomizˈaɾɐ̃ʊ̃	ˌaʊtonˌomizˈaɾɐ̃ʊ̃
autonomizáramos	ˌaʊtonˌomizˈaɾɐmʊs	ˌaʊtonˌomizˈaɾɐmʊs
autonomizarão	ˌaʊtonˌomizaɾˈɐ̃ʊ̃	ˌaʊtonˌomizaɾˈɐ̃ʊ̃
autonomizaras	ˌaʊtonˌomizˈaɾɐs	ˌaʊtonˌomizˈaɾɐs
autonomizarás	ˌaʊtonˌomizaɾˈas	ˌaʊtonˌomizaɾˈas
autonomizardes	ˌaʊtonˌomizˈaɾdʒɪs	ˌaʊtonˌomizˈaɾdʒɪs
autonomizarei	ˌaʊtonˌomizaɾˈeɪ	ˌaʊtonˌomizaɾˈeɪ
autonomizareis	ˌaʊtonˌomizaɾˈeɪs	ˌaʊtonˌomizaɾˈeɪs
autonomizáreis	ˌaʊtonˌomizˈaɾeɪs	ˌaʊtonˌomizˈaɾeɪs
autonomizarem	ˌaʊtonˌomizˈaɾeɪm	ˌaʊtonˌomizˈaɾeɪm
autonomizaremos	ˌaʊtonˌomizaɾˈemʊs	ˌaʊtonˌomizaɾˈemʊs
autonomizares	ˌaʊtonˌomizˈaɾɪs	ˌaʊtonˌomizˈaɾɪs
autonomizaria	ˌaʊtonˌomizaɾˈiʲɐ	ˌaʊtonˌomizaɾˈiʲɐ
autonomizariam	ˌaʊtonˌomizaɾˈiʲɐ̃ʊ̃	ˌaʊtonˌomizaɾˈiʲɐ̃ʊ̃
autonomizaríamos	ˌaʊtonˌomizaɾˈiʲɐmʊs	ˌaʊtonˌomizaɾˈiʲɐmʊs
autonomizarias	ˌaʊtonˌomizaɾˈiʲɐs	ˌaʊtonˌomizaɾˈiʲɐs
autonomizaríeis	ˌaʊtonˌomizaɾˈiʲeɪs	ˌaʊtonˌomizaɾˈiʲeɪs
autonomizarmos	ˌaʊtonˌomizˈaɾmʊs	ˌaʊtonˌomizˈaɾmʊs
autonomizas	ˌaʊtonomˈizɐs	ˌaʊtonˌomˈizɐs
autonomizasse	ˌaʊtonˌomizˈasɪ	ˌaʊtonˌomizˈasɪ
autonomizásseis	ˌaʊtonˌomizˈaseɪs	ˌaʊtonˌomizˈaseɪs
autonomizassem	ˌaʊtonˌomizˈaseɪm	ˌaʊtonˌomizˈaseɪm
autonomizássemos	ˌaʊtonˌomizˈasemʊs	ˌaʊtonˌomizˈasemʊs
autonomizasses	ˌaʊtonˌomizˈasɪs	ˌaʊtonˌomizˈasɪs
autonomizaste	ˌaʊtonˌomizˈastʃɪ	ˌaʊtonˌomizˈastʃɪ
autonomizastes	ˌaʊtonˌomizˈastʃɪs	ˌaʊtonˌomizˈastʃɪs
autonomizava	ˌaʊtonˌomizˈavɐ	ˌaʊtonˌomizˈavɐ
autonomizavam	ˌaʊtonˌomizˈavɐ̃ʊ̃	ˌaʊtonˌomizˈavɐ̃ʊ̃
autonomizávamos	ˌaʊtonˌomizˈavɐmʊs	ˌaʊtonˌomizˈavɐmʊs
autonomizavas	ˌaʊtonˌomizˈavɐs	ˌaʊtonˌomizˈavɐs
autonomizáveis	ˌaʊtonˌomizˈaveɪs	ˌaʊtonˌomizˈaveɪs
autonomize	ˌaʊtonomˈizɪ	ˌaʊtonˌomˈizɪ
autonomizei	ˌaʊtonˌomizˈeɪ	ˌaʊtonˌomizˈeɪ
autonomizeis	ˌaʊtonˌomizˈeɪs	ˌaʊtonˌomizˈeɪs
autonomizem	ˌaʊtonomˈizeɪm	ˌaʊtonˌomˈizeɪm
autonomizemos	ˌaʊtonˌomizˈemʊs	ˌaʊtonˌomizˈemʊs
autonomizes	ˌaʊtonomˈizɪs	ˌaʊtonˌomˈizɪs
autonomizo	ˌaʊtonomˈizʊ	ˌaʊtonˌomˈizʊ
autonomizou	ˌaʊtonˌomizˈoʊ	ˌaʊtonˌomizˈoʊ
autopeça	ˌaʊtopˈɛsɐ	ˌaʊtopˈɛsɐ
autopeças	ˌaʊtopˈɛsɐs	ˌaʊtopˈɛsɐs
autopiano	ˌaʊtopiʲˈɐ̃nʊ	ˌaʊtopiʲˈɐ̃nʊ
autoplastia	ˌaʊtoplastʃˈiʲɐ	ˌaʊtoplˌastʃˈiʲɐ
autopromoção	ˌaʊtopɾˌomosˈɐ̃ʊ̃	ˌaʊtopɾˌomosˈɐ̃ʊ̃
autopromoções	ˌaʊtopɾˌomosˈõɪ̃s	ˌaʊtopɾˌomosˈõɪ̃s
autopsia	ˌaʊtopsˈiʲɐ	ˌaʊtopsˈiʲɐ
autopsiá	ˌaʊtopsiʲˈa	ˌaʊtopsiʲˈa
autopsiada	ˌaʊtopsiʲˈadɐ	ˌaʊtopsˌiʲˈadɐ
autopsiadas	ˌaʊtopsiʲˈadɐs	ˌaʊtopsˌiʲˈadɐs
autopsiado	ˌaʊtopsiʲˈadʊ	ˌaʊtopsˌiʲˈadʊ
autopsiados	ˌaʊtopsiʲˈadʊs	ˌaʊtopsˌiʲˈadʊs
autopsiai	ˌaʊtopsiʲˈaɪ	ˌaʊtopsiʲˈaɪ
autopsiais	ˌaʊtopsiʲˈaɪs	ˌaʊtopsiʲˈaɪs
autopsiam	ˌaʊtopsˈiʲɐ̃ʊ̃	ˌaʊtopsˈiʲɐ̃ʊ̃
autopsiamos	ˌaʊtopsiʲˈɐ̃mʊs	ˌaʊtopsˌiʲˈɐ̃mʊs
autopsiámos	ˌaʊtopsiʲˈamʊs	ˌaʊtopsˌiʲˈamʊs
autopsiando	ˌaʊtopsiʲˈɐ̃ndʊ	ˌaʊtopsˌiʲˈɐ̃ndʊ
autopsiar	ˌaʊtopsiʲˈaɾ	ˌaʊtopsiʲˈaɾ
autopsiara	ˌaʊtopsiʲˈaɾɐ	ˌaʊtopsˌiʲˈaɾɐ
autopsiará	ˌaʊtopsˌiʲaɾˈa	ˌaʊtopsˌiʲaɾˈa
autopsiaram	ˌaʊtopsiʲˈaɾɐ̃ʊ̃	ˌaʊtopsˌiʲˈaɾɐ̃ʊ̃
autopsiáramos	ˌaʊtopsiʲˈaɾɐmʊs	ˌaʊtopsˌiʲˈaɾɐmʊs
autopsiarão	ˌaʊtopsˌiʲaɾˈɐ̃ʊ̃	ˌaʊtopsˌiʲaɾˈɐ̃ʊ̃
autopsiaras	ˌaʊtopsiʲˈaɾɐs	ˌaʊtopsˌiʲˈaɾɐs
autopsiarás	ˌaʊtopsˌiʲaɾˈas	ˌaʊtopsˌiʲaɾˈas
autopsiardes	ˌaʊtopsiʲˈaɾdʒɪs	ˌaʊtopsˌiʲˈaɾdʒɪs
autopsiarei	ˌaʊtopsˌiʲaɾˈeɪ	ˌaʊtopsˌiʲaɾˈeɪ
autopsiareis	ˌaʊtopsˌiʲaɾˈeɪs	ˌaʊtopsˌiʲaɾˈeɪs
autopsiáreis	ˌaʊtopsiʲˈaɾeɪs	ˌaʊtopsˌiʲˈaɾeɪs
autopsiarem	ˌaʊtopsiʲˈaɾeɪm	ˌaʊtopsˌiʲˈaɾeɪm
autopsiaremos	ˌaʊtopsˌiʲaɾˈemʊs	ˌaʊtopsˌiʲaɾˈemʊs
autopsiares	ˌaʊtopsiʲˈaɾɪs	ˌaʊtopsˌiʲˈaɾɪs
autopsiaria	ˌaʊtopsˌiʲaɾˈiʲɐ	ˌaʊtopsˌiʲaɾˈiʲɐ
autopsiariam	ˌaʊtopsˌiʲaɾˈiʲɐ̃ʊ̃	ˌaʊtopsˌiʲaɾˈiʲɐ̃ʊ̃
autopsiaríamos	ˌaʊtopsˌiʲaɾˈiʲɐmʊs	ˌaʊtopsˌiʲaɾˈiʲɐmʊs
autopsiarias	ˌaʊtopsˌiʲaɾˈiʲɐs	ˌaʊtopsˌiʲaɾˈiʲɐs
autopsiaríeis	ˌaʊtopsˌiʲaɾˈiʲeɪs	ˌaʊtopsˌiʲaɾˈiʲeɪs
autopsiarmos	ˌaʊtopsiʲˈaɾmʊs	ˌaʊtopsˌiʲˈaɾmʊs
autopsias	ˌaʊtopsˈiʲɐs	ˌaʊtopsˈiʲɐs
autopsiasse	ˌaʊtopsiʲˈasɪ	ˌaʊtopsˌiʲˈasɪ
autopsiásseis	ˌaʊtopsiʲˈaseɪs	ˌaʊtopsˌiʲˈaseɪs
autopsiassem	ˌaʊtopsiʲˈaseɪm	ˌaʊtopsˌiʲˈaseɪm
autopsiássemos	ˌaʊtopsiʲˈasemʊs	ˌaʊtopsˌiʲˈasemʊs
autopsiasses	ˌaʊtopsiʲˈasɪs	ˌaʊtopsˌiʲˈasɪs
autopsiaste	ˌaʊtopsiʲˈastʃɪ	ˌaʊtopsˌiʲˈastʃɪ
autopsiastes	ˌaʊtopsiʲˈastʃɪs	ˌaʊtopsˌiʲˈastʃɪs
autopsiava	ˌaʊtopsiʲˈavɐ	ˌaʊtopsˌiʲˈavɐ
autopsiavam	ˌaʊtopsiʲˈavɐ̃ʊ̃	ˌaʊtopsˌiʲˈavɐ̃ʊ̃
autopsiávamos	ˌaʊtopsiʲˈavɐmʊs	ˌaʊtopsˌiʲˈavɐmʊs
autopsiavas	ˌaʊtopsiʲˈavɐs	ˌaʊtopsˌiʲˈavɐs
autopsiáveis	ˌaʊtopsiʲˈaveɪs	ˌaʊtopsˌiʲˈaveɪs
autopsicografia	ˌaʊtopsˌikoɡɾafˈiʲɐ	ˌaʊtopsˌikoɡɾafˈiʲɐ
autopsicografias	ˌaʊtopsˌikoɡɾafˈiʲɐs	ˌaʊtopsˌikoɡɾafˈiʲɐs
autopsie	ˌaʊtopsˈiʲɪ	ˌaʊtopsˈiʲɪ
autopsiei	ˌaʊtopsiʲˈeɪ	ˌaʊtopsiʲˈeɪ
autopsieis	ˌaʊtopsiʲˈeɪs	ˌaʊtopsiʲˈeɪs
autopsiem	ˌaʊtopsˈiʲeɪm	ˌaʊtopsˈiʲeɪm
autopsiemos	ˌaʊtopsiʲˈemʊs	ˌaʊtopsˌiʲˈemʊs
autopsies	ˌaʊtopsˈiʲɪs	ˌaʊtopsˈiʲɪs
autopsio	ˌaʊtopsˈiʲʊ	ˌaʊtopsˈiʲʊ
autopsiou	ˌaʊtopsiʲˈoʊ	ˌaʊtopsiʲˈoʊ
autora	ˌaʊtˈoɾɐ	ˌaʊtˈoɾɐ
autorais	ˌaʊtoɾˈaɪs	ˌaʊtoɾˈaɪs
autoral	ˌaʊtoɾˈaʊ	ˌaʊtoɾˈaʊ
autorama	ˌaʊtoɾˈɐ̃mɐ	ˌaʊtoɾˈɐ̃mɐ
autoramas	ˌaʊtoɾˈɐ̃mɐs	ˌaʊtoɾˈɐ̃mɐs
autoras	ˌaʊtˈoɾɐs	ˌaʊtˈoɾɐs
autores	ˌaʊtˈoɾɪs	ˌaʊtˈoɾɪs
autoria	ˌaʊtoɾˈiʲɐ	ˌaʊtoɾˈiʲɐ
autorias	ˌaʊtoɾˈiʲɐs	ˌaʊtoɾˈiʲɐs
autoridade	ˌaʊtoɾidˈadʒɪ	ˌaʊtoɾˌidˈadʒɪ
autoridades	ˌaʊtoɾidˈadʒɪs	ˌaʊtoɾˌidˈadʒɪs
autoritária	ˌaʊtoɾitˈaɾjɐ	ˌaʊtoɾˌitˈaɾjɐ
autoritárias	ˌaʊtoɾitˈaɾjɐs	ˌaʊtoɾˌitˈaɾjɐs
autoritariedade	ˌaʊtoɾˌitaɾˌiʲedˈadʒɪ	ˌaʊtoɾˌitaɾˌiʲedˈadʒɪ
autoritariedades	ˌaʊtoɾˌitaɾˌiʲedˈadʒɪs	ˌaʊtoɾˌitaɾˌiʲedˈadʒɪs
autoritário	ˌaʊtoɾitˈaɾjʊ	ˌaʊtoɾˌitˈaɾjʊ
autoritários	ˌaʊtoɾitˈaɾjʊs	ˌaʊtoɾˌitˈaɾjʊs
autoritarismo	ˌaʊtoɾˌitaɾˈizmʊ	ˌaʊtoɾˌitaɾˈizmʊ
autoritarismos	ˌaʊtoɾˌitaɾˈizmʊs	ˌaʊtoɾˌitaɾˈizmʊs
autoriza	ˌaʊtoɾˈizɐ	ˌaʊtoɾˈizɐ
autorizá	ˌaʊtoɾizˈa	ˌaʊtoɾizˈa
autorização	ˌaʊtoɾˌizasˈɐ̃ʊ̃	ˌaʊtoɾˌizasˈɐ̃ʊ̃
autorizações	ˌaʊtoɾˌizasˈõɪ̃s	ˌaʊtoɾˌizasˈõɪ̃s
autorizada	ˌaʊtoɾizˈadɐ	ˌaʊtoɾˌizˈadɐ
autorizadas	ˌaʊtoɾizˈadɐs	ˌaʊtoɾˌizˈadɐs
autorizado	ˌaʊtoɾizˈadʊ	ˌaʊtoɾˌizˈadʊ
autorizador	ˌaʊtoɾˌizadˈoɾ	ˌaʊtoɾˌizadˈoɾ
autorizadora	ˌaʊtoɾˌizadˈoɾɐ	ˌaʊtoɾˌizadˈoɾɐ
autorizadoras	ˌaʊtoɾˌizadˈoɾɐs	ˌaʊtoɾˌizadˈoɾɐs
autorizadores	ˌaʊtoɾˌizadˈoɾɪs	ˌaʊtoɾˌizadˈoɾɪs
autorizados	ˌaʊtoɾizˈadʊs	ˌaʊtoɾˌizˈadʊs
autorizai	ˌaʊtoɾizˈaɪ	ˌaʊtoɾizˈaɪ
autorizais	ˌaʊtoɾizˈaɪs	ˌaʊtoɾizˈaɪs
autorizam	ˌaʊtoɾˈizɐ̃ʊ̃	ˌaʊtoɾˈizɐ̃ʊ̃
autorizamo	ˌaʊtoɾizˈɐ̃mʊ	ˌaʊtoɾˌizˈɐ̃mʊ
autorizamos	ˌaʊtoɾizˈɐ̃mʊs	ˌaʊtoɾˌizˈɐ̃mʊs
autorizámos	ˌaʊtoɾizˈamʊs	ˌaʊtoɾˌizˈamʊs
autorizando	ˌaʊtoɾizˈɐ̃ndʊ	ˌaʊtoɾˌizˈɐ̃ndʊ
autorizar	ˌaʊtoɾizˈaɾ	ˌaʊtoɾizˈaɾ
autorizara	ˌaʊtoɾizˈaɾɐ	ˌaʊtoɾˌizˈaɾɐ
autorizará	ˌaʊtoɾˌizaɾˈa	ˌaʊtoɾˌizaɾˈa
autorizaram	ˌaʊtoɾizˈaɾɐ̃ʊ̃	ˌaʊtoɾˌizˈaɾɐ̃ʊ̃
autorizáramos	ˌaʊtoɾizˈaɾɐmʊs	ˌaʊtoɾˌizˈaɾɐmʊs
autorizarão	ˌaʊtoɾˌizaɾˈɐ̃ʊ̃	ˌaʊtoɾˌizaɾˈɐ̃ʊ̃
autorizaras	ˌaʊtoɾizˈaɾɐs	ˌaʊtoɾˌizˈaɾɐs
autorizarás	ˌaʊtoɾˌizaɾˈas	ˌaʊtoɾˌizaɾˈas
autorizardes	ˌaʊtoɾizˈaɾdʒɪs	ˌaʊtoɾˌizˈaɾdʒɪs
autorizarei	ˌaʊtoɾˌizaɾˈeɪ	ˌaʊtoɾˌizaɾˈeɪ
autorizareis	ˌaʊtoɾˌizaɾˈeɪs	ˌaʊtoɾˌizaɾˈeɪs
autorizáreis	ˌaʊtoɾizˈaɾeɪs	ˌaʊtoɾˌizˈaɾeɪs
autorizarem	ˌaʊtoɾizˈaɾeɪm	ˌaʊtoɾˌizˈaɾeɪm
autorizaremo	ˌaʊtoɾˌizaɾˈemʊ	ˌaʊtoɾˌizaɾˈemʊ
autorizaremos	ˌaʊtoɾˌizaɾˈemʊs	ˌaʊtoɾˌizaɾˈemʊs
autorizares	ˌaʊtoɾizˈaɾɪs	ˌaʊtoɾˌizˈaɾɪs
autorizaria	ˌaʊtoɾˌizaɾˈiʲɐ	ˌaʊtoɾˌizaɾˈiʲɐ
autorizariam	ˌaʊtoɾˌizaɾˈiʲɐ̃ʊ̃	ˌaʊtoɾˌizaɾˈiʲɐ̃ʊ̃
autorizaríamos	ˌaʊtoɾˌizaɾˈiʲɐmʊs	ˌaʊtoɾˌizaɾˈiʲɐmʊs
autorizarias	ˌaʊtoɾˌizaɾˈiʲɐs	ˌaʊtoɾˌizaɾˈiʲɐs
autorizaríeis	ˌaʊtoɾˌizaɾˈiʲeɪs	ˌaʊtoɾˌizaɾˈiʲeɪs
autorizarmo	ˌaʊtoɾizˈaɾmʊ	ˌaʊtoɾˌizˈaɾmʊ
autorizarmos	ˌaʊtoɾizˈaɾmʊs	ˌaʊtoɾˌizˈaɾmʊs
autorizas	ˌaʊtoɾˈizɐs	ˌaʊtoɾˈizɐs
autorizasse	ˌaʊtoɾizˈasɪ	ˌaʊtoɾˌizˈasɪ
autorizásseis	ˌaʊtoɾizˈaseɪs	ˌaʊtoɾˌizˈaseɪs
autorizassem	ˌaʊtoɾizˈaseɪm	ˌaʊtoɾˌizˈaseɪm
autorizássemos	ˌaʊtoɾizˈasemʊs	ˌaʊtoɾˌizˈasemʊs
autorizasses	ˌaʊtoɾizˈasɪs	ˌaʊtoɾˌizˈasɪs
autorizaste	ˌaʊtoɾizˈastʃɪ	ˌaʊtoɾˌizˈastʃɪ
autorizastes	ˌaʊtoɾizˈastʃɪs	ˌaʊtoɾˌizˈastʃɪs
autorizava	ˌaʊtoɾizˈavɐ	ˌaʊtoɾˌizˈavɐ
autorizavam	ˌaʊtoɾizˈavɐ̃ʊ̃	ˌaʊtoɾˌizˈavɐ̃ʊ̃
autorizávamos	ˌaʊtoɾizˈavɐmʊs	ˌaʊtoɾˌizˈavɐmʊs
autorizavas	ˌaʊtoɾizˈavɐs	ˌaʊtoɾˌizˈavɐs
autorizáveis	ˌaʊtoɾizˈaveɪs	ˌaʊtoɾˌizˈaveɪs
autorizável	ˌaʊtoɾizˈaveʊ	ˌaʊtoɾˌizˈaveʊ
autorize	ˌaʊtoɾˈizɪ	ˌaʊtoɾˈizɪ
autorizei	ˌaʊtoɾizˈeɪ	ˌaʊtoɾizˈeɪ
autorizeis	ˌaʊtoɾizˈeɪs	ˌaʊtoɾizˈeɪs
autorizem	ˌaʊtoɾˈizeɪm	ˌaʊtoɾˈizeɪm
autorizemo	ˌaʊtoɾizˈemʊ	ˌaʊtoɾˌizˈemʊ
autorizemos	ˌaʊtoɾizˈemʊs	ˌaʊtoɾˌizˈemʊs
autorizes	ˌaʊtoɾˈizɪs	ˌaʊtoɾˈizɪs
autorizo	ˌaʊtoɾˈizʊ	ˌaʊtoɾˈizʊ
autorizou	ˌaʊtoɾizˈoʊ	ˌaʊtoɾizˈoʊ
autorrádio	ˌaʊtoxˈadʒjʊ	ˌaʊtoxˈadʒjʊ
autorrádios	ˌaʊtoxˈadʒjʊs	ˌaʊtoxˈadʒjʊs
autorretrato	ˌaʊtoxetɾˈatʊ	ˌaʊtoxˌetɾˈatʊ
autorretratos	ˌaʊtoxetɾˈatʊs	ˌaʊtoxˌetɾˈatʊs
autoscopia	ˌaʊtoskopˈiʲɐ	ˌaʊtoskˌopˈiʲɐ
autoscópio	ˌaʊtoskˈɔpjʊ	ˌaʊtoskˈɔpjʊ
autossuficiência	ˌaʊtosˌufisjˈeɪnsjɐ	ˌaʊtosˌufisjˈeɪnsjɐ
autossuficiências	ˌaʊtosˌufisjˈeɪnsjɐs	ˌaʊtosˌufisjˈeɪnsjɐs
autossugestão	ˌaʊtosˌuʒestˈɐ̃ʊ̃	ˌaʊtosˌuʒestˈɐ̃ʊ̃
autossugestiona	ˌaʊtosˌuʒestʃiʲˈonɐ	ˌaʊtosˌuʒestʃiʲˈonɐ
autossugestioná	ˌaʊtosˌuʒestʃˌiʲonˈa	ˌaʊtosˌuʒestʃˌiʲonˈa
autossugestionada	ˌaʊtosˌuʒestʃjonˈadɐ	ˌaʊtosˌuʒestʃjonˈadɐ
autossugestionadas	ˌaʊtosˌuʒestʃjonˈadɐs	ˌaʊtosˌuʒestʃjonˈadɐs
autossugestionado	ˌaʊtosˌuʒestʃjonˈadʊ	ˌaʊtosˌuʒestʃjonˈadʊ
autossugestionados	ˌaʊtosˌuʒestʃjonˈadʊs	ˌaʊtosˌuʒestʃjonˈadʊs
autossugestionai	ˌaʊtosˌuʒestʃjonˈaɪ	ˌaʊtosˌuʒestʃjonˈaɪ
autossugestionais	ˌaʊtosˌuʒestʃjonˈaɪs	ˌaʊtosˌuʒestʃjonˈaɪs
autossugestionam	ˌaʊtosˌuʒestʃjˈonɐ̃ʊ̃	ˌaʊtosˌuʒestʃjˈonɐ̃ʊ̃
autossugestionamos	ˌaʊtosˌuʒestʃjonˈɐ̃mʊs	ˌaʊtosˌuʒestʃjonˈɐ̃mʊs
autossugestionámos	ˌaʊtosˌuʒestʃjonˈamʊs	ˌaʊtosˌuʒestʃjonˈamʊs
autossugestionando	ˌaʊtosˌuʒestʃjonˈɐ̃ndʊ	ˌaʊtosˌuʒestʃjonˈɐ̃ndʊ
autossugestionar	ˌaʊtosˌuʒestʃjonˈaɾ	ˌaʊtosˌuʒestʃjonˈaɾ
autossugestionara	ˌaʊtosˌuʒestʃjonˈaɾɐ	ˌaʊtosˌuʒestʃjonˈaɾɐ
autossugestionará	ˌaʊtosˌuʒestʃjˌonaɾˈa	ˌaʊtosˌuʒestʃjˌonaɾˈa
autossugestionaram	ˌaʊtosˌuʒestʃjonˈaɾɐ̃ʊ̃	ˌaʊtosˌuʒestʃjonˈaɾɐ̃ʊ̃
autossugestionáramos	ˌaʊtosˌuʒestʃjonˈaɾɐmʊs	ˌaʊtosˌuʒestʃjonˈaɾɐmʊs
autossugestionarão	ˌaʊtosˌuʒestʃjˌonaɾˈɐ̃ʊ̃	ˌaʊtosˌuʒestʃjˌonaɾˈɐ̃ʊ̃
autossugestionaras	ˌaʊtosˌuʒestʃjonˈaɾɐs	ˌaʊtosˌuʒestʃjonˈaɾɐs
autossugestionarás	ˌaʊtosˌuʒestʃjˌonaɾˈas	ˌaʊtosˌuʒestʃjˌonaɾˈas
autossugestionardes	ˌaʊtosˌuʒestʃjonˈaɾdʒɪs	ˌaʊtosˌuʒestʃjonˈaɾdʒɪs
autossugestionarei	ˌaʊtosˌuʒestʃjˌonaɾˈeɪ	ˌaʊtosˌuʒestʃjˌonaɾˈeɪ
autossugestionareis	ˌaʊtosˌuʒestʃjˌonaɾˈeɪs	ˌaʊtosˌuʒestʃjˌonaɾˈeɪs
autossugestionáreis	ˌaʊtosˌuʒestʃjonˈaɾeɪs	ˌaʊtosˌuʒestʃjonˈaɾeɪs
autossugestionarem	ˌaʊtosˌuʒestʃjonˈaɾeɪm	ˌaʊtosˌuʒestʃjonˈaɾeɪm
autossugestionaremos	ˌaʊtosˌuʒestʃjˌonaɾˈemʊs	ˌaʊtosˌuʒestʃjˌonaɾˈemʊs
autossugestionares	ˌaʊtosˌuʒestʃjonˈaɾɪs	ˌaʊtosˌuʒestʃjonˈaɾɪs
autossugestionaria	ˌaʊtosˌuʒestʃjˌonaɾˈiʲɐ	ˌaʊtosˌuʒestʃjˌonaɾˈiʲɐ
autossugestionariam	ˌaʊtosˌuʒestʃjˌonaɾˈiʲɐ̃ʊ̃	ˌaʊtosˌuʒestʃjˌonaɾˈiʲɐ̃ʊ̃
autossugestionaríamos	ˌaʊtosˌuʒestʃjˌonaɾˈiʲɐmʊs	ˌaʊtosˌuʒestʃjˌonaɾˈiʲɐmʊs
autossugestionarias	ˌaʊtosˌuʒestʃjˌonaɾˈiʲɐs	ˌaʊtosˌuʒestʃjˌonaɾˈiʲɐs
autossugestionaríeis	ˌaʊtosˌuʒestʃjˌonaɾˈiʲeɪs	ˌaʊtosˌuʒestʃjˌonaɾˈiʲeɪs
autossugestionarmos	ˌaʊtosˌuʒestʃjonˈaɾmʊs	ˌaʊtosˌuʒestʃjonˈaɾmʊs
autossugestionas	ˌaʊtosˌuʒestʃiʲˈonɐs	ˌaʊtosˌuʒestʃiʲˈonɐs
autossugestionasse	ˌaʊtosˌuʒestʃjonˈasɪ	ˌaʊtosˌuʒestʃjonˈasɪ
autossugestionásseis	ˌaʊtosˌuʒestʃjonˈaseɪs	ˌaʊtosˌuʒestʃjonˈaseɪs
autossugestionassem	ˌaʊtosˌuʒestʃjonˈaseɪm	ˌaʊtosˌuʒestʃjonˈaseɪm
autossugestionássemos	ˌaʊtosˌuʒestʃjonˈasemʊs	ˌaʊtosˌuʒestʃjonˈasemʊs
autossugestionasses	ˌaʊtosˌuʒestʃjonˈasɪs	ˌaʊtosˌuʒestʃjonˈasɪs
autossugestionaste	ˌaʊtosˌuʒestʃjonˈastʃɪ	ˌaʊtosˌuʒestʃjonˈastʃɪ
autossugestionastes	ˌaʊtosˌuʒestʃjonˈastʃɪs	ˌaʊtosˌuʒestʃjonˈastʃɪs
autossugestionava	ˌaʊtosˌuʒestʃjonˈavɐ	ˌaʊtosˌuʒestʃjonˈavɐ
autossugestionavam	ˌaʊtosˌuʒestʃjonˈavɐ̃ʊ̃	ˌaʊtosˌuʒestʃjonˈavɐ̃ʊ̃
autossugestionávamos	ˌaʊtosˌuʒestʃjonˈavɐmʊs	ˌaʊtosˌuʒestʃjonˈavɐmʊs
autossugestionavas	ˌaʊtosˌuʒestʃjonˈavɐs	ˌaʊtosˌuʒestʃjonˈavɐs
autossugestionáveis	ˌaʊtosˌuʒestʃjonˈaveɪs	ˌaʊtosˌuʒestʃjonˈaveɪs
autossugestione	ˌaʊtosˌuʒestʃiʲˈonɪ	ˌaʊtosˌuʒestʃiʲˈonɪ
autossugestionei	ˌaʊtosˌuʒestʃjonˈeɪ	ˌaʊtosˌuʒestʃjonˈeɪ
autossugestioneis	ˌaʊtosˌuʒestʃjonˈeɪs	ˌaʊtosˌuʒestʃjonˈeɪs
autossugestionem	ˌaʊtosˌuʒestʃjˈoneɪm	ˌaʊtosˌuʒestʃjˈoneɪm
autossugestionemos	ˌaʊtosˌuʒestʃjonˈemʊs	ˌaʊtosˌuʒestʃjonˈemʊs
autossugestiones	ˌaʊtosˌuʒestʃiʲˈonɪs	ˌaʊtosˌuʒestʃiʲˈonɪs
autossugestiono	ˌaʊtosˌuʒestʃiʲˈonʊ	ˌaʊtosˌuʒestʃiʲˈonʊ
autossugestionou	ˌaʊtosˌuʒestʃjonˈoʊ	ˌaʊtosˌuʒestʃjonˈoʊ
autotanque	ˌaʊtotˈɐ̃ŋkɪ	ˌaʊtotˈɐ̃ŋkɪ
autotanques	ˌaʊtotˈɐ̃ŋkɪs	ˌaʊtotˈɐ̃ŋkɪs
autotrófico	ˌaʊtotɾˈɔfikʊ	ˌaʊtotɾˈɔfikʊ
autotrofismo	ˌaʊtotɾofˈizmʊ	ˌaʊtotɾofˈizmʊ
autotrofismos	ˌaʊtotɾofˈizmʊs	ˌaʊtotɾˌofˈizmʊs
autovalor	ˌaʊtovalˈoɾ	ˌaʊtovalˈoɾ
autovalores	ˌaʊtovalˈoɾɪs	ˌaʊtovˌalˈoɾɪs
autovetor	ˌaʊtovetˈoɾ	ˌaʊtovetˈoɾ
autovetores	ˌaʊtovetˈoɾɪs	ˌaʊtovˌetˈoɾɪs
autoviação	ˌaʊtovˌiʲasˈɐ̃ʊ̃	ˌaʊtovˌiʲasˈɐ̃ʊ̃

