abalienação	ɐbɐljɛnɐsɐ̃w̃	ɐbɐliɨnɐsɐ̃w̃	ɐbɐlj[ɛ]nɐsɐ̃w̃	ɐbɐli[ɨ]nɐsɐ̃w̃	0
abalienar	ɐbɐljɛnar	ɐbɐliɨnar	ɐbɐlj[ɛ]nar	ɐbɐli[ɨ]nar	0
abalienável	ɐbɐljɛnavɛɫ	ɐbɐliɨnavɛɫ	ɐbɐlj[ɛ]navɛɫ	ɐbɐli[ɨ]navɛɫ	0
abelmosco	ɐbɛɫmoʃku	ɐbɨɫmoʃku	ɐb[ɛ]ɫmoʃku	ɐb[ɨ]ɫmoʃku	0
abietato	ɐbjɛtatu	ɐbiɨtatu	ɐbj[ɛ]tatu	ɐbi[ɨ]tatu	0
abieteno	ɐbjɛtenu	ɐbiɨtenu	ɐbj[ɛ]tenu	ɐbi[ɨ]tenu	0
abietina	ɐbjɛtinɐ	ɐbiɨtinɐ	ɐbj[ɛ]tinɐ	ɐbi[ɨ]tinɐ	0
abietíneas	ɐbjɛtinjɐʃ	ɐbiɨtiniɐʃ	ɐbj[ɛ]tin[j]ɐʃ	ɐbi[ɨ]tin[i]ɐʃ	0
abjeção	ɐbʒɛsɐ̃w̃	ɐbʒɨsɐ̃w̃	ɐbʒ[ɛ]sɐ̃w̃	ɐbʒ[ɨ]sɐ̃w̃	0
ablepsia	ɐblɛpsiɐ	ɐblɨpsiɐ	ɐbl[ɛ]psiɐ	ɐbl[ɨ]psiɐ	0
ablepsifobia	ɐblɛpsifubiɐ	ɐblɨpsifubiɐ	ɐbl[ɛ]psifubiɐ	ɐbl[ɨ]psifubiɐ	0
acatalepsia	ɐkɐtɐlɛpsiɐ	ɐkɐtɐlɨpsiɐ	ɐkɐtɐl[ɛ]psiɐ	ɐkɐtɐl[ɨ]psiɐ	0
aceção	ɐsɛsɐ̃w̃	ɐsɨsɐ̃w̃	ɐs[ɛ]sɐ̃w̃	ɐs[ɨ]sɐ̃w̃	0
acepção	ɐsɛpsɐ̃w̃	ɐsɨpsɐ̃w̃	ɐs[ɛ]psɐ̃w̃	ɐs[ɨ]psɐ̃w̃	0
aceptilação	ɐsɛptilɐsɐ̃w̃	ɐsɨptilɐsɐ̃w̃	ɐs[ɛ]ptilɐsɐ̃w̃	ɐs[ɨ]ptilɐsɐ̃w̃	0
aceptor	ɐsɛptor	ɐsɨptor	ɐs[ɛ]ptor	ɐs[ɨ]ptor	0
ácer	asɛr	asɨr	as[ɛ]r	as[ɨ]r	0
acessual	ɐsɛswaɫ	ɐsɨsuaɫ	ɐs[ɛ]s[w]aɫ	ɐs[ɨ]s[u]aɫ	0
acetor	ɐsɛtor	ɐsɨtor	ɐs[ɛ]tor	ɐs[ɨ]tor	0
adelfal	ɐdɛɫfaɫ	ɐdɨɫfaɫ	ɐd[ɛ]ɫfaɫ	ɐd[ɨ]ɫfaɫ	0
adelfeira	ɐdɛɫfɐjrɐ	ɐdɨɫfɐjrɐ	ɐd[ɛ]ɫfɐjrɐ	ɐd[ɨ]ɫfɐjrɐ	0
adelfia	ɐdɛɫfiɐ	ɐdɨɫfiɐ	ɐd[ɛ]ɫfiɐ	ɐd[ɨ]ɫfiɐ	0
adelfogamia	ɐdɛɫfɔɡɐmiɐ	ɐdɨɫfuɡɐmiɐ	ɐd[ɛ]ɫf[ɔ]ɡɐmiɐ	ɐd[ɨ]ɫf[u]ɡɐmiɐ	0
adelfogâmico	ɐdɛɫfɔɡɐmiku	ɐdɨɫfuɡɐ̃miku	ɐd[ɛ]ɫf[ɔ]ɡɐ[]miku	ɐd[ɨ]ɫf[u]ɡɐ[̃]miku	0
adelgaçado	ɐdɛɫɡɐsadu	ɐdɨɫɡɐsadu	ɐd[ɛ]ɫɡɐsadu	ɐd[ɨ]ɫɡɐsadu	0
adelgaçador	ɐdɛɫɡɐsɐdor	ɐdɨɫɡɐsɐdor	ɐd[ɛ]ɫɡɐsɐdor	ɐd[ɨ]ɫɡɐsɐdor	0
adelgaçamento	ɐdɛɫɡɐsɐmẽtu	ɐdɨɫɡɐsɐmẽntu	ɐd[ɛ]ɫɡɐsɐmẽtu[]	ɐd[ɨ]ɫɡɐsɐmẽnt[u]	0
adelgaçante	ɐdɛɫɡɐsɐ̃tɨ	ɐdɨɫɡɐsɐ̃ntɨ	ɐd[ɛ]ɫɡɐsɐ̃[]tɨ	ɐd[ɨ]ɫɡɐsɐ̃[n]tɨ	0
adelgaçar	ɐdɛɫɡɐsar	ɐdɨɫɡɐsar	ɐd[ɛ]ɫɡɐsar	ɐd[ɨ]ɫɡɐsar	0
adenocelulite	ɐdɛnɔsɨlulitɨ	ɐdɨnusɨlulitɨ	ɐd[ɛ]n[ɔ]sɨlulitɨ	ɐd[ɨ]n[u]sɨlulitɨ	0
adenocito	ɐdɛnɔsitu	ɐdɨnusitu	ɐd[ɛ]n[ɔ]situ	ɐd[ɨ]n[u]situ	0
adenonervoso	ɐdɛnɔnɨrvozu	ɐdɨnunɨrvozu	ɐd[ɛ]n[ɔ]nɨrvozu	ɐd[ɨ]n[u]nɨrvozu	0
adenossarcoma	ɐdɛnɔsɐrkomɐ	ɐdɨnusɐrkomɐ	ɐd[ɛ]n[ɔ]sɐrkomɐ	ɐd[ɨ]n[u]sɐrkomɐ	0
adenossarcomatoso	ɐdɛnɔsɐrkumɐtozu	ɐdɨnusɐrkumɐtozu	ɐd[ɛ]n[ɔ]sɐrkumɐtozu	ɐd[ɨ]n[u]sɐrkumɐtozu	0
adenovírus	ɐdɛnɔviruʃ	ɐdɨnuviruʃ	ɐd[ɛ]n[ɔ]viruʃ	ɐd[ɨ]n[u]viruʃ	0
adietado	ɐdjɛtadu	ɐdiɨtadu	ɐdj[ɛ]tadu	ɐdi[ɨ]tadu	0
adietar	ɐdjɛtar	ɐdiɨtar	ɐdj[ɛ]tar	ɐdi[ɨ]tar	0
adjeção	ɐdʒɛsɐ̃w̃	ɐdʒɨsɐ̃w̃	ɐdʒ[ɛ]sɐ̃w̃	ɐdʒ[ɨ]sɐ̃w̃	0
adjetivação	ɐdʒɛtivɐsɐ̃w̃	ɐdʒɨtivɐsɐ̃w̃	ɐdʒ[ɛ]tivɐsɐ̃w̃	ɐdʒ[ɨ]tivɐsɐ̃w̃	0
adjetivado	ɐdʒɛtivadu	ɐdʒɨtivadu	ɐdʒ[ɛ]tivadu	ɐdʒ[ɨ]tivadu	0
adjetival	ɐdʒɛtivaɫ	ɐdʒɨtivaɫ	ɐdʒ[ɛ]tivaɫ	ɐdʒ[ɨ]tivaɫ	0
adjetivalização	ɐdʒɛtivɐlizɐsɐ̃w̃	ɐdʒɨtivɐlizɐsɐ̃w̃	ɐdʒ[ɛ]tivɐlizɐsɐ̃w̃	ɐdʒ[ɨ]tivɐlizɐsɐ̃w̃	0
adjetivar	ɐdʒɛtivar	ɐdʒɨtivar	ɐdʒ[ɛ]tivar	ɐdʒ[ɨ]tivar	0
adjetivável	ɐdʒɛtivavɛɫ	ɐdʒɨtivavɛɫ	ɐdʒ[ɛ]tivavɛɫ	ɐdʒ[ɨ]tivavɛɫ	0
adjetividade	ɐdʒɛtividadɨ	ɐdʒɨtividadɨ	ɐdʒ[ɛ]tividadɨ	ɐdʒ[ɨ]tividadɨ	0
adjetivo	ɐdʒɛtivu	ɐdʒɨtivu	ɐdʒ[ɛ]tivu	ɐdʒ[ɨ]tivu	0
admoestado	ɐdmwɛʃtadu	ɐdmuɨʃtadu	ɐdmw[ɛ]ʃtadu	ɐdmu[ɨ]ʃtadu	0
admoestar	ɐdmwɛʃtar	ɐdmuɨʃtar	ɐdmw[ɛ]ʃtar	ɐdmu[ɨ]ʃtar	0
admoestável	ɐdmwɛʃtavɛɫ	ɐdmuɨʃtavɛɫ	ɐdmw[ɛ]ʃtavɛɫ	ɐdmu[ɨ]ʃtavɛɫ	0
ad-retal	adʀɛtaɫ	adʀɨtaɫ	adʀ[ɛ]taɫ	adʀ[ɨ]taɫ	0
aduelagem	ɐdwɛlaʒɐ̃j̃	ɐduɨlaʒɐjn	ɐdw[ɛ]laʒɐ[̃]j[̃]	ɐdu[ɨ]laʒɐ[]j[n]	0
aegirina	ɐɛʒɨrinɐ	ɐɨʒirinɐ	ɐ[ɛ]ʒ[ɨ]rinɐ	ɐ[ɨ]ʒ[i]rinɐ	0
aegirínico	ɐɛʒɨriniku	ɐɨʒiriniku	ɐ[ɛ]ʒ[ɨ]riniku	ɐ[ɨ]ʒ[i]riniku	0
aeração	ɐɛrɐsɐ̃w̃	ɐɨrɐsɐ̃w̃	ɐ[ɛ]rɐsɐ̃w̃	ɐ[ɨ]rɐsɐ̃w̃	0
aeremia	ɐɛrɨmiɐ	ɐɨrɨmiɐ	ɐ[ɛ]rɨmiɐ	ɐ[ɨ]rɨmiɐ	0
aerêmico	ɐɛremiku	ɐɨremiku	ɐ[ɛ]remiku	ɐ[ɨ]remiku	0
aerémico	ɐɛrɛmiku	ɐɨrɛmiku	ɐ[ɛ]rɛmiku	ɐ[ɨ]rɛmiku	0
aerícola	ɐɛrikulɐ	ɐɨrikulɐ	ɐ[ɛ]rikulɐ	ɐ[ɨ]rikulɐ	0
aerífero	ɐɛrifɨru	ɐɨrifɨru	ɐ[ɛ]rifɨru	ɐ[ɨ]rifɨru	0
aerificação	ɐɛrifikɐsɐ̃w̃	ɐɨrifikɐsɐ̃w̃	ɐ[ɛ]rifikɐsɐ̃w̃	ɐ[ɨ]rifikɐsɐ̃w̃	0
aerificar	ɐɛrifikar	ɐɨrifikar	ɐ[ɛ]rifikar	ɐ[ɨ]rifikar	0
aeriforme	ɐɛrifɔrmɨ	ɐɨrifɔrmɨ	ɐ[ɛ]rifɔrmɨ	ɐ[ɨ]rifɔrmɨ	0
aerívoro	ɐɛrivuru	ɐɨrivuru	ɐ[ɛ]rivuru	ɐ[ɨ]rivuru	0
aerização	ɐɛrizɐsɐ̃w̃	ɐɨrizɐsɐ̃w̃	ɐ[ɛ]rizɐsɐ̃w̃	ɐ[ɨ]rizɐsɐ̃w̃	0
aerizar	ɐɛrizar	ɐɨrizar	ɐ[ɛ]rizar	ɐ[ɨ]rizar	0
aerobalística	ɐɛrɔbɐliʃtikɐ	ɐɨrubɐliʃtikɐ	ɐ[ɛ]r[ɔ]bɐliʃtikɐ	ɐ[ɨ]r[u]bɐliʃtikɐ	0
aerobalístico	ɐɛrɔbɐliʃtiku	ɐɨrubɐliʃtiku	ɐ[ɛ]r[ɔ]bɐliʃtiku	ɐ[ɨ]r[u]bɐliʃtiku	0
aerobarco	ɐɛrɔbarku	ɐɨrubarku	ɐ[ɛ]r[ɔ]barku	ɐ[ɨ]r[u]barku	0
aerobata	ɐɛrɔbatɐ	ɐɨrubatɐ	ɐ[ɛ]r[ɔ]batɐ	ɐ[ɨ]r[u]batɐ	0
aeróbata	ɐɛrɔbɐtɐ	ɐɨrɔbɐtɐ	ɐ[ɛ]rɔbɐtɐ	ɐ[ɨ]rɔbɐtɐ	0
aeróbica	ɐɛrɔbikɐ	ɐɨrɔbikɐ	ɐ[ɛ]rɔbikɐ	ɐ[ɨ]rɔbikɐ	0
aeróbico	ɐɛrɔbiku	ɐɨrɔbiku	ɐ[ɛ]rɔbiku	ɐ[ɨ]rɔbiku	0
aeróbio	ɐɛrɔbju	ɐɨrɔbju	ɐ[ɛ]rɔbju	ɐ[ɨ]rɔbju	0
aerobiologia	ɐɛrɔbjuluʒiɐ	ɐɨrubiuluʒiɐ	ɐ[ɛ]r[ɔ]b[j]uluʒiɐ	ɐ[ɨ]r[u]b[i]uluʒiɐ	0
aerobiontia	ɐɛrɔbjõtiɐ	ɐɨrubiõntiɐ	ɐ[ɛ]r[ɔ]bjõtiɐ[]	ɐ[ɨ]r[u]biõnti[ɐ]	0
aerobiose	ɐɛrɔbjɔzɨ	ɐɨrubiɔzɨ	ɐ[ɛ]r[ɔ]b[j]ɔzɨ	ɐ[ɨ]r[u]b[i]ɔzɨ	0
aerobiótico	ɐɛrɔbjɔtiku	ɐɨrubiɔtiku	ɐ[ɛ]r[ɔ]b[j]ɔtiku	ɐ[ɨ]r[u]b[i]ɔtiku	0
aerocistoscopia	ɐɛrɔsiʃtɔʃkupiɐ	ɐɨrusiʃtuʃkupiɐ	ɐ[ɛ]r[ɔ]siʃt[ɔ]ʃkupiɐ	ɐ[ɨ]r[u]siʃt[u]ʃkupiɐ	0
aerocistoscópio	ɐɛrɔsiʃtɔʃkɔpju	ɐɨrusiʃtuʃkɔpju	ɐ[ɛ]r[ɔ]siʃt[ɔ]ʃkɔpju	ɐ[ɨ]r[u]siʃt[u]ʃkɔpju	0
aeroclube	ɐɛrɔklubɨ	ɐɨruklubɨ	ɐ[ɛ]r[ɔ]klubɨ	ɐ[ɨ]r[u]klubɨ	0
aerodeslizador	ɐɛrɔdɨʒlizɐdor	ɐɨrudɨʒlizɐdor	ɐ[ɛ]r[ɔ]dɨʒlizɐdor	ɐ[ɨ]r[u]dɨʒlizɐdor	0
aerodinâmica	ɐɛrɔdinɐmikɐ	ɐɨrudinɐ̃mikɐ	ɐ[ɛ]r[ɔ]dinɐ[]mikɐ	ɐ[ɨ]r[u]dinɐ[̃]mikɐ	0
aerodinâmico	ɐɛrɔdinɐmiku	ɐɨrudinɐ̃miku	ɐ[ɛ]r[ɔ]dinɐ[]miku	ɐ[ɨ]r[u]dinɐ[̃]miku	0
aerodinamismo	ɐɛrɔdinɐmiʒmu	ɐɨrudinɐmiʒmu	ɐ[ɛ]r[ɔ]dinɐmiʒmu	ɐ[ɨ]r[u]dinɐmiʒmu	0
aeródino	ɐɛrɔdinu	ɐɨrɔdinu	ɐ[ɛ]rɔdinu	ɐ[ɨ]rɔdinu	0
aerodontalgia	ɐɛrɔdõtaɫʒiɐ	ɐɨrudõntaɫʒiɐ	ɐ[ɛ]r[ɔ]dõtaɫʒiɐ[]	ɐ[ɨ]r[u]dõntaɫʒi[ɐ]	0
aeródromo	ɐɛrɔdrumu	ɐɨrɔdrumu	ɐ[ɛ]rɔdrumu	ɐ[ɨ]rɔdrumu	0
aeroduto	ɐɛrɔdutu	ɐɨrudutu	ɐ[ɛ]r[ɔ]dutu	ɐ[ɨ]r[u]dutu	0
aeroelasticidade	ɐɛrɔilɐʃtisidadɨ	ɐɨruɨlɐʃtisidadɨ	ɐ[ɛ]rɔ[i]lɐʃtisidadɨ	ɐ[ɨ]ru[ɨ]lɐʃtisidadɨ	0
aeroespacial	ɐɛrɔiʃpɐsjaɫ	ɐɨruɨʃpɐsiaɫ	ɐ[ɛ]rɔ[i]ʃpɐs[j]aɫ	ɐ[ɨ]ru[ɨ]ʃpɐs[i]aɫ	0
aerofagia	ɐɛrɔfɐʒiɐ	ɐɨrufɐʒiɐ	ɐ[ɛ]r[ɔ]fɐʒiɐ	ɐ[ɨ]r[u]fɐʒiɐ	0
aerófago	ɐɛrɔfɐɡu	ɐɨrɔfɐɡu	ɐ[ɛ]rɔfɐɡu	ɐ[ɨ]rɔfɐɡu	0
aerofilatelia	ɐɛrɔfilɐtɨliɐ	ɐɨrufilɐtɨliɐ	ɐ[ɛ]r[ɔ]filɐtɨliɐ	ɐ[ɨ]r[u]filɐtɨliɐ	0
aerofilatélico	ɐɛrɔfilɐtɛliku	ɐɨrufilɐtɛliku	ɐ[ɛ]r[ɔ]filɐtɛliku	ɐ[ɨ]r[u]filɐtɛliku	0
aerofilatelista	ɐɛrɔfilɐtɨliʃtɐ	ɐɨrufilɐtɨliʃtɐ	ɐ[ɛ]r[ɔ]filɐtɨliʃtɐ	ɐ[ɨ]r[u]filɐtɨliʃtɐ	0
aerofilatelístico	ɐɛrɔfilɐtɨliʃtiku	ɐɨrufilɐtɨliʃtiku	ɐ[ɛ]r[ɔ]filɐtɨliʃtiku	ɐ[ɨ]r[u]filɐtɨliʃtiku	0
aerofilme	ɐɛrɔfiɫmɨ	ɐɨrufiɫmɨ	ɐ[ɛ]r[ɔ]fiɫmɨ	ɐ[ɨ]r[u]fiɫmɨ	0
aerofísica	ɐɛrɔfizikɐ	ɐɨrufizikɐ	ɐ[ɛ]r[ɔ]fizikɐ	ɐ[ɨ]r[u]fizikɐ	0
aerófito	ɐɛrɔfitu	ɐɨrɔfitu	ɐ[ɛ]rɔfitu	ɐ[ɨ]rɔfitu	0
aerofobia	ɐɛrɔfubiɐ	ɐɨrufubiɐ	ɐ[ɛ]r[ɔ]fubiɐ	ɐ[ɨ]r[u]fubiɐ	0
aerofóbico	ɐɛrɔfɔbiku	ɐɨrufɔbiku	ɐ[ɛ]r[ɔ]fɔbiku	ɐ[ɨ]r[u]fɔbiku	0
aerófobo	ɐɛrɔfubu	ɐɨrɔfubu	ɐ[ɛ]rɔfubu	ɐ[ɨ]rɔfubu	0
aerofólio	ɐɛrɔfɔlju	ɐɨrufɔlju	ɐ[ɛ]r[ɔ]fɔlju	ɐ[ɨ]r[u]fɔlju	0
aerofone	ɐɛrɔfɔnɨ	ɐɨrufonɨ	ɐ[ɛ]r[ɔ]f[ɔ]nɨ	ɐ[ɨ]r[u]f[o]nɨ	0
aerofotografia	ɐɛrɔfutuɡrɐfiɐ	ɐɨrufutuɡrɐfiɐ	ɐ[ɛ]r[ɔ]futuɡrɐfiɐ	ɐ[ɨ]r[u]futuɡrɐfiɐ	0
aerofotográfico	ɐɛrɔfutuɡrafiku	ɐɨrufutuɡrafiku	ɐ[ɛ]r[ɔ]futuɡrafiku	ɐ[ɨ]r[u]futuɡrafiku	0
aerófugo	ɐɛrɔfuɡu	ɐɨrɔfuɡu	ɐ[ɛ]rɔfuɡu	ɐ[ɨ]rɔfuɡu	0
aerogare	ɐɛrɔɡarɨ	ɐɨruɡarɨ	ɐ[ɛ]r[ɔ]ɡarɨ	ɐ[ɨ]r[u]ɡarɨ	0
aerogel	ɐɛrɔʒɛɫ	ɐɨruʒɛɫ	ɐ[ɛ]r[ɔ]ʒɛɫ	ɐ[ɨ]r[u]ʒɛɫ	0
aerogerador	ɐɛrɔʒɨrɐdor	ɐɨruʒɨrɐdor	ɐ[ɛ]r[ɔ]ʒɨrɐdor	ɐ[ɨ]r[u]ʒɨrɐdor	0
aerognosta	ɐɛrɔɡnɔʃtɐ	ɐɨruɡnɔʃtɐ	ɐ[ɛ]r[ɔ]ɡnɔʃtɐ	ɐ[ɨ]r[u]ɡnɔʃtɐ	0
aerografia	ɐɛrɔɡrɐfiɐ	ɐɨruɡrɐfiɐ	ɐ[ɛ]r[ɔ]ɡrɐfiɐ	ɐ[ɨ]r[u]ɡrɐfiɐ	0
aerográfico	ɐɛrɔɡrafiku	ɐɨruɡrafiku	ɐ[ɛ]r[ɔ]ɡrafiku	ɐ[ɨ]r[u]ɡrafiku	0
aerógrafo	ɐɛrɔɡrɐfu	ɐɨrɔɡrɐfu	ɐ[ɛ]rɔɡrɐfu	ɐ[ɨ]rɔɡrɐfu	0
aerograma	ɐɛrɔɡrɐmɐ	ɐɨruɡrɐ̃mɐ	ɐ[ɛ]r[ɔ]ɡrɐ[]mɐ	ɐ[ɨ]r[u]ɡrɐ[̃]mɐ	0
aeroide	ɐɛrɔjdɨ	ɐɨrɔjdɨ	ɐ[ɛ]rɔjdɨ	ɐ[ɨ]rɔjdɨ	0
aeróide	ɐɛrɔjdɨ	ɐɨrɔjdɨ	ɐ[ɛ]rɔjdɨ	ɐ[ɨ]rɔjdɨ	0
aerolítico	ɐɛrɔlitiku	ɐɨrulitiku	ɐ[ɛ]r[ɔ]litiku	ɐ[ɨ]r[u]litiku	0
aerólito	ɐɛrɔlitu	ɐɨrɔlitu	ɐ[ɛ]rɔlitu	ɐ[ɨ]rɔlitu	0
aerologia	ɐɛrɔluʒiɐ	ɐɨruluʒiɐ	ɐ[ɛ]r[ɔ]luʒiɐ	ɐ[ɨ]r[u]luʒiɐ	0
aerológico	ɐɛrulɔʒiku	ɐɨrulɔʒiku	ɐ[ɛ]rulɔʒiku	ɐ[ɨ]rulɔʒiku	0
aerólogo	ɐɛrɔluɡu	ɐɨrɔluɡu	ɐ[ɛ]rɔluɡu	ɐ[ɨ]rɔluɡu	0
aeromancia	ɐɛrɔmɐ̃siɐ	ɐɨrumɐ̃nsiɐ	ɐ[ɛ]r[ɔ]mɐ̃[]siɐ	ɐ[ɨ]r[u]mɐ̃[n]siɐ	0
aeromante	ɐɛrɔmɐ̃tɨ	ɐɨrumɐ̃ntɨ	ɐ[ɛ]r[ɔ]mɐ̃[]tɨ	ɐ[ɨ]r[u]mɐ̃[n]tɨ	0
aeromântico	ɐɛrɔmɐ̃tiku	ɐɨrumɐ̃ntiku	ɐ[ɛ]r[ɔ]mɐ̃[]tiku	ɐ[ɨ]r[u]mɐ̃[n]tiku	0
aerometria	ɐɛrɔmɨtriɐ	ɐɨrumɨtriɐ	ɐ[ɛ]r[ɔ]mɨtriɐ	ɐ[ɨ]r[u]mɨtriɐ	0
aerométrico	ɐɛrɔmɛtriku	ɐɨrumɛtriku	ɐ[ɛ]r[ɔ]mɛtriku	ɐ[ɨ]r[u]mɛtriku	0
aerômetro	ɐɛromɨtru	ɐɨromɨtru	ɐ[ɛ]romɨtru	ɐ[ɨ]romɨtru	0
aerómetro	ɐɛrɔmɨtru	ɐɨrɔmɨtru	ɐ[ɛ]rɔmɨtru	ɐ[ɨ]rɔmɨtru	0
aeromoça	ɐɛrɔmosɐ	ɐɨrumosɐ	ɐ[ɛ]r[ɔ]mosɐ	ɐ[ɨ]r[u]mosɐ	0
aeromodelismo	ɐɛrɔmudɨliʒmu	ɐɨrumudɨliʒmu	ɐ[ɛ]r[ɔ]mudɨliʒmu	ɐ[ɨ]r[u]mudɨliʒmu	0
aeromodelista	ɐɛrɔmudɨliʃtɐ	ɐɨrumudɨliʃtɐ	ɐ[ɛ]r[ɔ]mudɨliʃtɐ	ɐ[ɨ]r[u]mudɨliʃtɐ	0
aeromodelo	ɐɛrɔmudelu	ɐɨrumudɛlu	ɐ[ɛ]r[ɔ]mud[e]lu	ɐ[ɨ]r[u]mud[ɛ]lu	0
aeromotor	ɐɛrɔmutor	ɐɨrumutor	ɐ[ɛ]r[ɔ]mutor	ɐ[ɨ]r[u]mutor	0
aeromóvel	ɐɛrɔmɔvɛɫ	ɐɨrumɔvɛɫ	ɐ[ɛ]r[ɔ]mɔvɛɫ	ɐ[ɨ]r[u]mɔvɛɫ	0
aeronauta	ɐɛrɔnawtɐ	ɐɨrunawtɐ	ɐ[ɛ]r[ɔ]nawtɐ	ɐ[ɨ]r[u]nawtɐ	0
aeronáutica	ɐɛrɔnawtikɐ	ɐɨrunawtikɐ	ɐ[ɛ]r[ɔ]nawtikɐ	ɐ[ɨ]r[u]nawtikɐ	0
aeronáutico	ɐɛrɔnawtiku	ɐɨrunawtiku	ɐ[ɛ]r[ɔ]nawtiku	ɐ[ɨ]r[u]nawtiku	0
aeronaval	ɐɛrɔnɐvaɫ	ɐɨrunɐvaɫ	ɐ[ɛ]r[ɔ]nɐvaɫ	ɐ[ɨ]r[u]nɐvaɫ	0
aeronave	ɐɛrɔnavɨ	ɐɨrunavɨ	ɐ[ɛ]r[ɔ]navɨ	ɐ[ɨ]r[u]navɨ	0
aeronavegabilidade	ɐɛrɔnɐvɨɡɐbilidadɨ	ɐɨrunɐveɡɐbilidadɨ	ɐ[ɛ]r[ɔ]nɐv[ɨ]ɡɐbilidadɨ	ɐ[ɨ]r[u]nɐv[e]ɡɐbilidadɨ	0
aeronavegação	ɐɛrɔnɐvɨɡɐsɐ̃w̃	ɐɨrunɐveɡɐsɐ̃w̃	ɐ[ɛ]r[ɔ]nɐv[ɨ]ɡɐsɐ̃w̃	ɐ[ɨ]r[u]nɐv[e]ɡɐsɐ̃w̃	0
aeronavegável	ɐɛrɔnɐvɨɡɐvɛɫ	ɐɨrunɐvɨɡavɛɫ	ɐ[ɛ]r[ɔ]nɐvɨɡ[ɐ]vɛɫ	ɐ[ɨ]r[u]nɐvɨɡ[a]vɛɫ	0
aeronomia	ɐɛrɔnumiɐ	ɐɨrunumiɐ	ɐ[ɛ]r[ɔ]numiɐ	ɐ[ɨ]r[u]numiɐ	0
aeronômico	ɐɛrɔnomiku	ɐɨrunomiku	ɐ[ɛ]r[ɔ]nomiku	ɐ[ɨ]r[u]nomiku	0
aeronómico	ɐɛrɔnɔmiku	ɐɨrunɔmiku	ɐ[ɛ]r[ɔ]nɔmiku	ɐ[ɨ]r[u]nɔmiku	0
aeroplanismo	ɐɛrɔplɐniʒmu	ɐɨruplɐniʒmu	ɐ[ɛ]r[ɔ]plɐniʒmu	ɐ[ɨ]r[u]plɐniʒmu	0
aeroplano	ɐɛrɔplɐnu	ɐɨruplɐ̃nu	ɐ[ɛ]r[ɔ]plɐ[]nu	ɐ[ɨ]r[u]plɐ[̃]nu	0
aeroporto	ɐɛrɔportu	ɐɨruportu	ɐ[ɛ]r[ɔ]portu	ɐ[ɨ]r[u]portu	0
aeroposta	ɐɛrɔpɔʃtɐ	ɐɨrupɔʃtɐ	ɐ[ɛ]r[ɔ]pɔʃtɐ	ɐ[ɨ]r[u]pɔʃtɐ	0
aeropostal	ɐɛrɔpuʃtaɫ	ɐɨrupuʃtaɫ	ɐ[ɛ]r[ɔ]puʃtaɫ	ɐ[ɨ]r[u]puʃtaɫ	0
aeroscopia	ɐɛrɔʃkupiɐ	ɐɨruʃkupiɐ	ɐ[ɛ]r[ɔ]ʃkupiɐ	ɐ[ɨ]r[u]ʃkupiɐ	0
aeroscópico	ɐɛrɔʃkɔpiku	ɐɨruʃkɔpiku	ɐ[ɛ]r[ɔ]ʃkɔpiku	ɐ[ɨ]r[u]ʃkɔpiku	0
aeroscópio	ɐɛrɔʃkɔpju	ɐɨruʃkɔpju	ɐ[ɛ]r[ɔ]ʃkɔpju	ɐ[ɨ]r[u]ʃkɔpju	0
aerosfera	ɐɛrɔʃfɛrɐ	ɐɨruʃfɛrɐ	ɐ[ɛ]r[ɔ]ʃfɛrɐ	ɐ[ɨ]r[u]ʃfɛrɐ	0
aerospacial	ɐɛrɔʃpɐsjaɫ	ɐɨruʃpɐsiaɫ	ɐ[ɛ]r[ɔ]ʃpɐs[j]aɫ	ɐ[ɨ]r[u]ʃpɐs[i]aɫ	0
aerossol	ɐɛrɔsɔɫ	ɐɨrusɔɫ	ɐ[ɛ]r[ɔ]sɔɫ	ɐ[ɨ]r[u]sɔɫ	0
aerossolização	ɐɛrɔsulizɐsɐ̃w̃	ɐɨrusulizɐsɐ̃w̃	ɐ[ɛ]r[ɔ]sulizɐsɐ̃w̃	ɐ[ɨ]r[u]sulizɐsɐ̃w̃	0
aerossolizado	ɐɛrɔsulizadu	ɐɨrusulizadu	ɐ[ɛ]r[ɔ]sulizadu	ɐ[ɨ]r[u]sulizadu	0
aerossolizador	ɐɛrɔsulizɐdor	ɐɨrusulizɐdor	ɐ[ɛ]r[ɔ]sulizɐdor	ɐ[ɨ]r[u]sulizɐdor	0
aerossolizar	ɐɛrɔsulizar	ɐɨrusulizar	ɐ[ɛ]r[ɔ]sulizar	ɐ[ɨ]r[u]sulizar	0
aerossolterapia	ɐɛrɔsɔɫtɨrɐpiɐ	ɐɨrusuɫterɐpiɐ	ɐ[ɛ]r[ɔ]s[ɔ]ɫt[ɨ]rɐpiɐ	ɐ[ɨ]r[u]s[u]ɫt[e]rɐpiɐ	0
aerostação	ɐɛrɔʃtɐsɐ̃w̃	ɐɨruʃtɐsɐ̃w̃	ɐ[ɛ]r[ɔ]ʃtɐsɐ̃w̃	ɐ[ɨ]r[u]ʃtɐsɐ̃w̃	0
aerostática	ɐɛrɔʃtatikɐ	ɐɨruʃtatikɐ	ɐ[ɛ]r[ɔ]ʃtatikɐ	ɐ[ɨ]r[u]ʃtatikɐ	0
aerostático	ɐɛrɔʃtatiku	ɐɨruʃtatiku	ɐ[ɛ]r[ɔ]ʃtatiku	ɐ[ɨ]r[u]ʃtatiku	0
aeróstato	ɐɛrɔstɐtu	ɐɨrɔʃtɐtu	ɐ[ɛ]rɔ[s]tɐtu	ɐ[ɨ]rɔ[ʃ]tɐtu	0
aerotecnia	ɐɛrɔtɛkniɐ	ɐɨrutɛkniɐ	ɐ[ɛ]r[ɔ]tɛkniɐ	ɐ[ɨ]r[u]tɛkniɐ	0
aerotécnico	ɐɛrɔtɛkniku	ɐɨrutɛkniku	ɐ[ɛ]r[ɔ]tɛkniku	ɐ[ɨ]r[u]tɛkniku	0
aeroterapêutica	ɐɛrɔtɨrɐpewtikɐ	ɐɨrutɨrɐpewtikɐ	ɐ[ɛ]r[ɔ]tɨrɐpewtikɐ	ɐ[ɨ]r[u]tɨrɐpewtikɐ	0
aeroterapêutico	ɐɛrɔtɨrɐpewtiku	ɐɨrutɨrɐpewtiku	ɐ[ɛ]r[ɔ]tɨrɐpewtiku	ɐ[ɨ]r[u]tɨrɐpewtiku	0
aeroterapia	ɐɛrɔtɨrɐpiɐ	ɐɨrutɨrɐpiɐ	ɐ[ɛ]r[ɔ]tɨrɐpiɐ	ɐ[ɨ]r[u]tɨrɐpiɐ	0
aeroterápico	ɐɛrɔtɨrapiku	ɐɨrutɨrapiku	ɐ[ɛ]r[ɔ]tɨrapiku	ɐ[ɨ]r[u]tɨrapiku	0
aerotérmico	ɐɛrɔtɛrmiku	ɐɨrutɛrmiku	ɐ[ɛ]r[ɔ]tɛrmiku	ɐ[ɨ]r[u]tɛrmiku	0
aerotermo	ɐɛrɔtɛrmu	ɐɨrutermu	ɐ[ɛ]r[ɔ]t[ɛ]rmu	ɐ[ɨ]r[u]t[e]rmu	0
aerotermoterapia	ɐɛrɔtɛrmɔtɨrɐpiɐ	ɐɨrutɨrmutɨrɐpiɐ	ɐ[ɛ]r[ɔ]t[ɛ]rm[ɔ]tɨrɐpiɐ	ɐ[ɨ]r[u]t[ɨ]rm[u]tɨrɐpiɐ	0
aerotransportado	ɐɛrɔtrɐ̃ʃpurtadu	ɐɨrutrɐ̃nʃpurtadu	ɐ[ɛ]r[ɔ]trɐ̃[]ʃpurtadu	ɐ[ɨ]r[u]trɐ̃[n]ʃpurtadu	0
aerotransportar	ɐɛrɔtrɐ̃ʃpurtar	ɐɨrutrɐ̃nʃpurtar	ɐ[ɛ]r[ɔ]trɐ̃[]ʃpurtar	ɐ[ɨ]r[u]trɐ̃[n]ʃpurtar	0
aerotropismo	ɐɛrɔtrupiʒmu	ɐɨrutrupiʒmu	ɐ[ɛ]r[ɔ]trupiʒmu	ɐ[ɨ]r[u]trupiʒmu	0
aerovia	ɐɛrɔviɐ	ɐɨruviɐ	ɐ[ɛ]r[ɔ]viɐ	ɐ[ɨ]r[u]viɐ	0
aeroviário	ɐɛrɔvjarju	ɐɨruviarju	ɐ[ɛ]r[ɔ]v[j]arju	ɐ[ɨ]r[u]v[i]arju	0
aeruginoso	ɐɛruʒinozu	ɐɨruʒinozu	ɐ[ɛ]ruʒinozu	ɐ[ɨ]ruʒinozu	0
aetite	ɐɛtitɨ	ɐɨtitɨ	ɐ[ɛ]titɨ	ɐ[ɨ]titɨ	0
afeção	ɐfɛsɐ̃w̃	ɐfɨsɐ̃w̃	ɐf[ɛ]sɐ̃w̃	ɐf[ɨ]sɐ̃w̃	0
afetação	ɐfɛtɐsɐ̃w̃	ɐfɨtɐsɐ̃w̃	ɐf[ɛ]tɐsɐ̃w̃	ɐf[ɨ]tɐsɐ̃w̃	0
afetado	ɐfɛtadu	ɐfɨtadu	ɐf[ɛ]tadu	ɐf[ɨ]tadu	0
afetante	ɐfɛtɐ̃tɨ	ɐfɨtɐ̃ntɨ	ɐf[ɛ]tɐ̃[]tɨ	ɐf[ɨ]tɐ̃[n]tɨ	0
afetar	ɐfɛtar	ɐfɨtar	ɐf[ɛ]tar	ɐf[ɨ]tar	0
afetável	ɐfɛtavɛɫ	ɐfɨtavɛɫ	ɐf[ɛ]tavɛɫ	ɐf[ɨ]tavɛɫ	0
afetividade	ɐfɛtɨvidadɨ	ɐfɨtividadɨ	ɐf[ɛ]t[ɨ]vidadɨ	ɐf[ɨ]t[i]vidadɨ	0
afetivo	ɐfɛtivu	ɐfɨtivu	ɐf[ɛ]tivu	ɐf[ɨ]tivu	0
afetuosidade	ɐfɛtwuzidadɨ	ɐfɨtwuzidadɨ	ɐf[ɛ]twuzidadɨ	ɐf[ɨ]twuzidadɨ	0
afetuoso	ɐfɛtwozu	ɐfɨtwozu	ɐf[ɛ]twozu	ɐf[ɨ]twozu	0
afreguesado	ɐfrɛɡɨzadu	ɐfrɨɡɨzadu	ɐfr[ɛ]ɡɨzadu	ɐfr[ɨ]ɡɨzadu	0
afreguesamento	ɐfrɛɡɨzɐmẽtu	ɐfrɨɡezɐmẽntu	ɐfr[ɛ]ɡ[ɨ]zɐmẽtu[]	ɐfr[ɨ]ɡ[e]zɐmẽnt[u]	0
afreguesar	ɐfrɛɡɨzar	ɐfrɨɡɨzar	ɐfr[ɛ]ɡɨzar	ɐfr[ɨ]ɡɨzar	0
água-flebê	aɡwɐflɛbe	aɡwɐflɨbe	aɡwɐfl[ɛ]be	aɡwɐfl[ɨ]be	0
alcácer	aɫkasɛr	aɫkasɨr	aɫkas[ɛ]r	aɫkas[ɨ]r	0
alecrim	ɐlɨkrĩ	ɐlɛkrĩn	ɐl[ɨ]krĩ[]	ɐl[ɛ]krĩ[n]	0
alecrim-das-paredes	ɐlɨkrĩdɐʃpɐredɨʃ	ɐlɛkrĩndɐʃpɐredɨʃ	ɐl[ɨ]krĩdɐʃ[p]ɐredɨʃ[]	ɐl[ɛ]krĩnd[]ɐʃpɐredɨ[ʃ]	0
alecrineiro	ɐlɨkrinɐjru	ɐlɛkrinɐjru	ɐl[ɨ]krinɐjru	ɐl[ɛ]krinɐjru	0
alecrinzeiro	ɐlɨkrĩzɐjru	ɐlɛkrĩnzɐjru	ɐl[ɨ]krĩzɐjru[]	ɐl[ɛ]krĩnzɐjr[u]	0
alelomórfico	ɐlɛlɔmɔrfiku	ɐlɨlumɔrfiku	ɐl[ɛ]l[ɔ]mɔrfiku	ɐl[ɨ]l[u]mɔrfiku	0
alelomorfismo	ɐlɛlɔmurfiʒmu	ɐlɨlumurfiʒmu	ɐl[ɛ]l[ɔ]murfiʒmu	ɐl[ɨ]l[u]murfiʒmu	0
alelomorfo	ɐlɛlɔmɔrfu	ɐlɨlumorfu	ɐl[ɛ]l[ɔ]m[ɔ]rfu	ɐl[ɨ]l[u]m[o]rfu	0
aleptina	ɐlɛptinɐ	ɐlɨptinɐ	ɐl[ɛ]ptinɐ	ɐl[ɨ]ptinɐ	0
alerdar	ɐlɛrdar	ɐlɨrdar	ɐl[ɛ]rdar	ɐl[ɨ]rdar	0
alergologia	ɐlɛrɡuluʒiɐ	ɐlɨrɡuluʒiɐ	ɐl[ɛ]rɡuluʒiɐ	ɐl[ɨ]rɡuluʒiɐ	0
alergológico	ɐlɛrɡulɔʒiku	ɐlɨrɡulɔʒiku	ɐl[ɛ]rɡulɔʒiku	ɐl[ɨ]rɡulɔʒiku	0
alergologista	ɐlɛrɡuluʒiʃtɐ	ɐlɨrɡuluʒiʃtɐ	ɐl[ɛ]rɡuluʒiʃtɐ	ɐl[ɨ]rɡuluʒiʃtɐ	0
aletófilo	ɐlɛtɔfilu	ɐlɨtɔfilu	ɐl[ɛ]tɔfilu	ɐl[ɨ]tɔfilu	0
aletologia	ɐlɛtuluʒiɐ	ɐlɨtuluʒiɐ	ɐl[ɛ]tuluʒiɐ	ɐl[ɨ]tuluʒiɐ	0
aletológico	ɐlɛtulɔʒiku	ɐlɨtulɔʒiku	ɐl[ɛ]tulɔʒiku	ɐl[ɨ]tulɔʒiku	0
aletoscópio	ɐlɛtɔʃkɔpju	ɐlɨtuʃkɔpju	ɐl[ɛ]t[ɔ]ʃkɔpju	ɐl[ɨ]t[u]ʃkɔpju	0
alexíaco	ɐlɛksiɐku	ɐlɨksiɐku	ɐl[ɛ]ksiɐku	ɐl[ɨ]ksiɐku	0
alexifármaco	ɐlɛksifarmɐku	ɐlɨksifarmɐku	ɐl[ɛ]ksifarmɐku	ɐl[ɨ]ksifarmɐku	0
alexina	ɐlɛksinɐ	ɐlɨksinɐ	ɐl[ɛ]ksinɐ	ɐl[ɨ]ksinɐ	0
alexitimia	ɐlɛksitimiɐ	ɐlɨksitimiɐ	ɐl[ɛ]ksitimiɐ	ɐl[ɨ]ksitimiɐ	0
alfeloeiro	aɫfɛlwɐjru	aɫfɨluɐjru	aɫf[ɛ]l[w]ɐjru	aɫf[ɨ]l[u]ɐjru	0
alpechim	aɫpɨʃĩ	aɫpɛʃĩn	aɫp[ɨ]ʃĩ[]	aɫp[ɛ]ʃĩ[n]	0
alterniflóreo	aɫtɛrniflɔrju	aɫtɨrniflɔriw	aɫt[ɛ]rniflɔrj[u]	aɫt[ɨ]rniflɔri[w]	0
alternifloro	aɫtɛrniflɔru	aɫtɨrniflɔru	aɫt[ɛ]rniflɔru	aɫt[ɨ]rniflɔru	0
alternifoliado	aɫtɛrnifuljadu	aɫtɨrnifuliadu	aɫt[ɛ]rniful[j]adu	aɫt[ɨ]rniful[i]adu	0
alternifólio	aɫtɛrnifɔlju	aɫtɨrnifɔlju	aɫt[ɛ]rnifɔlju	aɫt[ɨ]rnifɔlju	0
alternípede	aɫtɛrnipɨdɨ	aɫtɨrnipɨdɨ	aɫt[ɛ]rnipɨdɨ	aɫt[ɨ]rnipɨdɨ	0
alternipétalo	aɫtɛrnipɛtɐlu	aɫtɨrnipɛtɐlu	aɫt[ɛ]rnipɛtɐlu	aɫt[ɨ]rnipɛtɐlu	0
alternissépalo	aɫtɛrnisɛpɐlu	aɫtɨrnisɛpɐlu	aɫt[ɛ]rnisɛpɐlu	aɫt[ɨ]rnisɛpɐlu	0
alternomotor	aɫtɛrnɔmutor	aɫtɨrnumutor	aɫt[ɛ]rn[ɔ]mutor	aɫt[ɨ]rn[u]mutor	0
amarrecar	ɐmɐʀɛkar	ɐmɐʀɨkar	ɐmɐʀ[ɛ]kar	ɐmɐʀ[ɨ]kar	0
amelia	ɐmɨliɐ	ɐmɛljɐ	ɐm[ɨ]l[i]ɐ	ɐm[ɛ]l[j]ɐ	0
americanismo	ɐmɨrikɐniʒmu	ɐmɛrikɐ̃niʒmu	ɐm[ɨ]rikɐ[]niʒmu	ɐm[ɛ]rikɐ[̃]niʒmu	0
americanista	ɐmɨrikɐniʃtɐ	ɐmɛrikɐ̃niʃtɐ	ɐm[ɨ]rikɐ[]niʃtɐ	ɐm[ɛ]rikɐ[̃]niʃtɐ	0
amestrado	ɐmɛʃtradu	ɐmɨʃtradu	ɐm[ɛ]ʃtradu	ɐm[ɨ]ʃtradu	0
amestrar	ɐmɛʃtrar	ɐmɨʃtrar	ɐm[ɛ]ʃtrar	ɐm[ɨ]ʃtrar	0
amielencefalia	ɐmjɛlẽsɨfɐliɐ	ɐmiɨlẽnsɨfɐliɐ	ɐmj[ɛ]lẽsɨfɐl[i]ɐ[]	ɐmi[ɨ]lẽnsɨf[]ɐli[ɐ]	0
amielencéfalo	ɐmjɛlẽsɛfɐlu	ɐmiɨlẽnsɛfɐlu	ɐmj[ɛ]lẽsɛfɐlu[]	ɐmi[ɨ]lẽnsɛfɐl[u]	0
amielotrofia	ɐmjɛlɔtrupiɐ	ɐmiɨlutrufiɐ	ɐmj[ɛ]l[ɔ]tru[p]iɐ	ɐmi[ɨ]l[u]tru[f]iɐ	0
amoedação	ɐmwɛdɐsɐ̃w̃	ɐmuɨdɐsɐ̃w̃	ɐmw[ɛ]dɐsɐ̃w̃	ɐmu[ɨ]dɐsɐ̃w̃	0
amoedar	ɐmwɛdar	ɐmuɨdar	ɐmw[ɛ]dar	ɐmu[ɨ]dar	0
amoedável	ɐmwɛdavɛɫ	ɐmuɨdavɛɫ	ɐmw[ɛ]davɛɫ	ɐmu[ɨ]davɛɫ	0
amolecar	ɐmulɛkar	ɐmulɨkar	ɐmul[ɛ]kar	ɐmul[ɨ]kar	0
amoquecar	ɐmukɛkar	ɐmukɨkar	ɐmuk[ɛ]kar	ɐmuk[ɨ]kar	0
anaeróbio	ɐnɐɛrɔbju	ɐnɐɨrɔbju	ɐnɐ[ɛ]rɔbju	ɐnɐ[ɨ]rɔbju	0
anaerobiose	ɐnɐɛrɔbjozɨ	ɐnɐɨrubiɔzɨ	ɐnɐ[ɛ]r[ɔ]bj[o]zɨ	ɐnɐ[ɨ]r[u]bi[ɔ]zɨ	0
analepsia	ɐnɐlɛpsiɐ	ɐnɐlɨpsiɐ	ɐnɐl[ɛ]psiɐ	ɐnɐl[ɨ]psiɐ	0
anatexia	ɐnɐtɛksiɐ	ɐnɐtɨksiɐ	ɐnɐt[ɛ]ksiɐ	ɐnɐt[ɨ]ksiɐ	0
anexar	ɐnɛksar	ɐnɨksar	ɐn[ɛ]ksar	ɐn[ɨ]ksar	0
anexite	ɐnɛksitɨ	ɐnɨksitɨ	ɐn[ɛ]ksitɨ	ɐn[ɨ]ksitɨ	0
anielagem	ɐnjɛlaʒɐ̃j̃	ɐniɨlaʒɐjn	ɐnj[ɛ]laʒɐ[̃]j[̃]	ɐni[ɨ]laʒɐ[]j[n]	0
anielar	ɐnjɛlar	ɐniɨlar	ɐnj[ɛ]lar	ɐni[ɨ]lar	0
apalermado	ɐpɐlɛrmadu	ɐpɐlɨrmadu	ɐpɐl[ɛ]rmadu	ɐpɐl[ɨ]rmadu	0
apalermar	ɐpɐlɛrmar	ɐpɐlɨrmar	ɐpɐl[ɛ]rmar	ɐpɐl[ɨ]rmar	0
apatetado	ɐpɐtɛtadu	ɐpɐtɨtadu	ɐpɐt[ɛ]tadu	ɐpɐt[ɨ]tadu	0
apatetar	ɐpɐtɛtar	ɐpɐtɨtar	ɐpɐt[ɛ]tar	ɐpɐt[ɨ]tar	0
apepsia	ɐpɛpsiɐ	ɐpɨpsiɐ	ɐp[ɛ]psiɐ	ɐp[ɨ]psiɐ	0
aperceção	ɐpɨrsɛsɐ̃w̃	ɐpɨrsɨsɐ̃w̃	ɐpɨrs[ɛ]sɐ̃w̃	ɐpɨrs[ɨ]sɐ̃w̃	0
apercepção	ɐpɨrsɛpsɐ̃w̃	ɐpɨrsɨpsɐ̃w̃	ɐpɨrs[ɛ]psɐ̃w̃	ɐpɨrs[ɨ]psɐ̃w̃	0
aperceptível	ɐpɨrsɛptivɛɫ	ɐpɨrsɨptivɛɫ	ɐpɨrs[ɛ]ptivɛɫ	ɐpɨrs[ɨ]ptivɛɫ	0
aperceptivo	ɐpɨrsɛptivu	ɐpɨrsɨptivu	ɐpɨrs[ɛ]ptivu	ɐpɨrs[ɨ]ptivu	0
apercetível	ɐpɨrsɛtivɛɫ	ɐpɨrsɨtivɛɫ	ɐpɨrs[ɛ]tivɛɫ	ɐpɨrs[ɨ]tivɛɫ	0
apercetivo	ɐpɨrsɛtivu	ɐpɨrsɨtivu	ɐpɨrs[ɛ]tivu	ɐpɨrs[ɨ]tivu	0
apetrechamento	ɐpɨtrɨʃɐmẽtu	ɐpɨtrɛʃɐmẽntu	ɐpɨtr[ɨ]ʃɐmẽtu[]	ɐpɨtr[ɛ]ʃɐmẽnt[u]	0
apetrechar	ɐpɨtrɨʃar	ɐpɨtrɛʃar	ɐpɨtr[ɨ]ʃar	ɐpɨtr[ɛ]ʃar	0
apiedar	ɐpjɛdar	ɐpiɨdar	ɐpj[ɛ]dar	ɐpi[ɨ]dar	0
apirexia	ɐpirɛksiɐ	ɐpirɨksiɐ	ɐpir[ɛ]ksiɐ	ɐpir[ɨ]ksiɐ	0
aplestia	ɐplɛʃtiɐ	ɐplɨʃtiɐ	ɐpl[ɛ]ʃtiɐ	ɐpl[ɨ]ʃtiɐ	0
apterigogênios	ɐptɛriɡɔʒenjuʃ	ɐptɨriɡuʒenɪuʃ	ɐpt[ɛ]riɡ[ɔ]ʒen[j]uʃ	ɐpt[ɨ]riɡ[u]ʒen[ɪ]uʃ	0
apterigogénios	ɐptɛriɡɔʒɛnjuʃ	ɐptɨriɡuʒɛnɪuʃ	ɐpt[ɛ]riɡ[ɔ]ʒɛn[j]uʃ	ɐpt[ɨ]riɡ[u]ʒɛn[ɪ]uʃ	0
apterigotas	ɐptɛriɡɔtɐʃ	ɐptɨriɡɔtɐʃ	ɐpt[ɛ]riɡɔtɐʃ	ɐpt[ɨ]riɡɔtɐʃ	0
apterogênios	ɐptɛrɔʒenjuʃ	ɐptɨruʒenɪuʃ	ɐpt[ɛ]r[ɔ]ʒen[j]uʃ	ɐpt[ɨ]r[u]ʒen[ɪ]uʃ	0
apterogénios	ɐptɛrɔʒɛnjuʃ	ɐptɨruʒɛnɪuʃ	ɐpt[ɛ]r[ɔ]ʒɛn[j]uʃ	ɐpt[ɨ]r[u]ʒɛn[ɪ]uʃ	0
apterologia	ɐptɛruluʒiɐ	ɐptɨruluʒiɐ	ɐpt[ɛ]ruluʒiɐ	ɐpt[ɨ]ruluʒiɐ	0
aquecedela	ɐkɛsɨdɛlɐ	ɐkɨsɨdɛlɐ	ɐk[ɛ]sɨdɛlɐ	ɐk[ɨ]sɨdɛlɐ	0
aquecedor	ɐkɛsɨdor	ɐkɨsɨdor	ɐk[ɛ]sɨdor	ɐk[ɨ]sɨdor	0
aquecedouro	ɐkɛsɨdowru	ɐkɨsɨdowru	ɐk[ɛ]sɨdowru	ɐk[ɨ]sɨdowru	0
aquecer	ɐkɛser	ɐkɨser	ɐk[ɛ]ser	ɐk[ɨ]ser	0
aquecimento	ɐkɛsimẽtu	ɐkɨsimẽntu	ɐk[ɛ]simẽtu[]	ɐk[ɨ]simẽnt[u]	0
aquecível	ɐkɛsivɛɫ	ɐkɨsivɛɫ	ɐk[ɛ]sivɛɫ	ɐk[ɨ]sivɛɫ	0
aquiescência	ɐkjɛʃsẽsjɐ	ɐkiɨʃsẽnsjɐ	ɐkj[ɛ]ʃsẽsjɐ[]	ɐki[ɨ]ʃsẽnsj[ɐ]	0
aquiescente	ɐkjɛʃsẽtɨ	ɐkiɨʃsẽntɨ	ɐkj[ɛ]ʃsẽtɨ[]	ɐki[ɨ]ʃsẽnt[ɨ]	0
aquiescer	ɐkjɛʃser	ɐkiɨʃser	ɐkj[ɛ]ʃser	ɐki[ɨ]ʃser	0
aquietar	ɐkjɛtar	ɐkiɨtar	ɐkj[ɛ]tar	ɐki[ɨ]tar	0
arbitrariedade	ɐrbitrɐrjɛdadɨ	ɐrbitrɐriɨdadɨ	ɐrbitrɐrj[ɛ]dadɨ	ɐrbitrɐri[ɨ]dadɨ	0
arietar	ɐrjɛtar	ɐriɨtar	ɐrj[ɛ]tar	ɐri[ɨ]tar	0
arqui-hierarca	ɐrkijɛrarkɐ	ɐrkiiɨrarkɐ	ɐrkij[ɛ]rarkɐ	ɐrkii[ɨ]rarkɐ	0
arqui-hierarquia	ɐrkijɛrɐrkiɐ	ɐrkiiɨrɐrkiɐ	ɐrkij[ɛ]rɐrkiɐ	ɐrkii[ɨ]rɐrkiɐ	0
arquilexema	ɐrkilɛksemɐ	ɐrkilɨksemɐ	ɐrkil[ɛ]ksemɐ	ɐrkil[ɨ]ksemɐ	0
arquitetar	ɐrkitɛtar	ɐrkitɨtar	ɐrkit[ɛ]tar	ɐrkit[ɨ]tar	0
arquitetônica	ɐrkitɛtonikɐ	ɐrkitɨtonikɐ	ɐrkit[ɛ]tonikɐ	ɐrkit[ɨ]tonikɐ	0
arquitetónica	ɐrkitɛtɔnikɐ	ɐrkitɨtɔnikɐ	ɐrkit[ɛ]tɔnikɐ	ɐrkit[ɨ]tɔnikɐ	0
arquitetônico	ɐrkitɛtoniku	ɐrkitɨtoniku	ɐrkit[ɛ]toniku	ɐrkit[ɨ]toniku	0
arquitetónico	ɐrkitɛtɔniku	ɐrkitɨtɔniku	ɐrkit[ɛ]tɔniku	ɐrkit[ɨ]tɔniku	0
arquitetor	ɐrkitɛtor	ɐrkitɨtor	ɐrkit[ɛ]tor	ɐrkit[ɨ]tor	0
arquitetura	ɐrkitɛturɐ	ɐrkitɨturɐ	ɐrkit[ɛ]turɐ	ɐrkit[ɨ]turɐ	0
arrefeçar	ɐʀɨfɛsar	ɐʀɨfɨsar	ɐʀɨf[ɛ]sar	ɐʀɨf[ɨ]sar	0
arrefecer	ɐʀɨfɛser	ɐʀɨfɨser	ɐʀɨf[ɛ]ser	ɐʀɨf[ɨ]ser	0
arrefecido	ɐʀɨfɛsidu	ɐʀɨfɨsidu	ɐʀɨf[ɛ]sidu	ɐʀɨf[ɨ]sidu	0
arrelvar	ɐʀɛɫvar	ɐʀɨɫvar	ɐʀ[ɛ]ɫvar	ɐʀ[ɨ]ɫvar	0
arremelgar	ɐʀɨmɛɫɡar	ɐʀɨmɨɫɡar	ɐʀɨm[ɛ]ɫɡar	ɐʀɨm[ɨ]ɫɡar	0
arrepsia	ɐʀɛpsiɐ	ɐʀɨpsiɐ	ɐʀ[ɛ]psiɐ	ɐʀ[ɨ]psiɐ	0
arsenopirita	ɐrsɛnɔpiritɐ	ɐrsɨnupiritɐ	ɐrs[ɛ]n[ɔ]piritɐ	ɐrs[ɨ]n[u]piritɐ	0
arsenopirite	ɐrsɛnɔpiritɨ	ɐrsɨnupiritɨ	ɐrs[ɛ]n[ɔ]piritɨ	ɐrs[ɨ]n[u]piritɨ	0
arsenopirítico	ɐrsɛnɔpiritiku	ɐrsɨnupiritiku	ɐrs[ɛ]n[ɔ]piritiku	ɐrs[ɨ]n[u]piritiku	0
arterialgia	ɐrtɛrjaɫʒiɐ	ɐrtɨriaɫʒiɐ	ɐrt[ɛ]r[j]aɫʒiɐ	ɐrt[ɨ]r[i]aɫʒiɐ	0
arteriografia	ɐrtɛrjɔɡrɐfiɐ	ɐrtɨriuɡrɐfiɐ	ɐrt[ɛ]rj[ɔ]ɡrɐfiɐ	ɐrt[ɨ]ri[u]ɡrɐfiɐ	0
arteriopatia	ɐrtɛrjɔpɐtiɐ	ɐrtɨriupɐtiɐ	ɐrt[ɛ]rj[ɔ]pɐtiɐ	ɐrt[ɨ]ri[u]pɐtiɐ	0
arteriorrafia	ɐrtɛrjɔʀɐfiɐ	ɐrtɨriuʀɐfiɐ	ɐrt[ɛ]rj[ɔ]ʀɐfiɐ	ɐrt[ɨ]ri[u]ʀɐfiɐ	0
arteriorragia	ɐrtɛrjɔʀɐʒiɐ	ɐrtɨriuʀɐʒiɐ	ɐrt[ɛ]rj[ɔ]ʀɐʒiɐ	ɐrt[ɨ]ri[u]ʀɐʒiɐ	0
arteriosclerose	ɐrtɛrjɔʃklɨrɔzɨ	ɐrtɨriuʃklɨrɔzɨ	ɐrt[ɛ]rj[ɔ]ʃklɨrɔzɨ	ɐrt[ɨ]ri[u]ʃklɨrɔzɨ	0
arterioscleroso	ɐrtɛrjɔʃklɨrozu	ɐrtɨriuʃklɨrozu	ɐrt[ɛ]rj[ɔ]ʃklɨrozu	ɐrt[ɨ]ri[u]ʃklɨrozu	0
arteriosclerótico	ɐrtɛrjɔʃklɨrɔtiku	ɐrtɨriuʃklɨrɔtiku	ɐrt[ɛ]rj[ɔ]ʃklɨrɔtiku	ɐrt[ɨ]ri[u]ʃklɨrɔtiku	0
arteriotomia	ɐrtɛrjɔtumiɐ	ɐrtɨriutumiɐ	ɐrt[ɛ]rj[ɔ]tumiɐ	ɐrt[ɨ]ri[u]tumiɐ	0
arteriotômico	ɐrtɛrjɔtomiku	ɐrtɨriutomiku	ɐrt[ɛ]rj[ɔ]tomiku	ɐrt[ɨ]ri[u]tomiku	0
arteriovenoso	ɐrtɛrjɔvɨnozu	ɐrtɨriuvɨnozu	ɐrt[ɛ]rj[ɔ]vɨnozu	ɐrt[ɨ]ri[u]vɨnozu	0
aspetável	ɐʃpɛtavɛɫ	ɐʃpɨtavɛɫ	ɐʃp[ɛ]tavɛɫ	ɐʃp[ɨ]tavɛɫ	0
aspetual	ɐʃpɛtwaɫ	ɐʃpɨtuaɫ	ɐʃp[ɛ]t[w]aɫ	ɐʃp[ɨ]t[u]aɫ	0
asselvajamento	ɐsɛɫvɐʒɐmẽtu	ɐsɨɫvɐʒɐmẽntu	ɐs[ɛ]ɫvɐʒɐmẽtu[]	ɐs[ɨ]ɫvɐʒɐmẽnt[u]	0
asselvajar	ɐsɛɫvɐʒar	ɐsɨɫvɐʒar	ɐs[ɛ]ɫvɐʒar	ɐs[ɨ]ɫvɐʒar	0
assepsia	ɐsɛpsiɐ	ɐsɨpsiɐ	ɐs[ɛ]psiɐ	ɐs[ɨ]psiɐ	0
assepsiar	ɐsɛpsjar	ɐsɨpsiar	ɐs[ɛ]ps[j]ar	ɐs[ɨ]ps[i]ar	0
asseptização	ɐsɛptizɐsɐ̃w̃	ɐsɨptizɐsɐ̃w̃	ɐs[ɛ]ptizɐsɐ̃w̃	ɐs[ɨ]ptizɐsɐ̃w̃	0
asseptol	ɐsɛptɔɫ	ɐsɨptɔɫ	ɐs[ɛ]ptɔɫ	ɐs[ɨ]ptɔɫ	0
assexuado	ɐsɛkswadu	ɐsɨksuadu	ɐs[ɛ]ks[w]adu	ɐs[ɨ]ks[u]adu	0
assexual	ɐsɛkswaɫ	ɐsɨksuaɫ	ɐs[ɛ]ks[w]aɫ	ɐs[ɨ]ks[u]aɫ	0
assexualidade	ɐsɛkswɐlidadɨ	ɐsɨksuɐlidadɨ	ɐs[ɛ]ks[w]ɐlidadɨ	ɐs[ɨ]ks[u]ɐlidadɨ	0
áster	aʃtɛr	aʃtɨr	aʃt[ɛ]r	aʃt[ɨ]r	0
astereognosia	ɐʃtɛrjɔɡnuziɐ	ɐʃtɨriuɡnuziɐ	ɐʃt[ɛ]rj[ɔ]ɡnuziɐ	ɐʃt[ɨ]ri[u]ɡnuziɐ	0
atarefado	ɐtɐrɛfadu	ɐtɐrɨfadu	ɐtɐr[ɛ]fadu	ɐtɐr[ɨ]fadu	0
atarefar	ɐtɐrɛfar	ɐtɐrɨfar	ɐtɐr[ɛ]far	ɐtɐr[ɨ]far	0
aterosclerose	ɐtɛrɔʃklɨrɔzɨ	ɐtɨruʃklɨrɔzɨ	ɐt[ɛ]r[ɔ]ʃklɨrɔzɨ	ɐt[ɨ]r[u]ʃklɨrɔzɨ	0
aterosclerótico	ɐtɛrɔʃklɨrɔtiku	ɐtɨruʃklɨrɔtiku	ɐt[ɛ]r[ɔ]ʃklɨrɔtiku	ɐt[ɨ]r[u]ʃklɨrɔtiku	0
aterraplenar	ɐtɛʀɐplɨnar	ɐtɨʀɐplɨnar	ɐt[ɛ]ʀɐplɨnar	ɐt[ɨ]ʀɐplɨnar	0
atletismo	ɐtlɛtiʒmu	ɐtlɨtiʒmu	ɐtl[ɛ]tiʒmu	ɐtl[ɨ]tiʒmu	0
atreguar	ɐtrɛɡwar	ɐtrɨɡwar	ɐtr[ɛ]ɡwar	ɐtr[ɨ]ɡwar	0
atrepsia	ɐtrɛpsiɐ	ɐtrɨpsiɐ	ɐtr[ɛ]psiɐ	ɐtr[ɨ]psiɐ	0
aurimesclado	awrimɛʃkladu	awrimɨʃkladu	awrim[ɛ]ʃkladu	awrim[ɨ]ʃkladu	0
autocorreção	awtɔkuʀɛsɐ̃w̃	awtɔkuʀɨsɐ̃w̃	awtɔkuʀ[ɛ]sɐ̃w̃	awtɔkuʀ[ɨ]sɐ̃w̃	0
autocorretivo	awtɔkuʀɛtivu	awtɔkuʀɨtivu	awtɔkuʀ[ɛ]tivu	awtɔkuʀ[ɨ]tivu	0
autocorretor	awtɔkuʀɛtor	awtɔkuʀɨtor	awtɔkuʀ[ɛ]tor	awtɔkuʀ[ɨ]tor	0
autodiegético	awtɔdjɛʒɛtiku	awtɔdiɨʒɛtiku	awtɔdj[ɛ]ʒɛtiku	awtɔdi[ɨ]ʒɛtiku	0
autoproteção	awtɔprutɛsɐ̃w̃	awtɔprutɨsɐ̃w̃	awtɔprut[ɛ]sɐ̃w̃	awtɔprut[ɨ]sɐ̃w̃	0
avelhado	ɐvɛʎadu	ɐvɨʎadu	ɐv[ɛ]ʎadu	ɐv[ɨ]ʎadu	0
avelhar	ɐvɛʎar	ɐvɨʎar	ɐv[ɛ]ʎar	ɐv[ɨ]ʎar	0
ave-maria	avɛmɐriɐ	avɨmɐriɐ	av[ɛ]mɐriɐ	av[ɨ]mɐriɐ	0
avexar	ɐvɛʃar	ɐvɨʃar	ɐv[ɛ]ʃar	ɐv[ɨ]ʃar	0
aviesar	ɐvjɛzar	ɐviɨzar	ɐvj[ɛ]zar	ɐvi[ɨ]zar	0
azuelar	ɐzwɛlar	ɐzuɨlar	ɐzw[ɛ]lar	ɐzu[ɨ]lar	0
azul-bebé	ɐzuɫbɛbɛ	ɐzuɫbɨbɛ	ɐzuɫb[ɛ]bɛ	ɐzuɫb[ɨ]bɛ	0
balecar	bɐlɛkar	bɐlɨkar	bɐl[ɛ]kar	bɐl[ɨ]kar	0
barbechar	bɐrbɨʃar	bɐrbɛʃar	bɐrb[ɨ]ʃar	bɐrb[ɛ]ʃar	0
bebé	bɛbɛ	bɨbɛ	b[ɛ]bɛ	b[ɨ]bɛ	0
bebé-proveta	bɛbɛpruvetɐ	bɨbɛpruvetɐ	b[ɛ]bɛpruvetɐ	b[ɨ]bɛpruvetɐ	0
beerite	biɛritɨ	biɨritɨ	bi[ɛ]ritɨ	bi[ɨ]ritɨ	0
beetria	biɛtriɐ	biɨtriɐ	bi[ɛ]triɐ	bi[ɨ]triɐ	0
beldar	bɛɫdar	bɨɫdar	b[ɛ]ɫdar	b[ɨ]ɫdar	0
beltrão	bɛɫtrɐ̃w̃	bɨɫtrɐ̃w̃	b[ɛ]ɫtrɐ̃w̃	b[ɨ]ɫtrɐ̃w̃	0
belver	bɛɫver	bɨɫver	b[ɛ]ɫver	b[ɨ]ɫver	0
biebdomadário	biɛbdɔmɐdarju	biɨbdumɐdarju	bi[ɛ]bd[ɔ]mɐdarju	bi[ɨ]bd[u]mɐdarju	0
bielorrusso	bjɛlɔʀusu	biɨluʀusu	bj[ɛ]l[ɔ]ʀusu	bi[ɨ]l[u]ʀusu	0
bienal	bjɛnaɫ	biɨnaɫ	bj[ɛ]naɫ	bi[ɨ]naɫ	0
bijeção	biʒɛsɐ̃w̃	biʒɨsɐ̃w̃	biʒ[ɛ]sɐ̃w̃	biʒ[ɨ]sɐ̃w̃	0
bijetivo	biʒɛtivu	biʒɨtivu	biʒ[ɛ]tivu	biʒ[ɨ]tivu	0
biparietal	bipɐrjɛtaɫ	bipɐriɨtaɫ	bipɐrj[ɛ]taɫ	bipɐri[ɨ]taɫ	0
bipeltado	bipɛɫtadu	bipɨɫtadu	bip[ɛ]ɫtadu	bip[ɨ]ɫtadu	0
bisseção	bisɛsɐ̃w̃	bisɨsɐ̃w̃	bis[ɛ]sɐ̃w̃	bis[ɨ]sɐ̃w̃	0
bissegmentação	bisɛɡmẽtɐsɐ̃w̃	bisɨɡmẽntɐsɐ̃w̃	bis[ɛ]ɡmẽtɐ[s]ɐ̃[w]̃[]	bis[ɨ]ɡmẽn[t]ɐs[ɐ]̃w[̃]	0
bissegmentado	bisɛɡmẽtadu	bisɨɡmẽntadu	bis[ɛ]ɡmẽtadu[]	bis[ɨ]ɡmẽntad[u]	0
bissegmentar	bisɛɡmẽtar	bisɨɡmẽntar	bis[ɛ]ɡmẽtar[]	bis[ɨ]ɡmẽnta[r]	0
bissetar	bisɛtar	bisɨtar	bis[ɛ]tar	bis[ɨ]tar	0
bissetor	bisɛtor	bisɨtor	bis[ɛ]tor	bis[ɨ]tor	0
bissetriz	bisɛtriʃ	bisɨtriʃ	bis[ɛ]triʃ	bis[ɨ]triʃ	0
bissexuado	bisɛkswadu	bisɨksuadu	bis[ɛ]ks[w]adu	bis[ɨ]ks[u]adu	0
bissexual	bisɛkswaɫ	bisɨksuaɫ	bis[ɛ]ks[w]aɫ	bis[ɨ]ks[u]aɫ	0
bissexualidade	bisɛkswɐlidadɨ	bisɨksuɐlidadɨ	bis[ɛ]ks[w]ɐlidadɨ	bis[ɨ]ks[u]ɐlidadɨ	0
blefar	blɛfar	blɨfar	bl[ɛ]far	bl[ɨ]far	0
bochechada	buʃɨʃadɐ	buʃɛʃadɐ	buʃ[ɨ]ʃadɐ	buʃ[ɛ]ʃadɐ	0
bochechão	buʃɨʃɐ̃w̃	buʃɛʃɐ̃w̃	buʃ[ɨ]ʃɐ̃w̃	buʃ[ɛ]ʃɐ̃w̃	0
bochechar	buʃɨʃar	buʃɛʃar	buʃ[ɨ]ʃar	buʃ[ɛ]ʃar	0
bochechudo	buʃɨʃudu	buʃɛʃudu	buʃ[ɨ]ʃudu	buʃ[ɛ]ʃudu	0
bonecragem	bunɨkraʒɐ̃j̃	bunɛkraʒɐjn	bun[ɨ]kraʒɐ[̃]j[̃]	bun[ɛ]kraʒɐ[]j[n]	0
bonecreiro	bunɨkrɐjru	bunɛkrɐjru	bun[ɨ]krɐjru	bun[ɛ]krɐjru	0
bradilexia	brɐdilɛksiɐ	brɐdilɨksiɐ	brɐdil[ɛ]ksiɐ	brɐdil[ɨ]ksiɐ	0
bradipepsia	brɐdipɛpsiɐ	brɐdipɨpsiɐ	brɐdip[ɛ]psiɐ	brɐdip[ɨ]psiɐ	0
brecar	brɛkar	brɨkar	br[ɛ]kar	br[ɨ]kar	0
brejal	brɛʒaɫ	brɨʒaɫ	br[ɛ]ʒaɫ	br[ɨ]ʒaɫ	0
buenairense	bwɛnajrẽsɨ	buɨnajrẽnsɨ	bw[ɛ]najrẽsɨ[]	bu[ɨ]najrẽns[ɨ]	0
buereré	bwɛrɛrɛ	buɨrɨrɛ	bw[ɛ]r[ɛ]rɛ	bu[ɨ]r[ɨ]rɛ	0
buldôzer	buɫdozɛr	buɫdozɨr	buɫdoz[ɛ]r	buɫdoz[ɨ]r	0
buldózer	buɫdɔzɛr	buɫdɔzɨr	buɫdɔz[ɛ]r	buɫdɔz[ɨ]r	0
cadáver	kɐdavɛr	kɐdavɨr	kɐdav[ɛ]r	kɐdav[ɨ]r	0
cafajestada	kɐfɐʒɛʃtadɐ	kɐfɐʒɨʃtadɐ	kɐfɐʒ[ɛ]ʃtadɐ	kɐfɐʒ[ɨ]ʃtadɐ	0
cafezeiro	kɐfɛzɐjru	kɐfɨzɐjru	kɐf[ɛ]zɐjru	kɐf[ɨ]zɐjru	0
cafezinho	kɐfɛziɲu	kɐfɨziɲu	kɐf[ɛ]ziɲu	kɐf[ɨ]ziɲu	0
caleceiro	kɐlɛsɐjru	kɐlɨsɐjru	kɐl[ɛ]sɐjru	kɐl[ɨ]sɐjru	0
canecada	kɐnɛkadɐ	kɐnɨkadɐ	kɐn[ɛ]kadɐ	kɐn[ɨ]kadɐ	0
caquexia	kɐkɛksiɐ	kɐkɨksiɐ	kɐk[ɛ]ksiɐ	kɐk[ɨ]ksiɐ	0
caráter	kɐratɛr	kɐratɨr	kɐrat[ɛ]r	kɐrat[ɨ]r	0
carecada	kɐrɛkadɐ	kɐrɨkadɐ	kɐr[ɛ]kadɐ	kɐr[ɨ]kadɐ	0
cárter	kartɛr	kartɨr	kart[ɛ]r	kart[ɨ]r	0
cáspite	kaʃpitɛ	kaʃpitɨ	kaʃpit[ɛ]	kaʃpit[ɨ]	0
catalepsia	kɐtɐlɛpsiɐ	kɐtɐlɨpsiɐ	kɐtɐl[ɛ]psiɐ	kɐtɐl[ɨ]psiɐ	0
cataplexia	kɐtɐplɛksiɐ	kɐtɐplɨksiɐ	kɐtɐpl[ɛ]ksiɐ	kɐtɐpl[ɨ]ksiɐ	0
catechueira	kɐtɨʃwɐjrɐ	kɐtɛʃuɐjrɐ	kɐt[ɨ]ʃ[w]ɐjrɐ	kɐt[ɛ]ʃ[u]ɐjrɐ	0
catechueiro	kɐtɨʃwɐjru	kɐtɛʃuɐjru	kɐt[ɨ]ʃ[w]ɐjru	kɐt[ɛ]ʃ[u]ɐjru	0
catrefada	kɐtrɛfadɐ	kɐtrɨfadɐ	kɐtr[ɛ]fadɐ	kɐtr[ɨ]fadɐ	0
cecé	sɛsɛ	sɨsɛ	s[ɛ]sɛ	s[ɨ]sɛ	0
cedi	sɛdi	sɨdi	s[ɛ]di	s[ɨ]di	0
cervum	sɛrvũ	sɨrvũm	s[ɛ]rvũ[]	s[ɨ]rvũ[m]	0
chárter	ʃartɛr	ʃartɨr	ʃart[ɛ]r	ʃart[ɨ]r	0
checar	ʃɛkar	ʃɨkar	ʃ[ɛ]kar	ʃ[ɨ]kar	0
chissue	ʃiswɛ	ʃisuɨ	ʃisw[ɛ]	ʃisu[ɨ]	0
chócues	ʃɔkwɛʃ	ʃɔkuɨʃ	ʃɔkw[ɛ]ʃ	ʃɔku[ɨ]ʃ	0
ciberataque	sibɛrɐtakɨ	sibɨrɐtakɨ	sib[ɛ]rɐtakɨ	sib[ɨ]rɐtakɨ	0
cibercafé	sibɛrkɐfɛ	sibɨrkɐfɛ	sib[ɛ]rkɐfɛ	sib[ɨ]rkɐfɛ	0
cibercondria	sibɛrkõdriɐ	sibɨrkõndriɐ	sib[ɛ]rkõdriɐ[]	sib[ɨ]rkõndri[ɐ]	0
cibercrime	sibɛrkrimɨ	sibɨrkrimɨ	sib[ɛ]rkrimɨ	sib[ɨ]rkrimɨ	0
cibercriminalidade	sibɛrkriminɐlidadɨ	sibɨrkriminɐlidadɨ	sib[ɛ]rkriminɐlidadɨ	sib[ɨ]rkriminɐlidadɨ	0
cibercultura	sibɛrkuɫturɐ	sibɨrkuɫturɐ	sib[ɛ]rkuɫturɐ	sib[ɨ]rkuɫturɐ	0
ciberespaço	sibɛriʃpasu	sibɨrɨʃpasu	sib[ɛ]r[i]ʃpasu	sib[ɨ]r[ɨ]ʃpasu	0
ciberliteratura	sibɛrlitɨrɐturɐ	sibɨrlitɨrɐturɐ	sib[ɛ]rlitɨrɐturɐ	sib[ɨ]rlitɨrɐturɐ	0
cibernauta	sibɛrnawtɐ	sibɨrnawtɐ	sib[ɛ]rnawtɐ	sib[ɨ]rnawtɐ	0
cibersexo	sibɛrsɛksu	sibɨrsɛksu	sib[ɛ]rsɛksu	sib[ɨ]rsɛksu	0
ciberterrorismo	sibɛrtɨʀuriʒmu	sibɨrteʀuriʒmu	sib[ɛ]rt[ɨ]ʀuriʒmu	sib[ɨ]rt[e]ʀuriʒmu	0
cinefilia	sinɛfiliɐ	sinɨfiliɐ	sin[ɛ]filiɐ	sin[ɨ]filiɐ	0
cinesalgia	sinɛzaɫʒiɐ	sinɨzaɫʒiɐ	sin[ɛ]zaɫʒiɐ	sin[ɨ]zaɫʒiɐ	0
cinesialgia	sinɛzjaɫʒiɐ	sinɨziaɫʒiɐ	sin[ɛ]z[j]aɫʒiɐ	sin[ɨ]z[i]aɫʒiɐ	0
cine	sinɛ	sinɨ	sin[ɛ]	sin[ɨ]	0
cinesioterapia	sinɛzjɔtɨrɐpiɐ	sinɨziuterɐpiɐ	sin[ɛ]zj[ɔ]t[ɨ]rɐpiɐ	sin[ɨ]zi[u]t[e]rɐpiɐ	0
cinesiterapia	sinɛzitɨrɐpiɐ	sinɨzitɨrɐpiɐ	sin[ɛ]zitɨrɐpiɐ	sin[ɨ]zitɨrɐpiɐ	0
cineteatro	sinɛtjatru	sinɨtiatru	sin[ɛ]t[j]atru	sin[ɨ]t[i]atru	0
cinetofone	sinɛtɔfɔnɨ	sinɨtufonɨ	sin[ɛ]t[ɔ]f[ɔ]nɨ	sin[ɨ]t[u]f[o]nɨ	0
cinetoscópio	sinɛtɔʃkɔpju	sinɨtuʃkɔpju	sin[ɛ]t[ɔ]ʃkɔpju	sin[ɨ]t[u]ʃkɔpju	0
co-credor	kokrɛdor	kokrɨdor	kokr[ɛ]dor	kokr[ɨ]dor	0
co-direção	kodirɛsɐ̃w̃	kodirɨsɐ̃w̃	kodir[ɛ]sɐ̃w̃	kodir[ɨ]sɐ̃w̃	0
co-diretor	kodirɛtor	kodirɨtor	kodir[ɛ]tor	kodir[ɨ]tor	0
coeficiência	kwɛfisjẽnsjɐ	kuɨfisjẽnsjɐ	kw[ɛ]fisjẽ[]nsjɐ	ku[ɨ]fisje[̃]nsjɐ	0
coeficiente	kwɛfisjẽtɨ	kuɨfisiẽntɨ	kw[ɛ]fisjẽtɨ[]	ku[ɨ]fisiẽnt[ɨ]	0
coleção	kulɛsɐ̃w̃	kulɨsɐ̃w̃	kul[ɛ]sɐ̃w̃	kul[ɨ]sɐ̃w̃	0
colecionação	kulɛsjunɐsɐ̃w̃	kulɨsjunɐsɐ̃w̃	kul[ɛ]sjunɐsɐ̃w̃	kul[ɨ]sjunɐsɐ̃w̃	0
colecionador	kulɛsjunɐdor	kulɨsjunɐdor	kul[ɛ]sjunɐdor	kul[ɨ]sjunɐdor	0
colecionar	kulɛsjunar	kulɨsjunar	kul[ɛ]sjunar	kul[ɨ]sjunar	0
colecionável	kulɛsjunavɛɫ	kulɨsjunavɛɫ	kul[ɛ]sjunavɛɫ	kul[ɨ]sjunavɛɫ	0
colecionismo	kulɛsjuniʒmu	kulɨsjuniʒmu	kul[ɛ]sjuniʒmu	kul[ɨ]sjuniʒmu	0
colecionista	kulɛsjuniʃtɐ	kulɨsjuniʃtɐ	kul[ɛ]sjuniʃtɐ	kul[ɨ]sjuniʃtɐ	0
colecionístico	kulɛsjuniʃtiku	kulɨsjuniʃtiku	kul[ɛ]sjuniʃtiku	kul[ɨ]sjuniʃtiku	0
coledoquite	kulɛdukitɨ	kulɨdukitɨ	kul[ɛ]dukitɨ	kul[ɨ]dukitɨ	0
coleguismo	kulɛɡiʒmu	kulɨɡiʒmu	kul[ɛ]ɡiʒmu	kul[ɨ]ɡiʒmu	0
colelitomia	kulɛlitumiɐ	kulɨlitumiɐ	kul[ɛ]litumiɐ	kul[ɨ]litumiɐ	0
coletado	kulɛtadu	kulɨtadu	kul[ɛ]tadu	kul[ɨ]tadu	0
coletânea	kulɛtɐnjɐ	kulɨtɐ̃niɐ	kul[ɛ]tɐ[]n[j]ɐ	kul[ɨ]tɐ[̃]n[i]ɐ	0
coletâneo	kulɛtɐnju	kulɨtɐ̃niw	kul[ɛ]tɐ[]nj[u]	kul[ɨ]tɐ[̃]ni[w]	0
coletário	kulɛtarju	kulɨtarju	kul[ɛ]tarju	kul[ɨ]tarju	0
coletar	kulɛtar	kulɨtar	kul[ɛ]tar	kul[ɨ]tar	0
coletável	kulɛtavɛɫ	kulɨtavɛɫ	kul[ɛ]tavɛɫ	kul[ɨ]tavɛɫ	0
coletício	kulɛtisju	kulɨtisju	kul[ɛ]tisju	kul[ɨ]tisju	0
coletivamente	kulɛtivɐmẽtɨ	kulɨtivɐmẽntɨ	kul[ɛ]tivɐmẽtɨ[]	kul[ɨ]tivɐmẽnt[ɨ]	0
coletividade	kulɛtividadɨ	kulɨtividadɨ	kul[ɛ]tividadɨ	kul[ɨ]tividadɨ	0
coletivismo	kulɛtiviʒmu	kulɨtiviʒmu	kul[ɛ]tiviʒmu	kul[ɨ]tiviʒmu	0
coletivista	kulɛtiviʃtɐ	kulɨtiviʃtɐ	kul[ɛ]tiviʃtɐ	kul[ɨ]tiviʃtɐ	0
coletivístico	kulɛtiviʃtiku	kulɨtiviʃtiku	kul[ɛ]tiviʃtiku	kul[ɨ]tiviʃtiku	0
coletivização	kulɛtivizɐsɐ̃w̃	kulɨtivizɐsɐ̃w̃	kul[ɛ]tivizɐsɐ̃w̃	kul[ɨ]tivizɐsɐ̃w̃	0
coletivizar	kulɛtivizar	kulɨtivizar	kul[ɛ]tivizar	kul[ɨ]tivizar	0
coletivo	kulɛtivu	kulɨtivu	kul[ɛ]tivu	kul[ɨ]tivu	0
coletoria	kulɛturiɐ	kulɨturiɐ	kul[ɛ]turiɐ	kul[ɨ]turiɐ	0
coletor	kulɛtor	kulɨtor	kul[ɛ]tor	kul[ɨ]tor	0
conetividade	kunɛtividadɨ	kunɨtividadɨ	kun[ɛ]tividadɨ	kun[ɨ]tividadɨ	0
conetivo	kunɛtivu	kunɨtivu	kun[ɛ]tivu	kun[ɨ]tivu	0
conetor	kunɛtor	kunɨtor	kun[ɛ]tor	kun[ɨ]tor	0
conexão	kunɛksɐ̃w̃	kunɨksɐ̃w̃	kun[ɛ]ksɐ̃w̃	kun[ɨ]ksɐ̃w̃	0
conexidade	kunɛksidadɨ	kunɨksidadɨ	kun[ɛ]ksidadɨ	kun[ɨ]ksidadɨ	0
conexivo	kunɛksivu	kunɨksivu	kun[ɛ]ksivu	kun[ɨ]ksivu	0
co-propriedade	kopruprjɛdadɨ	koprupriɨdadɨ	kopruprj[ɛ]dadɨ	koprupri[ɨ]dadɨ	0
co-proprietário	kopruprjɛtarju	koprupriɨtarju	kopruprj[ɛ]tarju	koprupri[ɨ]tarju	0
correção	kuʀɛsɐ̃w̃	kuʀɨsɐ̃w̃	kuʀ[ɛ]sɐ̃w̃	kuʀ[ɨ]sɐ̃w̃	0
correcional	kuʀɛsjunaɫ	kuʀɨsjunaɫ	kuʀ[ɛ]sjunaɫ	kuʀ[ɨ]sjunaɫ	0
correcionalmente	kuʀɛsjunaɫmẽtɨ	kuʀɨsjunaɫmẽntɨ	kuʀ[ɛ]sjunaɫmẽtɨ[]	kuʀ[ɨ]sjunaɫmẽnt[ɨ]	0
correpção	kuʀɛpsɐ̃w̃	kuʀɨpsɐ̃w̃	kuʀ[ɛ]psɐ̃w̃	kuʀ[ɨ]psɐ̃w̃	0
correspetivo	kuʀɨʃpɛtivu	kuʀɨʃpɨtivu	kuʀɨʃp[ɛ]tivu	kuʀɨʃp[ɨ]tivu	0
corretivo	kuʀɛtivu	kuʀɨtivu	kuʀ[ɛ]tivu	kuʀ[ɨ]tivu	0
corretoria	kuʀɛturiɐ	kuʀɨturiɐ	kuʀ[ɛ]turiɐ	kuʀ[ɨ]turiɐ	0
corretório	kuʀɛtɔrju	kuʀɨtɔrju	kuʀ[ɛ]tɔrju	kuʀ[ɨ]tɔrju	0
corretriz	kuʀɛtriʃ	kuʀɨtriʃ	kuʀ[ɛ]triʃ	kuʀ[ɨ]triʃ	0
credi	krɛdi	krɨdi	kr[ɛ]di	kr[ɨ]di	0
credor	krɛdor	krɨdor	kr[ɛ]dor	kr[ɨ]dor	0
crueldade	kruɛɫdadɨ	kruɨɫdadɨ	kru[ɛ]ɫdadɨ	kru[ɨ]ɫdadɨ	0
cupressifoliado	kuprɛsifuljadu	kuprɨsifuliadu	kupr[ɛ]siful[j]adu	kupr[ɨ]siful[i]adu	0
cupressiforme	kuprɛsifɔrmɨ	kuprɨsifɔrmɨ	kupr[ɛ]sifɔrmɨ	kupr[ɨ]sifɔrmɨ	0
cussefar	kusɛfar	kusɨfar	kus[ɛ]far	kus[ɨ]far	0
cúter	kutɛr	kutɨr	kut[ɛ]r	kut[ɨ]r	0
decacampeão	dɛkɐkɐ̃pjɐ̃w̃	dɨkɐkɐ̃mpiɐ̃w̃	d[ɛ]kɐkɐ̃[]p[j]ɐ̃w̃	d[ɨ]kɐkɐ̃[m]p[i]ɐ̃w̃	0
decacampeonato	dɛkɐkɐ̃pjunatu	dɨkɐkɐ̃mpiunatu	d[ɛ]kɐkɐ̃[]p[j]unatu	d[ɨ]kɐkɐ̃[m]p[i]unatu	0
decacordo	dɛkɐkɔrdu	dɨkɐkordu	d[ɛ]kɐk[ɔ]rdu	d[ɨ]kɐk[o]rdu	0
decadáctilo	dɛkɐdaktilu	dɨkɐdatilu	d[ɛ]kɐda[k]tilu	d[ɨ]kɐda[]tilu	0
decadátilo	dɛkɐdatilu	dɨkɐdatilu	d[ɛ]kɐdatilu	d[ɨ]kɐdatilu	0
decadismo	dɛkɐdiʒmu	dɨkɐdiʒmu	d[ɛ]kɐdiʒmu	d[ɨ]kɐdiʒmu	0
decadista	dɛkɐdiʃtɐ	dɨkɐdiʃtɐ	d[ɛ]kɐdiʃtɐ	d[ɨ]kɐdiʃtɐ	0
decadístico	dɛkɐdiʃtiku	dɨkɐdiʃtiku	d[ɛ]kɐdiʃtiku	d[ɨ]kɐdiʃtiku	0
decaédrico	dɛkɐɛdriku	dɨkɐɛdriku	d[ɛ]kɐɛdriku	d[ɨ]kɐɛdriku	0
decaedro	dɛkɐɛdru	dɨkɐɛdru	d[ɛ]kɐɛdru	d[ɨ]kɐɛdru	0
decagonal	dɛkɐɡunaɫ	dɨkɐɡunaɫ	d[ɛ]kɐɡunaɫ	d[ɨ]kɐɡunaɫ	0
decagrama	dɛkɐɡrɐmɐ	dɨkɐɡrɐ̃mɐ	d[ɛ]kɐɡrɐ[]mɐ	d[ɨ]kɐɡrɐ[̃]mɐ	0
decalátero	dɛkɐlatɨru	dɨkɐlatɨru	d[ɛ]kɐlatɨru	d[ɨ]kɐlatɨru	0
decalitro	dɛkɐlitru	dɨkɐlitru	d[ɛ]kɐlitru	d[ɨ]kɐlitru	0
decapétalo	dɛkɐpɛtɐlu	dɨkɐpɛtɐlu	d[ɛ]kɐpɛtɐlu	d[ɨ]kɐpɛtɐlu	0
decassilábico	dɛkɐsilabiku	dɨkɐsilabiku	d[ɛ]kɐsilabiku	d[ɨ]kɐsilabiku	0
decassílabo	dɛkɐsilɐbu	dɨkɐsilɐbu	d[ɛ]kɐsilɐbu	d[ɨ]kɐsilɐbu	0
decastere	dɛkɐʃtɛrɨ	dɨkɐʃterɨ	d[ɛ]kɐʃt[ɛ]rɨ	d[ɨ]kɐʃt[e]rɨ	0
decastéreo	dɛkɐʃtɛrju	dɨkɐʃtɛriw	d[ɛ]kɐʃtɛrj[u]	d[ɨ]kɐʃtɛri[w]	0
decastilo	dɛkɐʃtilu	dɨkɐʃtilu	d[ɛ]kɐʃtilu	d[ɨ]kɐʃtilu	0
deceção	dɨsɛsɐ̃w̃	dɨsɨsɐ̃w̃	dɨs[ɛ]sɐ̃w̃	dɨs[ɨ]sɐ̃w̃	0
dececionado	dɨsɛsjunadu	dɨsɨsjunadu	dɨs[ɛ]sjunadu	dɨs[ɨ]sjunadu	0
dececionante	dɨsɛsjunɐ̃tɨ	dɨsɨsjunɐ̃ntɨ	dɨs[ɛ]sjunɐ̃[]tɨ	dɨs[ɨ]sjunɐ̃[n]tɨ	0
dececionar	dɨsɛsjunar	dɨsɨsjunar	dɨs[ɛ]sjunar	dɨs[ɨ]sjunar	0
dececionável	dɨsɛsjunavɛɫ	dɨsɨsjunavɛɫ	dɨs[ɛ]sjunavɛɫ	dɨs[ɨ]sjunavɛɫ	0
decepção	dɨsɛpsɐ̃w̃	dɨsɨpsɐ̃w̃	dɨs[ɛ]psɐ̃w̃	dɨs[ɨ]psɐ̃w̃	0
decepcionado	dɨsɛpsjunadu	dɨsɨpsjunadu	dɨs[ɛ]psjunadu	dɨs[ɨ]psjunadu	0
decepcionante	dɨsɛpsjunɐ̃tɨ	dɨsɨpsjunɐ̃ntɨ	dɨs[ɛ]psjunɐ̃[]tɨ	dɨs[ɨ]psjunɐ̃[n]tɨ	0
decepcionar	dɨsɛpsjunar	dɨsɨpsjunar	dɨs[ɛ]psjunar	dɨs[ɨ]psjunar	0
decepcionável	dɨsɛpsjunavɛɫ	dɨsɨpsjunavɛɫ	dɨs[ɛ]psjunavɛɫ	dɨs[ɨ]psjunavɛɫ	0
deceptivo	dɨsɛptivu	dɨsɨptivu	dɨs[ɛ]ptivu	dɨs[ɨ]ptivu	0
decetivo	dɨsɛtivu	dɨsɨtivu	dɨs[ɛ]tivu	dɨs[ɨ]tivu	0
decibel	dɛsibɛɫ	dɨsibɛɫ	d[ɛ]sibɛɫ	d[ɨ]sibɛɫ	0
decimal	dɛsimaɫ	dɨsimaɫ	d[ɛ]simaɫ	d[ɨ]simaɫ	0
decimalidade	dɛsimɐlidadɨ	dɨsimɐlidadɨ	d[ɛ]simɐlidadɨ	d[ɨ]simɐlidadɨ	0
decimalização	dɛsimɐlizɐsɐ̃w̃	dɨsimɐlizɐsɐ̃w̃	d[ɛ]simɐlizɐsɐ̃w̃	d[ɨ]simɐlizɐsɐ̃w̃	0
decimalizar	dɛsimɐlizar	dɨsimɐlizar	d[ɛ]simɐlizar	d[ɨ]simɐlizar	0
decimar	dɛsimar	dɨsimar	d[ɛ]simar	d[ɨ]simar	0
decimável	dɛsimavɛɫ	dɨsimavɛɫ	d[ɛ]simavɛɫ	d[ɨ]simavɛɫ	0
decissecular	dɛsisɨkular	dɨsisekular	d[ɛ]sis[ɨ]kular	d[ɨ]sis[e]kular	0
decuplar	dɛkuplar	dɨkuplar	d[ɛ]kuplar	d[ɨ]kuplar	0
decuplicado	dɛkuplikadu	dɨkuplikadu	d[ɛ]kuplikadu	d[ɨ]kuplikadu	0
decuplicar	dɛkuplikar	dɨkuplikar	d[ɛ]kuplikar	d[ɨ]kuplikar	0
defeção	dɨfɛsɐ̃w̃	dɨfɨsɐ̃w̃	dɨf[ɛ]sɐ̃w̃	dɨf[ɨ]sɐ̃w̃	0
defetibilidade	dɨfɛtibilidadɨ	dɨfɨtibilidadɨ	dɨf[ɛ]tibilidadɨ	dɨf[ɨ]tibilidadɨ	0
defetível	dɨfɛtivɛɫ	dɨfɨtivɛɫ	dɨf[ɛ]tivɛɫ	dɨf[ɨ]tivɛɫ	0
defetividade	dɨfɛtividadɨ	dɨfɨtividadɨ	dɨf[ɛ]tividadɨ	dɨf[ɨ]tividadɨ	0
defetivo	dɨfɛtivu	dɨfɨtivu	dɨf[ɛ]tivu	dɨf[ɨ]tivu	0
deflegmação	dɨflɛɡmɐsɐ̃w̃	dɨflɨɡmɐsɐ̃w̃	dɨfl[ɛ]ɡmɐsɐ̃w̃	dɨfl[ɨ]ɡmɐsɐ̃w̃	0
deflegmador	dɨflɛɡmɐdor	dɨflɨɡmɐdor	dɨfl[ɛ]ɡmɐdor	dɨfl[ɨ]ɡmɐdor	0
deflegmar	dɨflɛɡmar	dɨflɨɡmar	dɨfl[ɛ]ɡmar	dɨfl[ɨ]ɡmar	0
defletir	dɨflɛtir	dɨflɨtir	dɨfl[ɛ]tir	dɨfl[ɨ]tir	0
defletível	dɨflɛtivɛɫ	dɨflɨtivɛɫ	dɨfl[ɛ]tivɛɫ	dɨfl[ɨ]tivɛɫ	0
defletor	dɨflɛtor	dɨflɨtor	dɨfl[ɛ]tor	dɨfl[ɨ]tor	0
deflexão	dɨflɛksɐ̃w̃	dɨflɨksɐ̃w̃	dɨfl[ɛ]ksɐ̃w̃	dɨfl[ɨ]ksɐ̃w̃	0
dejeção	dɨʒɛsɐ̃w̃	dɨʒɨsɐ̃w̃	dɨʒ[ɛ]sɐ̃w̃	dɨʒ[ɨ]sɐ̃w̃	0
dejetar	dɨʒɛtar	dɨʒɨtar	dɨʒ[ɛ]tar	dɨʒ[ɨ]tar	0
dejetório	dɨʒɛtɔrju	dɨʒɨtɔrju	dɨʒ[ɛ]tɔrju	dɨʒ[ɨ]tɔrju	0
deleção	dɨlɛsɐ̃w̃	dɨlɨsɐ̃w̃	dɨl[ɛ]sɐ̃w̃	dɨl[ɨ]sɐ̃w̃	0
delfim	dɛɫfĩ	dɨɫfĩn	d[ɛ]ɫfĩ[]	d[ɨ]ɫfĩ[n]	0
delfinado	dɛɫfinadu	dɨɫfinadu	d[ɛ]ɫfinadu	d[ɨ]ɫfinadu	0
delfinário	dɛɫfinarju	dɨɫfinarju	d[ɛ]ɫfinarju	d[ɨ]ɫfinarju	0
delfinês	dɛɫfineʃ	dɨɫfineʃ	d[ɛ]ɫfineʃ	d[ɨ]ɫfineʃ	0
delfínidas	dɛɫfinidɐʃ	dɨɫfinidɐʃ	d[ɛ]ɫfinidɐʃ	d[ɨ]ɫfinidɐʃ	0
delfinídeos	dɛɫfinidjuʃ	dɨɫfinidiwʃ	d[ɛ]ɫfinidj[u]ʃ	d[ɨ]ɫfinidi[w]ʃ	0
delfinina	dɛɫfinina	dɨɫfininɐ	d[ɛ]ɫfinin[a]	d[ɨ]ɫfinin[ɐ]	0
delfínio	dɛɫfinju	dɨɫfinju	d[ɛ]ɫfinju	d[ɨ]ɫfinju	0
delgadeza	dɛɫɡɐdezɐ	dɨɫɡɐdezɐ	d[ɛ]ɫɡɐdezɐ	d[ɨ]ɫɡɐdezɐ	0
delgado	dɛɫɡadu	dɨɫɡadu	d[ɛ]ɫɡadu	d[ɨ]ɫɡadu	0
deltacismo	dɛɫtɐsiʒmu	dɨɫtɐsiʒmu	d[ɛ]ɫtɐsiʒmu	d[ɨ]ɫtɐsiʒmu	0
deltaico	dɛɫtajku	dɨɫtajku	d[ɛ]ɫtajku	d[ɨ]ɫtajku	0
deltoedro	dɛɫtuɛdru	dɨɫtuɛdru	d[ɛ]ɫtuɛdru	d[ɨ]ɫtuɛdru	0
deltoidal	dɛɫtɔjdaɫ	dɨɫtojdaɫ	d[ɛ]ɫt[ɔ]jdaɫ	d[ɨ]ɫt[o]jdaɫ	0
deltoide	dɛɫtɔjdɨ	dɨɫtɔjdɨ	d[ɛ]ɫtɔjdɨ	d[ɨ]ɫtɔjdɨ	0
deltóide	dɛɫtɔjdɨ	dɨɫtɔjdɨ	d[ɛ]ɫtɔjdɨ	d[ɨ]ɫtɔjdɨ	0
deltóideo	dɛɫtɔjdju	dɨɫtɔjdiw	d[ɛ]ɫtɔjdj[u]	d[ɨ]ɫtɔjdi[w]	0
deltoidite	dɛɫtɔjditɨ	dɨɫtojditɨ	d[ɛ]ɫt[ɔ]jditɨ	d[ɨ]ɫt[o]jditɨ	0
deltopeitoral	dɛɫtɔpɐjturaɫ	dɨɫtupɐjturaɫ	d[ɛ]ɫt[ɔ]pɐjturaɫ	d[ɨ]ɫt[u]pɐjturaɫ	0
deltoto	dɛɫtotu	dɨɫtɔtu	d[ɛ]ɫt[o]tu	d[ɨ]ɫt[ɔ]tu	0
demoliberalismo	dɛmɔlibɨrɐliʒmu	dɨmulibɨrɐliʒmu	d[ɛ]m[ɔ]libɨrɐliʒmu	d[ɨ]m[u]libɨrɐliʒmu	0
depleção	dɨplɛsɐ̃w̃	dɨplɨsɐ̃w̃	dɨpl[ɛ]sɐ̃w̃	dɨpl[ɨ]sɐ̃w̃	0
depletivo	dɨplɛtivu	dɨplɨtivu	dɨpl[ɛ]tivu	dɨpl[ɨ]tivu	0
depressar	dɨprɛsar	dɨprɨsar	dɨpr[ɛ]sar	dɨpr[ɨ]sar	0
deradelfia	dɨrɐdɛɫfiɐ	dɨrɐdɨɫfiɐ	dɨrɐd[ɛ]ɫfiɐ	dɨrɐd[ɨ]ɫfiɐ	0
dermabrasão	dɛrmɐbrɐzɐ̃w̃	dɨrmɐbrɐzɐ̃w̃	d[ɛ]rmɐbrɐzɐ̃w̃	d[ɨ]rmɐbrɐzɐ̃w̃	0
dermápteros	dɛrmaptɨruʃ	dɨrmaptɨruʃ	d[ɛ]rmaptɨruʃ	d[ɨ]rmaptɨruʃ	0
dermatite	dɛrmɐtitɨ	dɨrmɐtitɨ	d[ɛ]rmɐtitɨ	d[ɨ]rmɐtitɨ	0
dermatofobia	dɛrmɐtɔfubiɐ	dɨrmɐtufubiɐ	d[ɛ]rmɐt[ɔ]fubiɐ	d[ɨ]rmɐt[u]fubiɐ	0
dermatoglifia	dɛrmɐtɔɡlifiɐ	dɨrmɐtuɡlifiɐ	d[ɛ]rmɐt[ɔ]ɡlifiɐ	d[ɨ]rmɐt[u]ɡlifiɐ	0
dermatóglifo	dɛrmɐtɔɡlifu	dɨrmɐtɔɡlifu	d[ɛ]rmɐtɔɡlifu	d[ɨ]rmɐtɔɡlifu	0
dermatografia	dɛrmɐtuɡrɐfiɐ	dɨrmɐtuɡrɐfiɐ	d[ɛ]rmɐtuɡrɐfiɐ	d[ɨ]rmɐtuɡrɐfiɐ	0
dermatoide	dɛrmɐtɔjdɨ	dɨrmɐtɔjdɨ	d[ɛ]rmɐtɔjdɨ	d[ɨ]rmɐtɔjdɨ	0
dermatóide	dɛrmɐtɔjdɨ	dɨrmɐtɔjdɨ	d[ɛ]rmɐtɔjdɨ	d[ɨ]rmɐtɔjdɨ	0
dermatologia	dɛrmɐtuluʒiɐ	dɨrmɐtuluʒiɐ	d[ɛ]rmɐtuluʒiɐ	d[ɨ]rmɐtuluʒiɐ	0
dermatológico	dɛrmɐtulɔʒiku	dɨrmɐtulɔʒiku	d[ɛ]rmɐtulɔʒiku	d[ɨ]rmɐtulɔʒiku	0
dermatologista	dɛrmɐtuluʒiʃtɐ	dɨrmɐtuluʒiʃtɐ	d[ɛ]rmɐtuluʒiʃtɐ	d[ɨ]rmɐtuluʒiʃtɐ	0
dermatólogo	dɛrmɐtɔluɡu	dɨrmɐtɔluɡu	d[ɛ]rmɐtɔluɡu	d[ɨ]rmɐtɔluɡu	0
dermatopatia	dɛrmɐtɔpɐtiɐ	dɨrmɐtupɐtiɐ	d[ɛ]rmɐt[ɔ]pɐtiɐ	d[ɨ]rmɐt[u]pɐtiɐ	0
dermatoplastia	dɛrmɐtɔplɐʃtiɐ	dɨrmɐtuplɐʃtiɐ	d[ɛ]rmɐt[ɔ]plɐʃtiɐ	d[ɨ]rmɐt[u]plɐʃtiɐ	0
dermatópteros	dɛrmɐtɔptɨruʃ	dɨrmɐtɔptɨruʃ	d[ɛ]rmɐtɔptɨruʃ	d[ɨ]rmɐtɔptɨruʃ	0
dermatose	dɛrmɐtɔzɨ	dɨrmɐtɔzɨ	d[ɛ]rmɐtɔzɨ	d[ɨ]rmɐtɔzɨ	0
dermatoterapia	dɛrmɐtɔtɨrɐpiɐ	dɨrmɐtutɨrɐpiɐ	d[ɛ]rmɐt[ɔ]tɨrɐpiɐ	d[ɨ]rmɐt[u]tɨrɐpiɐ	0
dermatotomia	dɛrmɐtɔtumiɐ	dɨrmɐtutumiɐ	d[ɛ]rmɐt[ɔ]tumiɐ	d[ɨ]rmɐt[u]tumiɐ	0
dermatozoário	dɛrmɐtɔzwarju	dɨrmɐtuzuarju	d[ɛ]rmɐt[ɔ]z[w]arju	d[ɨ]rmɐt[u]z[u]arju	0
dermite	dɛrmitɨ	dɨrmitɨ	d[ɛ]rmitɨ	d[ɨ]rmitɨ	0
dermográfico	dɛrmɔɡrafiku	dɨrmuɡrafiku	d[ɛ]rm[ɔ]ɡrafiku	d[ɨ]rm[u]ɡrafiku	0
dermografismo	dɛrmɔɡrɐfiʒmu	dɨrmuɡrɐfiʒmu	d[ɛ]rm[ɔ]ɡrɐfiʒmu	d[ɨ]rm[u]ɡrɐfiʒmu	0
dermoide	dɛrmɔjdɨ	dɨrmɔjdɨ	d[ɛ]rmɔjdɨ	d[ɨ]rmɔjdɨ	0
dermóide	dɛrmɔjdɨ	dɨrmɔjdɨ	d[ɛ]rmɔjdɨ	d[ɨ]rmɔjdɨ	0
dermopapilograma	dɛrmɔpɐpilɔɡrɐmɐ	dɨrmupɐpiluɡrɐ̃mɐ	d[ɛ]rm[ɔ]pɐpil[ɔ]ɡrɐ[]mɐ	d[ɨ]rm[u]pɐpil[u]ɡrɐ[̃]mɐ	0
dermopatia	dɛrmɔpɐtiɐ	dɨrmupɐtiɐ	d[ɛ]rm[ɔ]pɐtiɐ	d[ɨ]rm[u]pɐtiɐ	0
dermoprotector	dɛrmɔprutɛtor	dɨrmuprutɛtor	d[ɛ]rm[ɔ]prutɛtor	d[ɨ]rm[u]prutɛtor	0
dermoprotetor	dɛrmɔprutɛtor	dɨrmuprutɨtor	d[ɛ]rm[ɔ]prut[ɛ]tor	d[ɨ]rm[u]prut[ɨ]tor	0
dermópteros	dɛrmɔptɨruʃ	dɨrmɔptɨruʃ	d[ɛ]rmɔptɨruʃ	d[ɨ]rmɔptɨruʃ	0
dermoterapia	dɛrmɔtɨrɐpiɐ	dɨrmuterɐpiɐ	d[ɛ]rm[ɔ]t[ɨ]rɐpiɐ	d[ɨ]rm[u]t[e]rɐpiɐ	0
dervis	dɛrviʃ	dɨrviʃ	d[ɛ]rviʃ	d[ɨ]rviʃ	0
desadmoestar	dɨzɐdmwɛʃtar	dɨzɐdmuɨʃtar	dɨzɐdmw[ɛ]ʃtar	dɨzɐdmu[ɨ]ʃtar	0
desafetado	dɨzɐfɛtadu	dɨzɐfɨtadu	dɨzɐf[ɛ]tadu	dɨzɐf[ɨ]tadu	0
desafetar	dɨzɐfɛtar	dɨzɐfɨtar	dɨzɐf[ɛ]tar	dɨzɐf[ɨ]tar	0
desalienação	dɨzɐljɛnɐsɐ̃w̃	dɨzɐliɨnɐsɐ̃w̃	dɨzɐlj[ɛ]nɐsɐ̃w̃	dɨzɐli[ɨ]nɐsɐ̃w̃	0
desalienar	dɨzɐljɛnar	dɨzɐliɨnar	dɨzɐlj[ɛ]nar	dɨzɐli[ɨ]nar	0
desamoedação	dɨzɐmwɛdɐsɐ̃w̃	dɨzɐmuɨdɐsɐ̃w̃	dɨzɐmw[ɛ]dɐsɐ̃w̃	dɨzɐmu[ɨ]dɐsɐ̃w̃	0
desamoedar	dɨzɐmwɛdar	dɨzɐmuɨdar	dɨzɐmw[ɛ]dar	dɨzɐmu[ɨ]dar	0
desanexar	dɨzɐnɛksar	dɨzɐnɨksar	dɨzɐn[ɛ]ksar	dɨzɐn[ɨ]ksar	0
desapiedadamente	dɨzɐpjɛdadɐmẽtɨ	dɨzɐpiɨdɐdɐmẽntɨ	dɨzɐpj[ɛ]d[a]dɐmẽtɨ[]	dɨzɐpi[ɨ]d[ɐ]dɐmẽnt[ɨ]	0
desapiedado	dɨzɐpjɛdadu	dɨzɐpiɨdadu	dɨzɐpj[ɛ]dadu	dɨzɐpi[ɨ]dadu	0
desapiedar	dɨzɐpjɛdar	dɨzɐpiɨdar	dɨzɐpj[ɛ]dar	dɨzɐpi[ɨ]dar	0
desaquecer	dɨzɐkɛser	dɨzɐkɨser	dɨzɐk[ɛ]ser	dɨzɐk[ɨ]ser	0
desarestar	dɨzɐrɛʃtar	dɨzɐrɨʃtar	dɨzɐr[ɛ]ʃtar	dɨzɐr[ɨ]ʃtar	0
desarquitetar	dɨzɐrkitɛtar	dɨzɐrkitɨtar	dɨzɐrkit[ɛ]tar	dɨzɐrkit[ɨ]tar	0
desconexão	dɨʃkunɛksɐ̃w̃	dɨʃkunɨksɐ̃w̃	dɨʃkun[ɛ]ksɐ̃w̃	dɨʃkun[ɨ]ksɐ̃w̃	0
deselitização	dɨzɛlitizɐsɐ̃w̃	dɨzɨlitizɐsɐ̃w̃	dɨz[ɛ]litizɐsɐ̃w̃	dɨz[ɨ]litizɐsɐ̃w̃	0
deselitizado	dɨzɛlitizadu	dɨzɨlitizadu	dɨz[ɛ]litizadu	dɨz[ɨ]litizadu	0
deselitizar	dɨzɛlitizar	dɨzɨlitizar	dɨz[ɛ]litizar	dɨz[ɨ]litizar	0
deselitizável	dɨzɛlitizavɛɫ	dɨzɨlitizavɛɫ	dɨz[ɛ]litizavɛɫ	dɨz[ɨ]litizavɛɫ	0
desfechar	dɨʃfɨʃar	dɨʃfɛʃar	dɨʃf[ɨ]ʃar	dɨʃf[ɛ]ʃar	0
desgoelar	dɨʒɡwɛlar	dɨʒɡuɨlar	dɨʒɡw[ɛ]lar	dɨʒɡu[ɨ]lar	0
desmopatia	dɛʒmɔpɐtiɐ	dɨʒmupɐtiɐ	d[ɛ]ʒm[ɔ]pɐtiɐ	d[ɨ]ʒm[u]pɐtiɐ	0
desmopático	dɛʒmɔpatiku	dɨʒmupatiku	d[ɛ]ʒm[ɔ]patiku	d[ɨ]ʒm[u]patiku	0
desmossoma	dɛʒmɔsomɐ	dɨʒmusomɐ	d[ɛ]ʒm[ɔ]somɐ	d[ɨ]ʒm[u]somɐ	0
desmotropia	dɛʒmɔtrupiɐ	dɨʒmutrupiɐ	d[ɛ]ʒm[ɔ]trupiɐ	d[ɨ]ʒm[u]trupiɐ	0
desoxirribonuclease	dɛzɔksiʀibɔnukljazɨ	dɨzuksiʀibunukliazɨ	d[ɛ]z[ɔ]ksiʀib[ɔ]nukl[j]azɨ	d[ɨ]z[u]ksiʀib[u]nukl[i]azɨ	0
desoxirribonucleico	dɛzɔksiʀibɔnuklɐjku	dɨzuksiʀibunuklɐjku	d[ɛ]z[ɔ]ksiʀib[ɔ]nuklɐjku	d[ɨ]z[u]ksiʀib[u]nuklɐjku	0
desoxirribonucléico	dɛzɔksiʀibɔnuklɐjku	dɨzuksiʀibunuklɛjku	d[ɛ]z[ɔ]ksiʀib[ɔ]nukl[ɐ]jku	d[ɨ]z[u]ksiʀib[u]nukl[ɛ]jku	0
despetrechar	dɨʃpɨtrɨʃar	dɨʃpɨtrɛʃar	dɨʃpɨtr[ɨ]ʃar	dɨʃpɨtr[ɛ]ʃar	0
despiedade	dɨʃpjɛdadɨ	dɨʃpiɨdadɨ	dɨʃpj[ɛ]dadɨ	dɨʃpi[ɨ]dadɨ	0
despiedado	dɨʃpjɛdadu	dɨʃpiɨdadu	dɨʃpj[ɛ]dadu	dɨʃpi[ɨ]dadu	0
despiedar	dɨʃpjɛdar	dɨʃpiɨdar	dɨʃpj[ɛ]dar	dɨʃpi[ɨ]dar	0
despiedoso	dɨʃpjɛdozu	dɨʃpiɨdozu	dɨʃpj[ɛ]dozu	dɨʃpi[ɨ]dozu	0
desrelvar	dɨʒʀɛɫvar	dɨʒrɨɫvar	dɨʒʀ[ɛ]ɫvar	dɨʒr[ɨ]ɫvar	0
desrepublicanizar	dɨʒʀɛpublikɐnizar	dɨʒrɨpublikɐnizar	dɨʒʀ[ɛ]publikɐnizar	dɨʒr[ɨ]publikɐnizar	0
dessarte	dɛsartɨ	dɨsartɨ	d[ɛ]sartɨ	d[ɨ]sartɨ	0
dessuetude	dɨswɛtudɨ	dɨsuɨtudɨ	dɨsw[ɛ]tudɨ	dɨsu[ɨ]tudɨ	0
destarte	dɛʃtartɨ	dɨʃtartɨ	d[ɛ]ʃtartɨ	d[ɨ]ʃtartɨ	0
deteção	dɨtɛsɐ̃w̃	dɨtɨsɐ̃w̃	dɨt[ɛ]sɐ̃w̃	dɨt[ɨ]sɐ̃w̃	0
detetabilidade	dɨtɛtɐbilidadɨ	dɨtɨtɐbilidadɨ	dɨt[ɛ]tɐbilidadɨ	dɨt[ɨ]tɐbilidadɨ	0
detetar	dɨtɛtar	dɨtɨtar	dɨt[ɛ]tar	dɨt[ɨ]tar	0
detetável	dɨtɛtavɛɫ	dɨtɨtavɛɫ	dɨt[ɛ]tavɛɫ	dɨt[ɨ]tavɛɫ	0
detetive	dɨtɛtivɨ	dɨtɨtivɨ	dɨt[ɛ]tivɨ	dɨt[ɨ]tivɨ	0
detetor	dɨtɛtor	dɨtɨtor	dɨt[ɛ]tor	dɨt[ɨ]tor	0
didelfíidas	didɛɫfiidɐʃ	didɨɫfiidɐʃ	did[ɛ]ɫfiidɐʃ	did[ɨ]ɫfiidɐʃ	0
didelfiídeo	didɛɫfiidju	didɨɫfjidiw	did[ɛ]ɫf[i]idj[u]	did[ɨ]ɫf[j]idi[w]	0
didelfiídeos	didɛɫfiidjuʃ	didɨɫfjidiwʃ	did[ɛ]ɫf[i]idj[u]ʃ	did[ɨ]ɫf[j]idi[w]ʃ	0
diegese	djɛʒɛzɨ	diɨʒɛzɨ	dj[ɛ]ʒɛzɨ	di[ɨ]ʒɛzɨ	0
diegético	djɛʒɛtiku	diɨʒɛtiku	dj[ɛ]ʒɛtiku	di[ɨ]ʒɛtiku	0
díese	diɛzɨ	diɨzɨ	di[ɛ]zɨ	di[ɨ]zɨ	0
dietética	djɛtɛtikɐ	diɨtɛtikɐ	dj[ɛ]tɛtikɐ	di[ɨ]tɛtikɐ	0
dietético	djɛtɛtiku	diɨtɛtiku	dj[ɛ]tɛtiku	di[ɨ]tɛtiku	0
dietista	djɛtiʃtɐ	diɨtiʃtɐ	dj[ɛ]tiʃtɐ	di[ɨ]tiʃtɐ	0
dietoterapia	djɛtɔtɨrɐpiɐ	diɨtutɨrɐpiɐ	dj[ɛ]t[ɔ]tɨrɐpiɐ	di[ɨ]t[u]tɨrɐpiɐ	0
dileção	dilɛsɐ̃w̃	dilɨsɐ̃w̃	dil[ɛ]sɐ̃w̃	dil[ɨ]sɐ̃w̃	0
diplegia	diplɛʒiɐ	diplɨʒiɐ	dipl[ɛ]ʒiɐ	dipl[ɨ]ʒiɐ	0
direção	dirɛsɐ̃w̃	dirɨsɐ̃w̃	dir[ɛ]sɐ̃w̃	dir[ɨ]sɐ̃w̃	0
direção-geral	dirɛsɐ̃w̃ʒɨraɫ	dirɨsɐ̃w̃ʒɨraɫ	dir[ɛ]sɐ̃w̃ʒɨraɫ	dir[ɨ]sɐ̃w̃ʒɨraɫ	0
direcionabilidade	dirɛsjunɐbilidadɨ	dirɨsjunɐbilidadɨ	dir[ɛ]sjunɐbilidadɨ	dir[ɨ]sjunɐbilidadɨ	0
direcionado	dirɛsjunadu	dirɨsjunadu	dir[ɛ]sjunadu	dir[ɨ]sjunadu	0
direcional	dirɛsjunaɫ	dirɨsjunaɫ	dir[ɛ]sjunaɫ	dir[ɨ]sjunaɫ	0
direcionamento	dirɛsjunɐmẽtu	dirɨsjunɐmẽntu	dir[ɛ]sjunɐmẽtu[]	dir[ɨ]sjunɐmẽnt[u]	0
direcionar	dirɛsjunar	dirɨsjunar	dir[ɛ]sjunar	dir[ɨ]sjunar	0
direcionável	dirɛsjunavɛɫ	dirɨsjunavɛɫ	dir[ɛ]sjunavɛɫ	dir[ɨ]sjunavɛɫ	0
diretiva	dirɛtivɐ	dirɨtivɐ	dir[ɛ]tivɐ	dir[ɨ]tivɐ	0
diretivo	dirɛtivu	dirɨtivu	dir[ɛ]tivu	dir[ɨ]tivu	0
diretorado	dirɛturadu	dirɨturadu	dir[ɛ]turadu	dir[ɨ]turadu	0
diretor	dirɛtor	dirɨtor	dir[ɛ]tor	dir[ɨ]tor	0
diretor-geral	dirɛtorʒɨraɫ	dirɨtorʒɨraɫ	dir[ɛ]torʒɨraɫ	dir[ɨ]torʒɨraɫ	0
diretoria	dirɛturiɐ	dirɨturiɐ	dir[ɛ]turiɐ	dir[ɨ]turiɐ	0
diretorial	dirɛturjaɫ	dirɨturiaɫ	dir[ɛ]tur[j]aɫ	dir[ɨ]tur[i]aɫ	0
diretório	dirɛtɔrju	dirɨtɔrju	dir[ɛ]tɔrju	dir[ɨ]tɔrju	0
diretriz	dirɛtriʃ	dirɨtriʃ	dir[ɛ]triʃ	dir[ɨ]triʃ	0
disceptação	diʃsɛptɐsɐ̃w̃	diʃsɨptɐsɐ̃w̃	diʃs[ɛ]ptɐsɐ̃w̃	diʃs[ɨ]ptɐsɐ̃w̃	0
discricionariedade	diʃkrisjunɐrjɛdadɨ	diʃkrisjunɐriɨdadɨ	diʃkrisjunɐrj[ɛ]dadɨ	diʃkrisjunɐri[ɨ]dadɨ	0
dislexia	diʒlɛksiɐ	diʒlɨksiɐ	diʒl[ɛ]ksiɐ	diʒl[ɨ]ksiɐ	0
dispepsia	diʃpɛpsiɐ	diʃpɨpsiɐ	diʃp[ɛ]psiɐ	diʃp[ɨ]psiɐ	0
disseção	disɛsɐ̃w	disɨsɐ̃w̃	dis[ɛ]sɐ̃w[]	dis[ɨ]sɐ̃w[̃]	0
dissetivo	disɛtivu	disɨtivu	dis[ɛ]tivu	dis[ɨ]tivu	0
dissetor	disɛtor	disɨtor	dis[ɛ]tor	dis[ɨ]tor	0
doestador	dwɛʃtɐdor	duɨʃtɐdor	dw[ɛ]ʃtɐdor	du[ɨ]ʃtɐdor	0
doestar	dwɛʃtar	duɨʃtar	dw[ɛ]ʃtar	du[ɨ]ʃtar	0
drósera	drɔzɨrɐ	drɔzɛrɐ	drɔz[ɨ]rɐ	drɔz[ɛ]rɐ	0
dubiedade	dubjɛdadɨ	dubiɨdadɨ	dubj[ɛ]dadɨ	dubi[ɨ]dadɨ	0
duelista	dwɛliʃtɐ	duɨliʃtɐ	dw[ɛ]liʃtɐ	du[ɨ]liʃtɐ	0
duelístico	dwɛliʃtiku	duɨliʃtiku	dw[ɛ]liʃtiku	du[ɨ]liʃtiku	0
dura-máter	durɐmatɛr	durɐmatɨr	durɐmat[ɛ]r	durɐmat[ɨ]r	0
eclesiofobia	eklɛzjɔfubiɐ	eklɨziufubiɐ	ekl[ɛ]zj[ɔ]fubiɐ	ekl[ɨ]zi[u]fubiɐ	0
eclesiófobo	eklɛzjɔfubu	eklɨziɔfubu	ekl[ɛ]z[j]ɔfubu	ekl[ɨ]z[i]ɔfubu	0
ecleticismo	eklɛtisiʒmu	eklɨtisiʒmu	ekl[ɛ]tisiʒmu	ekl[ɨ]tisiʒmu	0
ecletismo	eklɛtiʒmu	eklɨtiʒmu	ekl[ɛ]tiʒmu	ekl[ɨ]tiʒmu	0
ecrã	ɛkrɐ̃	ɨkrɐ̃	[ɛ]krɐ̃	[ɨ]krɐ̃	0
ecu	ɛku	ɨku	[ɛ]ku	[ɨ]ku	0
efetivação	ifɛtivɐsɐ̃w̃	ifɨtivɐsɐ̃w̃	if[ɛ]tivɐsɐ̃w̃	if[ɨ]tivɐsɐ̃w̃	0
efetivamente	ifɛtivɐmẽtɨ	ifɨtivɐmẽntɨ	if[ɛ]tivɐmẽtɨ[]	if[ɨ]tivɐmẽnt[ɨ]	0
efetivar	ifɛtivar	ifɨtivar	if[ɛ]tivar	if[ɨ]tivar	0
efetivável	ifɛtivavɛɫ	ifɨtivavɛɫ	if[ɛ]tivavɛɫ	if[ɨ]tivavɛɫ	0
efetível	ifɛtivɛɫ	ifɨtivɛɫ	if[ɛ]tivɛɫ	if[ɨ]tivɛɫ	0
efetividade	ifɛtividadɨ	ifɨtividadɨ	if[ɛ]tividadɨ	if[ɨ]tividadɨ	0
efetivo	ifɛtivu	ifɨtivu	if[ɛ]tivu	if[ɨ]tivu	0
efetor	ifɛtor	ifɨtor	if[ɛ]tor	if[ɨ]tor	0
efetuação	ifɛtwɐsɐ̃w̃	ifɨtuɐsɐ̃w̃	if[ɛ]t[w]ɐsɐ̃w̃	if[ɨ]t[u]ɐsɐ̃w̃	0
efetuador	ifɛtwɐdor	ifɨtuɐdor	if[ɛ]t[w]ɐdor	if[ɨ]t[u]ɐdor	0
efetuar	ifɛtwar	ifɨtuar	if[ɛ]t[w]ar	if[ɨ]t[u]ar	0
efetuável	ifɛtwavɛɫ	ifɨtwavɛɫ	if[ɛ]twavɛɫ	if[ɨ]twavɛɫ	0
elômue	elomwɛ	elomuɨ	elomw[ɛ]	elomu[ɨ]	0
elómue	elɔmwɛ	elɔmuɨ	elɔmw[ɛ]	elɔmu[ɨ]	0
emeticidade	emɛtisidadɨ	emɨtisidadɨ	em[ɛ]tisidadɨ	em[ɨ]tisidadɨ	0
emetizante	emɛtizɐ̃tɨ	emɨtizɐ̃ntɨ	em[ɛ]tizɐ̃[]tɨ	em[ɨ]tizɐ̃[n]tɨ	0
emetizar	emɛtizar	emɨtizar	em[ɛ]tizar	em[ɨ]tizar	0
epexegese	epɛksɛʒɛzɨ	epɨksɨʒɛzɨ	ep[ɛ]ks[ɛ]ʒɛzɨ	ep[ɨ]ks[ɨ]ʒɛzɨ	0
epexegético	epɛksɛʒɛtiku	epɨksɨʒɛtiku	ep[ɛ]ks[ɛ]ʒɛtiku	ep[ɨ]ks[ɨ]ʒɛtiku	0
epilepsia	epilɛpsiɐ	epilɨpsiɐ	epil[ɛ]psiɐ	epil[ɨ]psiɐ	0
epileptoide	epilɛptɔjdɨ	epilɨptɔjdɨ	epil[ɛ]ptɔjdɨ	epil[ɨ]ptɔjdɨ	0
epileptóide	epilɛptɔjdɨ	epilɨptɔjdɨ	epil[ɛ]ptɔjdɨ	epil[ɨ]ptɔjdɨ	0
eqüimolecular	ekwimulɛkular	ekwimulɨkular	ekwimul[ɛ]kular	ekwimul[ɨ]kular	0
ereção	iʀɛsɐ̃w̃	erɨsɐ̃w̃	iʀ[ɛ]sɐ̃w̃	er[ɨ]sɐ̃w̃	0
erepsina	erɛpsinɐ	erɨpsinɐ	er[ɛ]psinɐ	er[ɨ]psinɐ	0
eril	ɛriɫ	ɨriɫ	[ɛ]riɫ	[ɨ]riɫ	0
erval	ɛrvɐɫ	ɨrvaɫ	[ɛ]rv[ɐ]ɫ	[ɨ]rv[a]ɫ	0
ervar	ɛrvɐr	ɨrvar	[ɛ]rv[ɐ]r	[ɨ]rv[a]r	0
éster	ɛʃtɛr	ɛʃtɨr	ɛʃt[ɛ]r	ɛʃt[ɨ]r	0
éter	ɛtɛr	ɛtɨr	ɛt[ɛ]r	ɛt[ɨ]r	0
euemia	ewɛmiɐ	ewɨmiɐ	ew[ɛ]miɐ	ew[ɨ]miɐ	0
euê	ɛwe	ɨwe	[ɛ]we	[ɨ]we	0
eué	ɛwɛ	ɨwɛ	[ɛ]wɛ	[ɨ]wɛ	0
eupepsia	ewpɛpsiɐ	ewpɨpsiɐ	ewp[ɛ]psiɐ	ewp[ɨ]psiɐ	0
eutexia	ewtɛksiɐ	ewtɨksiɐ	ewt[ɛ]ksiɐ	ewt[ɨ]ksiɐ	0
facecioso	fɐsɛsjozu	fɐsɨsiozu	fɐs[ɛ]s[j]ozu	fɐs[ɨ]s[i]ozu	0
fácies	fasjɛʃ	fasɪɨʃ	fasj[ɛ]ʃ	fasɪ[ɨ]ʃ	0
fac-símile	faksimilɛ	faksimilɨ	faksimil[ɛ]	faksimil[ɨ]	0
feeria	fjɛriɐ	fiɨriɐ	fj[ɛ]riɐ	fi[ɨ]riɐ	0
felá	fɛla	fɨla	f[ɛ]la	f[ɨ]la	0
festar	fɛʃtar	fɨʃtar	f[ɛ]ʃtar	f[ɨ]ʃtar	0
filadelfeno	filɐdɛɫfenu	filɐdɨɫfenu	filɐd[ɛ]ɫfenu	filɐd[ɨ]ɫfenu	0
filadelfiano	filɐdɛɫfjɐnu	filɐdɨɫfiɐ̃nu	filɐd[ɛ]ɫf[j]ɐ[]nu	filɐd[ɨ]ɫf[i]ɐ[̃]nu	0
filadelfiense	filɐdɛɫfjẽsɨ	filɐdɨɫfiẽnsɨ	filɐd[ɛ]ɫfjẽsɨ[]	filɐd[ɨ]ɫfiẽns[ɨ]	0
flabelifoliado	flɐbɛlifuljadu	flɐbɨlifuliadu	flɐb[ɛ]liful[j]adu	flɐb[ɨ]liful[i]adu	0
flabeliforme	flɐbɛlifɔrmɨ	flɐbɨlifɔrmɨ	flɐb[ɛ]lifɔrmɨ	flɐb[ɨ]lifɔrmɨ	0
flebalgia	flɛbaɫʒiɐ	flɨbaɫʒiɐ	fl[ɛ]baɫʒiɐ	fl[ɨ]baɫʒiɐ	0
flegmão	flɛɡmɐ̃w̃	flɨɡmɐ̃w̃	fl[ɛ]ɡmɐ̃w̃	fl[ɨ]ɡmɐ̃w̃	0
fletir	flɛtir	flɨtir	fl[ɛ]tir	fl[ɨ]tir	0
fletor	flɛtor	flɨtor	fl[ɛ]tor	fl[ɨ]tor	0
flexão	flɛksɐ̃w̃	flɨksɐ̃w̃	fl[ɛ]ksɐ̃w̃	fl[ɨ]ksɐ̃w̃	0
flexor	flɛksor	flɨksor	fl[ɛ]ksor	fl[ɨ]ksor	0
flíper	flipɛr	flipɨr	flip[ɛ]r	flip[ɨ]r	0
foneticismo	funɛtisiʒmu	funɨtisiʒmu	fun[ɛ]tisiʒmu	fun[ɨ]tisiʒmu	0
foneticista	funɛtisiʃtɐ	funɨtisiʃtɐ	fun[ɛ]tisiʃtɐ	fun[ɨ]tisiʃtɐ	0
fonetismo	funɛtiʒmu	funɨtiʒmu	fun[ɛ]tiʒmu	fun[ɨ]tiʒmu	0
fonetista	funɛtiʃtɐ	funɨtiʃtɐ	fun[ɛ]tiʃtɐ	fun[ɨ]tiʃtɐ	0
freguês	frɛɡeʃ	frɨɡeʃ	fr[ɛ]ɡeʃ	fr[ɨ]ɡeʃ	0
fuelóleo	fuɛlɔlju	fuɨlɔliw	fu[ɛ]lɔlj[u]	fu[ɨ]lɔli[w]	0
fulecar	fulɛkrɐ	fulɨkar	ful[ɛ]k[]r[ɐ]	ful[ɨ]k[a]r[]	0
garnierita	ɡɐrnjɛritɐ	ɡɐrniɨritɐ	ɡɐrnj[ɛ]ritɐ	ɡɐrni[ɨ]ritɐ	0
garnierite	ɡɐrnjɛritɨ	ɡɐrniɨritɨ	ɡɐrnj[ɛ]ritɨ	ɡɐrni[ɨ]ritɨ	0
gáster	ɡaʃtɛr	ɡaʃtɨr	ɡaʃt[ɛ]r	ɡaʃt[ɨ]r	0
gastrepático	ɡɐʃtrɛpatiku	ɡɐʃtrɨpatiku	ɡɐʃtr[ɛ]patiku	ɡɐʃtr[ɨ]patiku	0
giestal	ʒjɛʃtaɫ	ʒiɨʃtaɫ	ʒj[ɛ]ʃtaɫ	ʒi[ɨ]ʃtaɫ	0
giesteira	ʒjɛʃtɐjrɐ	ʒiɨʃtɐjrɐ	ʒj[ɛ]ʃtɐjrɐ	ʒi[ɨ]ʃtɐjrɐ	0
giesteiro	ʒjɛʃtɐjru	ʒiɨʃtɐjru	ʒj[ɛ]ʃtɐjru	ʒi[ɨ]ʃtɐjru	0
giestoso	ʒiɛʃtozu	ʒiɨʃtozu	ʒi[ɛ]ʃtozu	ʒi[ɨ]ʃtozu	0
giestó	ʒjɛʃtɔ	ʒiɨʃtɔ	ʒj[ɛ]ʃtɔ	ʒi[ɨ]ʃtɔ	0
ginecocracia	ʒinɛkɔkrɐsiɐ	ʒinɨkukrɐsiɐ	ʒin[ɛ]k[ɔ]krɐsiɐ	ʒin[ɨ]k[u]krɐsiɐ	0
ginecofobia	ʒinɛkɔfubiɐ	ʒinɨkufubiɐ	ʒin[ɛ]k[ɔ]fubiɐ	ʒin[ɨ]k[u]fubiɐ	0
ginecologia	ʒinɛkuluʒiɐ	ʒinɨkuluʒiɐ	ʒin[ɛ]kuluʒiɐ	ʒin[ɨ]kuluʒiɐ	0
ginecológico	ʒinɛkulɔʒiku	ʒinɨkulɔʒiku	ʒin[ɛ]kulɔʒiku	ʒin[ɨ]kulɔʒiku	0
ginecologista	ʒinɛkuluʒiʃtɐ	ʒinɨkuluʒiʃtɐ	ʒin[ɛ]kuluʒiʃtɐ	ʒin[ɨ]kuluʒiʃtɐ	0
ginecomania	ʒinɛkɔmɐniɐ	ʒinɨkumɐniɐ	ʒin[ɛ]k[ɔ]mɐniɐ	ʒin[ɨ]k[u]mɐniɐ	0
ginecopatia	ʒinɛkɔpɐtiɐ	ʒinɨkupɐtiɐ	ʒin[ɛ]k[ɔ]pɐtiɐ	ʒin[ɨ]k[u]pɐtiɐ	0
ginefobia	ʒinɛfubiɐ	ʒinɨfubiɐ	ʒin[ɛ]fubiɐ	ʒin[ɨ]fubiɐ	0
glomerulonefrite	ɡlumɛrulɔnɨfritɨ	ɡlumɨrulunɨfritɨ	ɡlum[ɛ]rul[ɔ]nɨfritɨ	ɡlum[ɨ]rul[u]nɨfritɨ	0
glomerulopatia	ɡlumɛrulɔpɐtiɐ	ɡlumɨrulupɐtiɐ	ɡlum[ɛ]rul[ɔ]pɐtiɐ	ɡlum[ɨ]rul[u]pɐtiɐ	0
gnetáceas	ɡnɛtasjɐʃ	ɡnɨtasiɐʃ	ɡn[ɛ]tas[j]ɐʃ	ɡn[ɨ]tas[i]ɐʃ	0
goelar	ɡwɛlar	ɡuɨlar	ɡw[ɛ]lar	ɡu[ɨ]lar	0
graelada	ɡrɐɛladɐ	ɡrɐɨladɐ	ɡrɐ[ɛ]ladɐ	ɡrɐ[ɨ]ladɐ	0
guerar	ɡɛrar	ɡɨrar	ɡ[ɛ]rar	ɡ[ɨ]rar	0
guevar	ɡɛvar	ɡɨvar	ɡ[ɛ]var	ɡ[ɨ]var	0
halterofilia	aɫtɛrɔfiliɐ	aɫtɨrufiliɐ	aɫt[ɛ]r[ɔ]filiɐ	aɫt[ɨ]r[u]filiɐ	0
halterofilismo	aɫtɛrɔfiliʒmu	aɫtɨrufiliʒmu	aɫt[ɛ]r[ɔ]filiʒmu	aɫt[ɨ]r[u]filiʒmu	0
halterofilista	aɫtɛrɔfiliʃtɐ	aɫtɨrufiliʃtɐ	aɫt[ɛ]r[ɔ]filiʃtɐ	aɫt[ɨ]r[u]filiʃtɐ	0
hedenbergita	ɛdẽbɛrɡitɐ	ɨdenbɨrʒitɐ	[ɛ]dẽ[]b[ɛ]r[ɡ]itɐ	[ɨ]de[n]b[ɨ]r[ʒ]itɐ	0
hedenberguite	ɛdẽbɛrɡitɨ	ɨdenbɨrɡitɨ	[ɛ]dẽ[]b[ɛ]rɡitɨ	[ɨ]de[n]b[ɨ]rɡitɨ	0
heraldoteca	ɛraɫdɔtɛkɐ	ɨraɫdutɛkɐ	[ɛ]raɫd[ɔ]tɛkɐ	[ɨ]raɫd[u]tɛkɐ	0
heredopatia	erɛdɔpɐtiɐ	erɨdupɐtiɐ	er[ɛ]d[ɔ]pɐtiɐ	er[ɨ]d[u]pɐtiɐ	0
heredossífilis	erɛdɔsifɨliʃ	erɨdusifiliʃ	er[ɛ]d[ɔ]sif[ɨ]liʃ	er[ɨ]d[u]sif[i]liʃ	0
heredossifilítico	erɛdɔsifɨlitiku	erɨdusifilitiku	er[ɛ]d[ɔ]sif[ɨ]litiku	er[ɨ]d[u]sif[i]litiku	0
hereticidade	erɛtisidadɨ	erɨtisidadɨ	er[ɛ]tisidadɨ	er[ɨ]tisidadɨ	0
heril	ɛriɫ	ɨriɫ	[ɛ]riɫ	[ɨ]riɫ	0
hermeticidade	ermɛtisidadɨ	ermɨtisidadɨ	erm[ɛ]tisidadɨ	erm[ɨ]tisidadɨ	0
hibernoterapia	ibɛrnɔtɨrɐpiɐ	ibɨrnutɨrɐpiɐ	ib[ɛ]rn[ɔ]tɨrɐpiɐ	ib[ɨ]rn[u]tɨrɐpiɐ	0
hiemação	jɛmɐsɐ̃w̃	iɨmɐsɐ̃w̃	j[ɛ]mɐsɐ̃w̃	i[ɨ]mɐsɐ̃w̃	0
hiemal	jɛmaɫ	iɨmaɫ	j[ɛ]maɫ	i[ɨ]maɫ	0
hierácio	jɛrasju	iɨrasju	j[ɛ]rasju	i[ɨ]rasju	0
hieralgia	jɛraɫʒiɐ	iɨraɫʒiɐ	j[ɛ]raɫʒiɐ	i[ɨ]raɫʒiɐ	0
hierarquia	jɛrɐrkiɐ	iɨrɐrkiɐ	j[ɛ]rɐrkiɐ	i[ɨ]rɐrkiɐ	0
hierarquicamente	jɛrarkikɐmẽtɨ	iɨrarkikɐmẽntɨ	j[ɛ]rarkikɐmẽtɨ[]	i[ɨ]rarkikɐmẽnt[ɨ]	0
hierárquico	jɛrarkiku	iɨrarkiku	j[ɛ]rarkiku	i[ɨ]rarkiku	0
hierarquismo	jɛrɐrkiʒmu	iɨrɐrkiʒmu	j[ɛ]rɐrkiʒmu	i[ɨ]rɐrkiʒmu	0
hierarquista	jɛrɐrkiʃtɐ	iɨrɐrkiʃtɐ	j[ɛ]rɐrkiʃtɐ	i[ɨ]rɐrkiʃtɐ	0
hierarquização	jɛrɐrkizɐsɐ̃w̃	iɨrɐrkizɐsɐ̃w̃	j[ɛ]rɐrkizɐsɐ̃w̃	i[ɨ]rɐrkizɐsɐ̃w̃	0
hierarquizado	jɛrɐrkizadu	iɨrɐrkizadu	j[ɛ]rɐrkizadu	i[ɨ]rɐrkizadu	0
hierarquizar	jɛrɐrkizar	iɨrɐrkizar	j[ɛ]rɐrkizar	i[ɨ]rɐrkizar	0
hierarquizável	jɛrɐrkizavɛɫ	iɨrɐrkizavɛɫ	j[ɛ]rɐrkizavɛɫ	i[ɨ]rɐrkizavɛɫ	0
hierática	jɛratikɐ	iɨratikɐ	j[ɛ]ratikɐ	i[ɨ]ratikɐ	0
hierático	jɛratiku	iɨratiku	j[ɛ]ratiku	i[ɨ]ratiku	0
hieratismo	jɛrɐtiʒmu	iɨrɐtiʒmu	j[ɛ]rɐtiʒmu	i[ɨ]rɐtiʒmu	0
hierocracia	jɛrɔkrɐsiɐ	iɨrukrɐsiɐ	j[ɛ]r[ɔ]krɐsiɐ	i[ɨ]r[u]krɐsiɐ	0
hierodrama	jɛrɔdrɐmɐ	iɨrudrɐ̃mɐ	j[ɛ]r[ɔ]drɐ[]mɐ	i[ɨ]r[u]drɐ[̃]mɐ	0
hierodulo	jɛrɔdulu	iɨrudulu	j[ɛ]r[ɔ]dulu	i[ɨ]r[u]dulu	0
hierofanta	jɛrɔfɐ̃tɐ	iɨrufɐ̃ntɐ	j[ɛ]r[ɔ]fɐ̃[]tɐ	i[ɨ]r[u]fɐ̃[n]tɐ	0
hierofante	jɛrɔfɐ̃tɨ	iɨrufɐ̃ntɨ	j[ɛ]r[ɔ]fɐ̃[]tɨ	i[ɨ]r[u]fɐ̃[n]tɨ	0
hierofântide	jɛrɔfɐ̃tidɨ	iɨrufɐ̃ntidɨ	j[ɛ]r[ɔ]fɐ̃[]tidɨ	i[ɨ]r[u]fɐ̃[n]tidɨ	0
hierogeografia	jɛrɔʒjuɡrɐfiɐ	iɨruʒiuɡrɐfiɐ	j[ɛ]r[ɔ]ʒ[j]uɡrɐfiɐ	i[ɨ]r[u]ʒ[i]uɡrɐfiɐ	0
hieroglífico	jɛrɔɡlifiku	iɨruɡlifiku	j[ɛ]r[ɔ]ɡlifiku	i[ɨ]r[u]ɡlifiku	0
hieróglifo	jɛrɔɡlifu	iɨrɔɡlifu	j[ɛ]rɔɡlifu	i[ɨ]rɔɡlifu	0
hierografia	jɛrɔɡrɐfiɐ	iɨruɡrɐfiɐ	j[ɛ]r[ɔ]ɡrɐfiɐ	i[ɨ]r[u]ɡrɐfiɐ	0
hierográfico	jɛrɔɡrafiku	iɨruɡrafiku	j[ɛ]r[ɔ]ɡrafiku	i[ɨ]r[u]ɡrafiku	0
hierograma	jɛrɔɡrɐmɐ	iɨruɡrɐ̃mɐ	j[ɛ]r[ɔ]ɡrɐ[]mɐ	i[ɨ]r[u]ɡrɐ[̃]mɐ	0
hierogramático	jɛrɔɡrɐmatiku	iɨruɡrɐmatiku	j[ɛ]r[ɔ]ɡrɐmatiku	i[ɨ]r[u]ɡrɐmatiku	0
hierogramatista	jɛrɔɡrɐmɐtiʃtɐ	iɨruɡrɐmɐtiʃtɐ	j[ɛ]r[ɔ]ɡrɐmɐtiʃtɐ	i[ɨ]r[u]ɡrɐmɐtiʃtɐ	0
hierologia	jɛruluʒiɐ	iɨruluʒiɐ	j[ɛ]ruluʒiɐ	i[ɨ]ruluʒiɐ	0
hierológico	jɛrulɔʒiku	iɨrulɔʒiku	j[ɛ]rulɔʒiku	i[ɨ]rulɔʒiku	0
hierólogo	jɛrɔluɡu	iɨrɔluɡu	j[ɛ]rɔluɡu	i[ɨ]rɔluɡu	0
hieromancia	jɛrɔmɐ̃siɐ	iɨrumɐ̃nsiɐ	j[ɛ]r[ɔ]mɐ̃[]siɐ	i[ɨ]r[u]mɐ̃[n]siɐ	0
hieromante	jɛrɔmɐ̃tɨ	iɨrumɐ̃ntɨ	j[ɛ]r[ɔ]mɐ̃[]tɨ	i[ɨ]r[u]mɐ̃[n]tɨ	0
hieromântico	jɛrɔmɐ̃tiku	iɨrumɐ̃ntiku	j[ɛ]r[ɔ]mɐ̃[]tiku	i[ɨ]r[u]mɐ̃[n]tiku	0
hieronímia	jɛrɔnimjɐ	iɨrunimjɐ	j[ɛ]r[ɔ]nimjɐ	i[ɨ]r[u]nimjɐ	0
hieronimita	jɛrɔnimitɐ	iɨrunimitɐ	j[ɛ]r[ɔ]nimitɐ	i[ɨ]r[u]nimitɐ	0
hierônimo	jɛronimu	iɨronimu	j[ɛ]ronimu	i[ɨ]ronimu	0
hierónimo	jɛrɔnimu	iɨrɔnimu	j[ɛ]rɔnimu	i[ɨ]rɔnimu	0
hieroscopia	jɛrɔʃkupiɐ	iɨruʃkupiɐ	j[ɛ]r[ɔ]ʃkupiɐ	i[ɨ]r[u]ʃkupiɐ	0
hierosolimita	jɛrɔzulimitɐ	iɨruzulimitɐ	j[ɛ]r[ɔ]zulimitɐ	i[ɨ]r[u]zulimitɐ	0
hierosolimitano	jɛrɔzulimitɐnu	iɨruzulimitɐ̃nu	j[ɛ]r[ɔ]zulimitɐ[]nu	i[ɨ]r[u]zulimitɐ[̃]nu	0
hietograma	jɛtɔɡrɐmɐ	iɨtuɡrɐ̃mɐ	j[ɛ]t[ɔ]ɡrɐ[]mɐ	i[ɨ]t[u]ɡrɐ[̃]mɐ	0
hietometria	jɛtɔmɨtriɐ	iɨtumɨtriɐ	j[ɛ]t[ɔ]mɨtriɐ	i[ɨ]t[u]mɨtriɐ	0
hietométrico	jɛtɔmɛtriku	iɨtumɛtriku	j[ɛ]t[ɔ]mɛtriku	i[ɨ]t[u]mɛtriku	0
higienista	iʒjɛniʃtɐ	iʒiɨniʃtɐ	iʒj[ɛ]niʃtɐ	iʒi[ɨ]niʃtɐ	0
hilemorfismo	ilɛmurfiʒmu	ilɨmurfiʒmu	il[ɛ]murfiʒmu	il[ɨ]murfiʒmu	0
hipercorreção	ipɛrkuʀɛsɐ̃w̃	ipɛrkuʀɨsɐ̃w̃	ipɛrkuʀ[ɛ]sɐ̃w̃	ipɛrkuʀ[ɨ]sɐ̃w̃	0
hipericácea	ipɨrikasjɐ	ipɛrikasiɐ	ip[ɨ]rikas[j]ɐ	ip[ɛ]rikas[i]ɐ	0
hipericáceas	ipɨrikasjɐʃ	ipɛrikasiɐʃ	ip[ɨ]rikas[j]ɐʃ	ip[ɛ]rikas[i]ɐʃ	0
híper	ipɛr	ipɨr	ip[ɛ]r	ip[ɨ]r	0
hipérmetro	ipɛrmɨtru	ipɛrmɛtru	ipɛrm[ɨ]tru	ipɛrm[ɛ]tru	0
hiperpirexia	ipɛrpirɛksiɐ	ipɛrpirɨksiɐ	ipɛrpir[ɛ]ksiɐ	ipɛrpir[ɨ]ksiɐ	0
hiperpneia	ipɛrpnɐjɐ	ipɨrpnɛjɐ	ip[ɛ]rpn[ɐ]jɐ	ip[ɨ]rpn[ɛ]jɐ	0
hiperpnéia	ipɛrpnɐjɐ	ipɨrpnɛjɐ	ip[ɛ]rpn[ɐ]jɐ	ip[ɨ]rpn[ɛ]jɐ	0
hipersecreção	ipɛrsɨkrɨsɐ̃w̃	ipɛrsɛkrɨsɐ̃w̃	ipɛrs[ɨ]krɨsɐ̃w̃	ipɛrs[ɛ]krɨsɐ̃w̃	0
hipersecretor	ipɛrsɨkrɨtor	ipɛrsɛkrɨtor	ipɛrs[ɨ]krɨtor	ipɛrs[ɛ]krɨtor	0
hipodermatomia	ipɔdɛrmɐtumiɐ	ipɔdɨrmɐtumiɐ	ipɔd[ɛ]rmɐtumiɐ	ipɔd[ɨ]rmɐtumiɐ	0
hipodermoterapia	ipɔdɛrmɔtɨrɐpiɐ	ipɔdɨrmuterɐpiɐ	ipɔd[ɛ]rm[ɔ]t[ɨ]rɐpiɐ	ipɔd[ɨ]rm[u]t[e]rɐpiɐ	0
hipossecreção	ipɔsɨkrɨsɐ̃w̃	ipɔsɛkrɨsɐ̃w̃	ipɔs[ɨ]krɨsɐ̃w̃	ipɔs[ɛ]krɨsɐ̃w̃	0
histerectomia	iʃtɛrɛktumiɐ	iʃtɨrɛtumiɐ	iʃt[ɛ]rɛ[k]tumiɐ	iʃt[ɨ]rɛ[]tumiɐ	0
histerectômico	iʃtɛrɛktomiku	iʃtɨrɛtomiku	iʃt[ɛ]rɛ[k]tomiku	iʃt[ɨ]rɛ[]tomiku	0
histerectómico	iʃtɛrɛktɔmiku	iʃtɨrɛtɔmiku	iʃt[ɛ]rɛ[k]tɔmiku	iʃt[ɨ]rɛ[]tɔmiku	0
homocatalexia	ɔmɔkɐtɐlɛksiɐ	ɔmɔkɐtɐlɨksiɐ	ɔmɔkɐtɐl[ɛ]ksiɐ	ɔmɔkɐtɐl[ɨ]ksiɐ	0
homodiegético	ɔmɔdjɛʒɛtiku	ɔmɔdiɨʒɛtiku	ɔmɔdj[ɛ]ʒɛtiku	ɔmɔdi[ɨ]ʒɛtiku	0
iemenita	jɛmɨnitɐ	iɨmɨnitɐ	j[ɛ]mɨnitɐ	i[ɨ]mɨnitɐ	0
iersonense	jɛrsunẽsɨ	iɨrsunẽnsɨ	j[ɛ]rsunẽsɨ[]	i[ɨ]rsunẽns[ɨ]	0
ietense	jɛtẽsɨ	iɨtẽnsɨ	j[ɛ]tẽsɨ[]	i[ɨ]tẽns[ɨ]	0
inafetivo	inɐfɛtivu	inɐfɨtivu	inɐf[ɛ]tivu	inɐf[ɨ]tivu	0
inalienabilidade	inɐljɛnɐbilidadɨ	inɐliɨnɐbilidadɨ	inɐlj[ɛ]nɐbilidadɨ	inɐli[ɨ]nɐbilidadɨ	0
inalienação	inɐljɛnɐsɐ̃w̃	inɐliɨnɐsɐ̃w̃	inɐlj[ɛ]nɐsɐ̃w̃	inɐli[ɨ]nɐsɐ̃w̃	0
inalienável	inɐljɛnavɛɫ	inɐliɨnavɛɫ	inɐlj[ɛ]navɛɫ	inɐli[ɨ]navɛɫ	0
ineptidão	inɛptidɐ̃w̃	inɨptidɐ̃w̃	in[ɛ]ptidɐ̃w̃	in[ɨ]ptidɐ̃w̃	0
inequação	inɛkwɐsɐ̃w̃	inɨkwɐsɐ̃w̃	in[ɛ]kwɐsɐ̃w̃	in[ɨ]kwɐsɐ̃w̃	0
inesquecível	inɨʃkɛsivɛɫ	inɨʃkɨsivɛɫ	inɨʃk[ɛ]sivɛɫ	inɨʃk[ɨ]sivɛɫ	0
ipecacuanha	ipɛkɐkwɐɲɐ	ipɨkɐkuɐ̃ɲɐ	ip[ɛ]kɐk[w]ɐ[]ɲɐ	ip[ɨ]kɐk[u]ɐ[̃]ɲɐ	0
irreclamabilidade	iʀɨklɐmɐbilidadɨ	iʀɛklɐmɐbilidadɨ	iʀ[ɨ]klɐmɐbilidadɨ	iʀ[ɛ]klɐmɐbilidadɨ	0
irreclamável	iʀɨklɐmavɛɫ	iʀɛklɐmavɛɫ	iʀ[ɨ]klɐmavɛɫ	iʀ[ɛ]klɐmavɛɫ	0
irreclinável	iʀɨklinavɛɫ	iʀɛklinavɛɫ	iʀ[ɨ]klinavɛɫ	iʀ[ɛ]klinavɛɫ	0
irrefletido	iʀɨflɛtidu	iʀɨflɨtidu	iʀɨfl[ɛ]tidu	iʀɨfl[ɨ]tidu	0
irreflexivo	iʀɨflɛksivu	iʀɨflɨksivu	iʀɨfl[ɛ]ksivu	iʀɨfl[ɨ]ksivu	0
irreplegível	iʀɨplɛʒivɛɫ	iʀɨplɨʒivɛɫ	iʀɨpl[ɛ]ʒivɛɫ	iʀɨpl[ɨ]ʒivɛɫ	0
irrequietação	iʀɨkjɛtɐsɐ̃w̃	iʀɨkiɨtɐsɐ̃w̃	iʀɨkj[ɛ]tɐsɐ̃w̃	iʀɨki[ɨ]tɐsɐ̃w̃	0
irrequietismo	iʀɨkjɛtiʒmu	iʀɨkiɨtiʒmu	iʀɨkj[ɛ]tiʒmu	iʀɨki[ɨ]tiʒmu	0
irrequietude	iʀɨkjɛtudɨ	iʀɨkiɨtudɨ	iʀɨkj[ɛ]tudɨ	iʀɨki[ɨ]tudɨ	0
irretroactividade	iʀɛtrɔatividadɨ	iʀɨtruɐtividadɨ	iʀ[ɛ]trɔ[a]tividadɨ	iʀ[ɨ]tru[ɐ]tividadɨ	0
irretroactivo	iʀɛtrɔativu	iʀɨtruɐtivu	iʀ[ɛ]trɔ[a]tivu	iʀ[ɨ]tru[ɐ]tivu	0
irretroatividade	iʀɛtrɔatividadɨ	iʀɨtruɐtividadɨ	iʀ[ɛ]trɔ[a]tividadɨ	iʀ[ɨ]tru[ɐ]tividadɨ	0
irretroativo	iʀɛtrɔativu	iʀɨtruɐtivu	iʀ[ɛ]trɔ[a]tivu	iʀ[ɨ]tru[ɐ]tivu	0
isadelfia	izɐdɛɫfiɐ	izɐdɨɫfiɐ	izɐd[ɛ]ɫfiɐ	izɐd[ɨ]ɫfiɐ	0
ismaelita	iʒmɐɛlitɐ	iʒmɐɨlitɐ	iʒmɐ[ɛ]litɐ	iʒmɐ[ɨ]litɐ	0
isoetáceas	izɔɛtasjɐʃ	izuɨtasiɐʃ	izɔ[ɛ]tas[j]ɐʃ	izu[ɨ]tas[i]ɐʃ	0
jarerê	ʒɐrɛre	ʒɐrɨre	ʒɐr[ɛ]re	ʒɐr[ɨ]re	0
jareré	ʒɐrɛrɛ	ʒɐrɨrɛ	ʒɐr[ɛ]rɛ	ʒɐr[ɨ]rɛ	0
jessu	ʒɛsu	ʒɨsu	ʒ[ɛ]su	ʒ[ɨ]su	0
jezar	ʒɛzar	ʒɨzar	ʒ[ɛ]zar	ʒ[ɨ]zar	0
josezinho	ʒuzɛziɲu	ʒuzɨziɲu	ʒuz[ɛ]ziɲu	ʒuz[ɨ]ziɲu	0
júpiter	ʒupitɛr	ʒupitɨr	ʒupit[ɛ]r	ʒupit[ɨ]r	0
kefir	kɛfir	kɨfir	k[ɛ]fir	k[ɨ]fir	0
keyserlinguiano	kɐjzɛrlĩɡjɐnu	kɐjzɨrlĩnɡwiɐ̃nu	kɐjz[ɛ]rlĩɡjɐnu[]	kɐjz[ɨ]rlĩnɡwiɐ̃n[u]	0
kírie	kirjɛ	kirjɨ	kirj[ɛ]	kirj[ɨ]	0
lechia	lɨʃiɐ	lɛʃiɐ	l[ɨ]ʃiɐ	l[ɛ]ʃiɐ	0
lepralgia	lɛpraɫʒiɐ	lɨpraɫʒiɐ	l[ɛ]praɫʒiɐ	l[ɨ]praɫʒiɐ	0
leptão	lɛptɐ̃w̃	lɨptɐ̃w̃	l[ɛ]ptɐ̃w̃	l[ɨ]ptɐ̃w̃	0
líber	libɛr	libɨr	lib[ɛ]r	lib[ɨ]r	0
licorexia	likurɛksiɐ	likurɨksiɐ	likur[ɛ]ksiɐ	likur[ɨ]ksiɐ	0
licorrexia	likuʀɛksiɐ	likuʀɨksiɐ	likuʀ[ɛ]ksiɐ	likuʀ[ɨ]ksiɐ	0
líder	lidɛr	lidɨr	lid[ɛ]r	lid[ɨ]r	0
literariedade	litɨrɐrjɛdadɨ	litɨrɐriɨdadɨ	litɨrɐrj[ɛ]dadɨ	litɨrɐri[ɨ]dadɨ	0
lôbrego	lobrɨɡu	lobrɛɡu	lobr[ɨ]ɡu	lobr[ɛ]ɡu	0
loessito	lɔɛsitu	luɨsitu	lɔ[ɛ]situ	lu[ɨ]situ	0
lómues	lɔmwɛʃ	lɔmuɨʃ	lɔmw[ɛ]ʃ	lɔmu[ɨ]ʃ	0
lua-bebé	luɐbɛbɛ	luɐbɨbɛ	luɐb[ɛ]bɛ	luɐb[ɨ]bɛ	0
lúcifer	lusifɛr	lusifɨr	lusif[ɛ]r	lusif[ɨ]r	0
lues	luɛʃ	luɨʃ	lu[ɛ]ʃ	lu[ɨ]ʃ	0
maestria	mɐɛʃtriɐ	mɐɨʃtriɐ	mɐ[ɛ]ʃtriɐ	mɐ[ɨ]ʃtriɐ	0
maestrina	mɐɛʃtrinɐ	mɐɨʃtrinɐ	mɐ[ɛ]ʃtrinɐ	mɐ[ɨ]ʃtrinɐ	0
maestrino	mɐɛʃtrinu	mɐɨʃtrinu	mɐ[ɛ]ʃtrinu	mɐ[ɨ]ʃtrinu	0
magerman	mɐjɛrmɛnɨ	mɐʒɨrmɐ̃m	mɐj[ɛ]rmɛn[ɨ]	mɐʒ[ɨ]rmɐ̃[m]	0
magnetosfera	mɐɡnɛtɔʃfɛrɐ	mɐɡnɨtuʃfɛrɐ	mɐɡn[ɛ]t[ɔ]ʃfɛrɐ	mɐɡn[ɨ]t[u]ʃfɛrɐ	0
manietar	mɐnjɛtar	mɐniɨtar	mɐnj[ɛ]tar	mɐni[ɨ]tar	0
manuelino	mɐnwɛlinu	mɐnuɨlinu	mɐnw[ɛ]linu	mɐnu[ɨ]linu	0
manuelista	mɐnwɛliʃtɐ	mɐnuɨliʃtɐ	mɐnw[ɛ]liʃtɐ	mɐnu[ɨ]liʃtɐ	0
marechalado	mɐrɨʃɐladu	mɐrɛʃɐladu	mɐr[ɨ]ʃɐladu	mɐr[ɛ]ʃɐladu	0
marechalato	mɐrɨʃɐlatu	mɐrɛʃɐlatu	mɐr[ɨ]ʃɐlatu	mɐr[ɛ]ʃɐlatu	0
marechal	mɐrɨʃaɫ	mɐrɛʃaɫ	mɐr[ɨ]ʃaɫ	mɐr[ɛ]ʃaɫ	0
maregrama	mɐrɛɡrɐmɐ	mɐrɨɡrɐ̃mɐ	mɐr[ɛ]ɡrɐ[]mɐ	mɐr[ɨ]ɡrɐ[̃]mɐ	0
marrequinho	mɐʀɛkiɲu	mɐʀɨkiɲu	mɐʀ[ɛ]kiɲu	mɐʀ[ɨ]kiɲu	0
masséter	mɐsɛtɛr	mɐsɛtɨr	mɐsɛt[ɛ]r	mɐsɛt[ɨ]r	0
máster	maʃtɛr	maʃtɨr	maʃt[ɛ]r	maʃt[ɨ]r	0
máter-dolorosa	matɛrdulurɔzɐ	matɨrdulurɔzɐ	mat[ɛ]rdulurɔzɐ	mat[ɨ]rdulurɔzɐ	0
maternoinfantil	mɐtɛrnɔĩfɐ̃tiɫ	mɐtɨrnuĩnfɐ̃ntiɫ	mɐt[ɛ]rnɔĩfɐ̃tiɫ[]	mɐt[ɨ]rnuĩnfɐ̃nti[ɫ]	0
matetê	mɐtɛte	mɐtɨte	mɐt[ɛ]te	mɐt[ɨ]te	0
mateté	mɐtɛtɛ	mɐtɨtɛ	mɐt[ɛ]tɛ	mɐt[ɨ]tɛ	0
máxime	masimɛ	masimɨ	masim[ɛ]	masim[ɨ]	0
mechoacão	mɨʃwɐkɐ̃w̃	mɛʃuɐkɐ̃w̃	m[ɨ]ʃ[w]ɐkɐ̃w̃	m[ɛ]ʃ[u]ɐkɐ̃w̃	0
menhir	mɛɲir	mɨɲir	m[ɛ]ɲir	m[ɨ]ɲir	0
mescal	mɛʃkaɫ	mɨʃkaɫ	m[ɛ]ʃkaɫ	m[ɨ]ʃkaɫ	0
mesclar	mɛʃklar	mɨʃklar	m[ɛ]ʃklar	m[ɨ]ʃklar	0
messé	mɛsɛ	mɨsɛ	m[ɛ]sɛ	m[ɨ]sɛ	0
metrô	mɛtro	mɨtro	m[ɛ]tro	m[ɨ]tro	0
micaelense	mikɐɛlẽsɨ	mikɐɨlẽnsɨ	mikɐ[ɛ]lẽsɨ[]	mikɐ[ɨ]lẽns[ɨ]	0
micetófago	misɛtɔfɐɡu	misɨtɔfɐɡu	mis[ɛ]tɔfɐɡu	mis[ɨ]tɔfɐɡu	0
micetografia	misɛtuɡrɐfiɐ	misɨtuɡrɐfiɐ	mis[ɛ]tuɡrɐfiɐ	mis[ɨ]tuɡrɐfiɐ	0
micetográfico	misɛtuɡrafiku	misɨtuɡrafiku	mis[ɛ]tuɡrafiku	mis[ɨ]tuɡrafiku	0
micetologia	misɛtuluʒiɐ	misɨtuluʒiɐ	mis[ɛ]tuluʒiɐ	mis[ɨ]tuluʒiɐ	0
micetológico	misɛtulɔʒiku	misɨtulɔʒiku	mis[ɛ]tulɔʒiku	mis[ɨ]tulɔʒiku	0
micetozoário	misɛtɔzwarju	misɨtuzuarju	mis[ɛ]t[ɔ]z[w]arju	mis[ɨ]t[u]z[u]arju	0
micetozoários	misɛtɔzwarjuʃ	misɨtuzuarɪuʃ	mis[ɛ]t[ɔ]z[w]ar[j]uʃ	mis[ɨ]t[u]z[u]ar[ɪ]uʃ	0
mielalgia	mjɛlaɫʒiɐ	miɨlaɫʒiɐ	mj[ɛ]laɫʒiɐ	mi[ɨ]laɫʒiɐ	0
mielencéfalo	mjɛlẽsɛfɐlu	miɨlẽnsɛfɐlu	mj[ɛ]lẽsɛfɐlu[]	mi[ɨ]lẽnsɛfɐl[u]	0
mielina	mjɛlinɐ	miɨlinɐ	mj[ɛ]linɐ	mi[ɨ]linɐ	0
mielínico	mjɛliniku	miɨliniku	mj[ɛ]liniku	mi[ɨ]liniku	0
mielite	mjɛlitɨ	miɨlitɨ	mj[ɛ]litɨ	mi[ɨ]litɨ	0
mieloblasto	mjɛlɔblaʃtu	miɨlublaʃtu	mj[ɛ]l[ɔ]blaʃtu	mi[ɨ]l[u]blaʃtu	0
mielocítico	mjɛlɔsitiku	miɨlusitiku	mj[ɛ]l[ɔ]sitiku	mi[ɨ]l[u]sitiku	0
mielócito	mjɛlɔsitu	miɨlɔsitu	mj[ɛ]lɔsitu	mi[ɨ]lɔsitu	0
mielografia	mjɛlɔɡrɐfiɐ	miɨluɡrɐfiɐ	mj[ɛ]l[ɔ]ɡrɐfiɐ	mi[ɨ]l[u]ɡrɐfiɐ	0
mielográfico	mjɛlɔɡrafiku	miɨluɡrafiku	mj[ɛ]l[ɔ]ɡrafiku	mi[ɨ]l[u]ɡrafiku	0
mieloide	mjɛlɔjdɨ	miɨlɔjdɨ	mj[ɛ]lɔjdɨ	mi[ɨ]lɔjdɨ	0
mielóide	mjɛlɔjdɨ	miɨlɔjdɨ	mj[ɛ]lɔjdɨ	mi[ɨ]lɔjdɨ	0
mielomalacia	mjɛlɔmɐlɐsiɐ	miɨlumɐlɐsiɐ	mj[ɛ]l[ɔ]mɐlɐsiɐ	mi[ɨ]l[u]mɐlɐsiɐ	0
mieloma	mjɛlomɐ	miɨlomɐ	mj[ɛ]lomɐ	mi[ɨ]lomɐ	0
mielopatia	mjɛlɔpɐtiɐ	miɨlupɐtiɐ	mj[ɛ]l[ɔ]pɐtiɐ	mi[ɨ]l[u]pɐtiɐ	0
mielopático	mjɛlɔpatiku	miɨlupatiku	mj[ɛ]l[ɔ]patiku	mi[ɨ]l[u]patiku	0
mielóplace	mjɛlɔplasɨ	miɨlɔplɐsɨ	mj[ɛ]lɔpl[a]sɨ	mi[ɨ]lɔpl[ɐ]sɨ	0
mieloplaxe	mjɛlɔplaksɨ	miɨluplaksɨ	mj[ɛ]l[ɔ]plaksɨ	mi[ɨ]l[u]plaksɨ	0
mieloproliferativo	mjɛlɔprulifɨrɐtivu	miɨluprulifɨrɐtivu	mj[ɛ]l[ɔ]prulifɨrɐtivu	mi[ɨ]l[u]prulifɨrɐtivu	0
mielotóxico	mjɛlɔtɔksiku	miɨlutɔksiku	mj[ɛ]l[ɔ]tɔksiku	mi[ɨ]l[u]tɔksiku	0
mimetomania	mimɛtɔmɐ̃niɐ	mimɨtumɐniɐ	mim[ɛ]t[ɔ]mɐ[̃]niɐ	mim[ɨ]t[u]mɐ[]niɐ	0
miseramente	mizɨrɐmẽtɨ	mizɛrɐmẽntɨ	miz[ɨ]rɐmẽtɨ[]	miz[ɛ]rɐmẽnt[ɨ]	0
miserere	mizɛrɛrɛ	mizɨrerɨ	miz[ɛ]r[ɛ]r[ɛ]	miz[ɨ]r[e]r[ɨ]	0
mispíquel	miʃpikɛɫ	miʃpikɨɫ	miʃpik[ɛ]ɫ	miʃpik[ɨ]ɫ	0
mister	miʃtɛr	miʃtɨr	miʃt[ɛ]r	miʃt[ɨ]r	0
míster	miʃtɛr	miʃtɨr	miʃt[ɛ]r	miʃt[ɨ]r	0
mnemotecnia	mnɛmɔtɛkniɐ	mnɨmutɛkniɐ	mn[ɛ]m[ɔ]tɛkniɐ	mn[ɨ]m[u]tɛkniɐ	0
mnemotécnico	mnɛmɔtɛkniku	mnɨmutɛkniku	mn[ɛ]m[ɔ]tɛkniku	mn[ɨ]m[u]tɛkniku	0
moedagem	mwɛdaʒɐ̃j̃	muɨdaʒɐjn	mw[ɛ]daʒɐ[̃]j[̃]	mu[ɨ]daʒɐ[]j[n]	0
moedeiro	mwɛdɐjru	muɨdɐjru	mw[ɛ]dɐjru	mu[ɨ]dɐjru	0
molecada	mulɛkadɐ	mulɨkadɐ	mul[ɛ]kadɐ	mul[ɨ]kadɐ	0
molecagem	mulɛkaʒɐ̃j̃	mulɨkaʒɐjn	mul[ɛ]kaʒɐ[̃]j[̃]	mul[ɨ]kaʒɐ[]j[n]	0
molecular	mulɛkular	mulɨkular	mul[ɛ]kular	mul[ɨ]kular	0
muemar	mwɛmar	muɨmar	mw[ɛ]mar	mu[ɨ]mar	0
muenhê	mwɛɲe	muɨɲe	mw[ɛ]ɲe	mu[ɨ]ɲe	0
muesli	mwɛʒli	muɨʒli	mw[ɛ]ʒli	mu[ɨ]ʒli	0
muezim	mwɛzĩ	muɨzĩn	mw[ɛ]zĩ[]	mu[ɨ]zĩ[n]	0
mulherzinha	muʎɛrziɲɐ	muʎɨrziɲɐ	muʎ[ɛ]rziɲɐ	muʎ[ɨ]rziɲɐ	0
multidirecional	muɫtidirɛsjunaɫ	muɫtidirɨsjunaɫ	muɫtidir[ɛ]sjunaɫ	muɫtidir[ɨ]sjunaɫ	0
multiplexado	muɫtiplɛksadu	muɫtiplɨksadu	muɫtipl[ɛ]ksadu	muɫtipl[ɨ]ksadu	0
multiplexagem	muɫtiplɛksaʒɐ̃j̃	muɫtiplɨksaʒɐjn	muɫtipl[ɛ]ksaʒɐ[̃]j[̃]	muɫtipl[ɨ]ksaʒɐ[]j[n]	0
multiplexar	muɫtiplɛksar	muɫtiplɨksar	muɫtipl[ɛ]ksar	muɫtipl[ɨ]ksar	0
necróbia	nɨkrɔbjɐ	nɛkrɔbjɐ	n[ɨ]krɔbjɐ	n[ɛ]krɔbjɐ	0
necrobiose	nɨkrɔbjɔzɨ	nɛkrubiɔzɨ	n[ɨ]kr[ɔ]b[j]ɔzɨ	n[ɛ]kr[u]b[i]ɔzɨ	0
necrodulia	nɨkrɔduliɐ	nɛkruduliɐ	n[ɨ]kr[ɔ]duliɐ	n[ɛ]kr[u]duliɐ	0
necrofagia	nɨkrɔfɐʒiɐ	nɛkrufɐʒiɐ	n[ɨ]kr[ɔ]fɐʒiɐ	n[ɛ]kr[u]fɐʒiɐ	0
necrófago	nɨkrɔfɐɡu	nɛkrɔfɐɡu	n[ɨ]krɔfɐɡu	n[ɛ]krɔfɐɡu	0
necrofilia	nɨkrɔfiliɐ	nɛkrufiliɐ	n[ɨ]kr[ɔ]filiɐ	n[ɛ]kr[u]filiɐ	0
necrófilo	nɨkrɔfilu	nɛkrɔfilu	n[ɨ]krɔfilu	n[ɛ]krɔfilu	0
necrofobia	nɨkrɔfubiɐ	nɛkrufubiɐ	n[ɨ]kr[ɔ]fubiɐ	n[ɛ]kr[u]fubiɐ	0
necrófobo	nɨkrɔfubu	nɛkrɔfubu	n[ɨ]krɔfubu	n[ɛ]krɔfubu	0
necróforo	nɨkrɔfuru	nɛkrɔfuru	n[ɨ]krɔfuru	n[ɛ]krɔfuru	0
necrogêneo	nɨkrɔʒenju	nɛkruʒeniw	n[ɨ]kr[ɔ]ʒenj[u]	n[ɛ]kr[u]ʒeni[w]	0
necrogéneo	nɨkrɔʒɛnju	nɛkruʒɛniw	n[ɨ]kr[ɔ]ʒɛnj[u]	n[ɛ]kr[u]ʒɛni[w]	0
necrografia	nɨkruɡrɐfiɐ	nɛkruɡrɐfiɐ	n[ɨ]kruɡrɐfiɐ	n[ɛ]kruɡrɐfiɐ	0
necrográfico	nɨkruɡrafiku	nɛkruɡrafiku	n[ɨ]kruɡrafiku	n[ɛ]kruɡrafiku	0
necrógrafo	nɨkrɔɡrɐfu	nɛkrɔɡrɐfu	n[ɨ]krɔɡrɐfu	n[ɛ]krɔɡrɐfu	0
necrolatria	nɨkrɔlɐtriɐ	nɛkrulɐtriɐ	n[ɨ]kr[ɔ]lɐtriɐ	n[ɛ]kr[u]lɐtriɐ	0
necrolátrico	nɨkrulatriku	nɛkrulatriku	n[ɨ]krulatriku	n[ɛ]krulatriku	0
necrologia	nɨkruluʒiɐ	nɛkruluʒiɐ	n[ɨ]kruluʒiɐ	n[ɛ]kruluʒiɐ	0
necrológico	nɨkrulɔʒiku	nɛkrulɔʒiku	n[ɨ]krulɔʒiku	n[ɛ]krulɔʒiku	0
necrológio	nɨkrulɔʒju	nɛkrulɔʒju	n[ɨ]krulɔʒju	n[ɛ]krulɔʒju	0
necrologista	nɨkruluʒiʃtɐ	nɛkruluʒiʃtɐ	n[ɨ]kruluʒiʃtɐ	n[ɛ]kruluʒiʃtɐ	0
necrólogo	nɨkrɔluɡu	nɛkrɔluɡu	n[ɨ]krɔluɡu	n[ɛ]krɔluɡu	0
necromancia	nɨkrumɐ̃siɐ	nɛkrumɐ̃nsiɐ	n[ɨ]krumɐ̃[]siɐ	n[ɛ]krumɐ̃[n]siɐ	0
necromante	nɨkrumɐ̃tɨ	nɛkrumɐ̃ntɨ	n[ɨ]krumɐ̃[]tɨ	n[ɛ]krumɐ̃[n]tɨ	0
necromântico	nɨkrumɐ̃tiku	nɛkrumɐ̃ntiku	n[ɨ]krumɐ̃[]tiku	n[ɛ]krumɐ̃[n]tiku	0
necropatia	nɨkrɔpɐtiɐ	nɛkrupɐtiɐ	n[ɨ]kr[ɔ]pɐtiɐ	n[ɛ]kr[u]pɐtiɐ	0
necrópole	nɨkrɔpulɨ	nɛkrɔpulɨ	n[ɨ]krɔpulɨ	n[ɛ]krɔpulɨ	0
necropsia	nɨkrɔpsiɐ	nɛkrupsiɐ	n[ɨ]kr[ɔ]psiɐ	n[ɛ]kr[u]psiɐ	0
necropsiar	nɨkrɔpsjar	nɛkrupsiar	n[ɨ]kr[ɔ]ps[j]ar	n[ɛ]kr[u]ps[i]ar	0
necrópsico	nɨkrɔpsiku	nɛkrɔpsiku	n[ɨ]krɔpsiku	n[ɛ]krɔpsiku	0
necróptico	nɨkrɔptiku	nɛkrɔptiku	n[ɨ]krɔptiku	n[ɛ]krɔptiku	0
necrosado	nɨkruzadu	nɛkruzadu	n[ɨ]kruzadu	n[ɛ]kruzadu	0
necrosar	nɨkruzar	nɛkruzar	n[ɨ]kruzar	n[ɛ]kruzar	0
necroscopia	nɨkrɔʃkupiɐ	nɛkruʃkupiɐ	n[ɨ]kr[ɔ]ʃkupiɐ	n[ɛ]kr[u]ʃkupiɐ	0
necroscópico	nɨkruʃkɔpiku	nɛkruʃkɔpiku	n[ɨ]kruʃkɔpiku	n[ɛ]kruʃkɔpiku	0
necrose	nɨkrɔzɨ	nɛkrɔzɨ	n[ɨ]krɔzɨ	n[ɛ]krɔzɨ	0
necrotério	nɨkrutɛrju	nɛkrutɛrju	n[ɨ]krutɛrju	n[ɛ]krutɛrju	0
necrótico	nɨkrɔtiku	nɛkrɔtiku	n[ɨ]krɔtiku	n[ɛ]krɔtiku	0
necrotização	nɨkrutizɐsɐ̃w̃	nɛkrutizɐsɐ̃w̃	n[ɨ]krutizɐsɐ̃w̃	n[ɛ]krutizɐsɐ̃w̃	0
necrotizador	nɨkrutizɐdor	nɛkrutizɐdor	n[ɨ]krutizɐdor	n[ɛ]krutizɐdor	0
necrotizante	nɨkrutizɐ̃tɨ	nɛkrutizɐ̃ntɨ	n[ɨ]krutizɐ̃[]tɨ	n[ɛ]krutizɐ̃[n]tɨ	0
necrotizar	nɨkrutizar	nɛkrutizar	n[ɨ]krutizar	n[ɛ]krutizar	0
necrotizável	nɨkrutizavɛɫ	nɛkrutizavɛɫ	n[ɨ]krutizavɛɫ	n[ɛ]krutizavɛɫ	0
necrotomia	nɨkrɔtumiɐ	nɛkrutumiɐ	n[ɨ]kr[ɔ]tumiɐ	n[ɛ]kr[u]tumiɐ	0
negus	nɛɡuʃ	nɨɡuʃ	n[ɛ]ɡuʃ	n[ɨ]ɡuʃ	0
neném	nɛnɐ̃j̃	nɨnɐjn	n[ɛ]nɐ[̃]j[̃]	n[ɨ]nɐ[]j[n]	0
nené	nɛnɛ	nɨnɛ	n[ɛ]nɛ	n[ɨ]nɛ	0
netsplit	nɛtsplit	nɨtsplit	n[ɛ]tsplit	n[ɨ]tsplit	0
nimiedade	nimjɛdadɨ	nimiɨdadɨ	nimj[ɛ]dadɨ	nimi[ɨ]dadɨ	0
níquel	nikɛɫ	nikɨɫ	nik[ɛ]ɫ	nik[ɨ]ɫ	0
noelista	nuɛliʃtɐ	nuɨliʃtɐ	nu[ɛ]liʃtɐ	nu[ɨ]liʃtɐ	0
notoriedade	nuturjɛdadɨ	nuturiɨdadɨ	nuturj[ɛ]dadɨ	nuturi[ɨ]dadɨ	0
nuperfalecido	nupɛrfɐlɨsidu	nupɨrfɐlɨsidu	nup[ɛ]rfɐlɨsidu	nup[ɨ]rfɐlɨsidu	0
nuperpublicado	nupɛrpublikadu	nupɨrpublikadu	nup[ɛ]rpublikadu	nup[ɨ]rpublikadu	0
objeção	ɔbʒɛsɐ̃w̃	ɔbʒɨsɐ̃w̃	ɔbʒ[ɛ]sɐ̃w̃	ɔbʒ[ɨ]sɐ̃w̃	0
objetado	ɔbʒɛtadu	ɔbʒɨtadu	ɔbʒ[ɛ]tadu	ɔbʒ[ɨ]tadu	0
objetal	ɔbʒɛtaɫ	ɔbʒɨtaɫ	ɔbʒ[ɛ]taɫ	ɔbʒ[ɨ]taɫ	0
objetante	ɔbʒɛtɐ̃tɨ	ɔbʒɨtɐ̃ntɨ	ɔbʒ[ɛ]tɐ̃[]tɨ	ɔbʒ[ɨ]tɐ̃[n]tɨ	0
objetar	ɔbʒɛtar	ɔbʒɨtar	ɔbʒ[ɛ]tar	ɔbʒ[ɨ]tar	0
objetável	ɔbʒɛtavɛɫ	ɔbʒɨtavɛɫ	ɔbʒ[ɛ]tavɛɫ	ɔbʒ[ɨ]tavɛɫ	0
objetivação	ɔbʒɛtivɐsɐ̃w̃	ɔbʒɨtivɐsɐ̃w̃	ɔbʒ[ɛ]tivɐsɐ̃w̃	ɔbʒ[ɨ]tivɐsɐ̃w̃	0
objetivado	ɔbʒɛtivadu	ɔbʒɨtivadu	ɔbʒ[ɛ]tivadu	ɔbʒ[ɨ]tivadu	0
objetivamente	ɔbʒɛtivɐmẽtɨ	ɔbʒɨtivɐmẽntɨ	ɔbʒ[ɛ]tivɐmẽtɨ[]	ɔbʒ[ɨ]tivɐmẽnt[ɨ]	0
objetiva	ɔbʒɛtivɐ	ɔbʒɨtivɐ	ɔbʒ[ɛ]tivɐ	ɔbʒ[ɨ]tivɐ	0
objetivar	ɔbʒɛtivar	ɔbʒɨtivar	ɔbʒ[ɛ]tivar	ɔbʒ[ɨ]tivar	0
objetividade	ɔbʒɛtividadɨ	ɔbʒɨtividadɨ	ɔbʒ[ɛ]tividadɨ	ɔbʒ[ɨ]tividadɨ	0
objetivismo	ɔbʒɛtiviʒmu	ɔbʒɨtiviʒmu	ɔbʒ[ɛ]tiviʒmu	ɔbʒ[ɨ]tiviʒmu	0
objetivista	ɔbʒɛtiviʃtɐ	ɔbʒɨtiviʃtɐ	ɔbʒ[ɛ]tiviʃtɐ	ɔbʒ[ɨ]tiviʃtɐ	0
objetivo	ɔbʒɛtivu	ɔbʒɨtivu	ɔbʒ[ɛ]tivu	ɔbʒ[ɨ]tivu	0
objetor	ɔbʒɛtor	ɔbʒɨtor	ɔbʒ[ɛ]tor	ɔbʒ[ɨ]tor	0
ob-repção	ɔbʀɛpsɐ̃w̃	ɔbʀɨpsɐ̃w̃	ɔbʀ[ɛ]psɐ̃w̃	ɔbʀ[ɨ]psɐ̃w̃	0
obrigatoriedade	ɔbriɡɐturjɛdadɨ	ɔbriɡɐturiɨdadɨ	ɔbriɡɐturj[ɛ]dadɨ	ɔbriɡɐturi[ɨ]dadɨ	0
obsecração	ɔbsɨkrɐsɐ̃w̃	ɔbsɛkrɐsɐ̃w̃	ɔbs[ɨ]krɐsɐ̃w̃	ɔbs[ɛ]krɐsɐ̃w̃	0
obsecrar	ɔbsɨkrar	ɔbsɛkrar	ɔbs[ɨ]krar	ɔbs[ɛ]krar	0
obstetrical	ɔbʃtɛtrikaɫ	ɔbʃtɨtrikaɫ	ɔbʃt[ɛ]trikaɫ	ɔbʃt[ɨ]trikaɫ	0
obstetrícia	ɔbʃtɛtrisjɐ	ɔbʃtɨtrisjɐ	ɔbʃt[ɛ]trisjɐ	ɔbʃt[ɨ]trisjɐ	0
obstetrício	ɔbʃtɛtrisju	ɔbʃtɨtrisju	ɔbʃt[ɛ]trisju	ɔbʃt[ɨ]trisju	0
obstetriz	ɔbʃtɛtriʃ	ɔbʃtɨtriʃ	ɔbʃt[ɛ]triʃ	ɔbʃt[ɨ]triʃ	0
obviedade	ɔbvjɛdadɨ	ɔbviɨdadɨ	ɔbvj[ɛ]dadɨ	ɔbvi[ɨ]dadɨ	0
ogdoedria	ɔɡdɔɛdriɐ	ɔɡduɨdriɐ	ɔɡdɔ[ɛ]driɐ	ɔɡdu[ɨ]driɐ	0
olecraniano	ɔlɨkrɐnjɐnu	ɔlɛkrɐniɐ̃nu	ɔl[ɨ]krɐn[j]ɐ[]nu	ɔl[ɛ]krɐn[i]ɐ[̃]nu	0
olecrânio	ɔlɨkrɐnju	ɔlɛkrɐ̃nju	ɔl[ɨ]krɐ[]nju	ɔl[ɛ]krɐ[̃]nju	0
olecrano	ɔlɨkrɐnu	ɔlɛkrɐ̃nu	ɔl[ɨ]krɐ[]nu	ɔl[ɛ]krɐ[̃]nu	0
operculado	ɔpɛrkuladu	ɔpɨrkuladu	ɔp[ɛ]rkuladu	ɔp[ɨ]rkuladu	0
opercular	ɔpɛrkular	ɔpɨrkular	ɔp[ɛ]rkular	ɔp[ɨ]rkular	0
operculífero	ɔpɛrkulifɨru	ɔpɨrkulifɨru	ɔp[ɛ]rkulifɨru	ɔp[ɨ]rkulifɨru	0
operculiforme	ɔpɛrkulifɔrmɨ	ɔpɨrkulifɔrmɨ	ɔp[ɛ]rkulifɔrmɨ	ɔp[ɨ]rkulifɔrmɨ	0
orexia	ɔrɛksiɐ	ɔrɨksiɐ	ɔr[ɛ]ksiɐ	ɔr[ɨ]ksiɐ	0
orexomania	ɔrɛksɔmɐniɐ	ɔrɨksumɐniɐ	ɔr[ɛ]ks[ɔ]mɐniɐ	ɔr[ɨ]ks[u]mɐniɐ	0
ortoedria	ɔrtɔɛdriɐ	ɔrtuɨdriɐ	ɔrtɔ[ɛ]driɐ	ɔrtu[ɨ]driɐ	0
ortoepia	ɔrtɔɛpiɐ	ɔrtuɨpiɐ	ɔrtɔ[ɛ]piɐ	ɔrtu[ɨ]piɐ	0
palermice	pɐlɛrmisɨ	pɐlɨrmisɨ	pɐl[ɛ]rmisɨ	pɐl[ɨ]rmisɨ	0
paralexia	pɐrɐlɛksiɐ	pɐrɐlɨksiɐ	pɐrɐl[ɛ]ksiɐ	pɐrɐl[ɨ]ksiɐ	0
paraplegia	pɐrɐplɛʒiɐ	pɐrɐplɨʒiɐ	pɐrɐpl[ɛ]ʒiɐ	pɐrɐpl[ɨ]ʒiɐ	0
paraplexia	pɐrɐplɛksiɐ	pɐrɐplɨksiɐ	pɐrɐpl[ɛ]ksiɐ	pɐrɐpl[ɨ]ksiɐ	0
parietal	pɐrjɛtaɫ	pɐriɨtaɫ	pɐrj[ɛ]taɫ	pɐri[ɨ]taɫ	0
parietária	pɐrjɛtarjɐ	pɐriɨtarjɐ	pɐrj[ɛ]tarjɐ	pɐri[ɨ]tarjɐ	0
parietário	pɐrjɛtarju	pɐriɨtarju	pɐrj[ɛ]tarju	pɐri[ɨ]tarju	0
parietina	pɐrjɛtinɐ	pɐriɨtinɐ	pɐrj[ɛ]tinɐ	pɐri[ɨ]tinɐ	0
páter-famílias	patɛrfɐmiljɐʃ	patɨrfɐmilɪɐʃ	pat[ɛ]rfɐmil[j]ɐʃ	pat[ɨ]rfɐmil[ɪ]ɐʃ	0
pateticismo	pɐtɛtisiʒmu	pɐtɨtisiʒmu	pɐt[ɛ]tisiʒmu	pɐt[ɨ]tisiʒmu	0
pechada	pɨʃadɐ	pɛʃadɐ	p[ɨ]ʃadɐ	p[ɛ]ʃadɐ	0
pechelingue	pɨʃɨlĩɡɨ	pɛʃɨlĩnɡɨ	p[ɨ]ʃɨlĩɡɨ[]	p[ɛ]ʃɨlĩnɡ[ɨ]	0
pechilingue	pɨʃilĩɡɨ	pɛʃilĩnɡɨ	p[ɨ]ʃilĩɡɨ[]	p[ɛ]ʃilĩnɡ[ɨ]	0
pechincha	pɨʃĩʃɐ	pɛʃĩnʃɐ	p[ɨ]ʃĩʃɐ[]	p[ɛ]ʃĩnʃ[ɐ]	0
pechinchar	pɨʃĩʃar	pɛʃĩnʃar	p[ɨ]ʃĩʃar[]	p[ɛ]ʃĩnʃa[r]	0
pechincheiro	pɨʃĩʃɐjru	pɛʃĩnʃɐjru	p[ɨ]ʃĩʃɐjru[]	p[ɛ]ʃĩnʃɐjr[u]	0
pechincho	pɨʃĩʃu	pɛʃĩnʃu	p[ɨ]ʃĩʃu[]	p[ɛ]ʃĩnʃ[u]	0
pechisbeque	pɨʃiʒbɛkɨ	pɛʃiʒbɛkɨ	p[ɨ]ʃiʒbɛkɨ	p[ɛ]ʃiʒbɛkɨ	0
peemedebista	peɛmɨdebiʃtɐ	piɨmedɨbiʃtɐ	pe[ɛ]m[ɨ]d[e]biʃtɐ	pi[ɨ]m[e]d[ɨ]biʃtɐ	0
peessedebista	peɛsɨdebiʃtɐ	piɨsedɨbiʃtɐ	pe[ɛ]s[ɨ]d[e]biʃtɐ	pi[ɨ]s[e]d[ɨ]biʃtɐ	0
pelmalgia	pɛɫmaɫʒiɐ	pɨɫmaɫʒiɐ	p[ɛ]ɫmaɫʒiɐ	p[ɨ]ɫmaɫʒiɐ	0
pepéis	pɛpɐjʃ	pɨpɛjʃ	p[ɛ]p[ɐ]jʃ	p[ɨ]p[ɛ]jʃ	0
pepel	pɛpɛɫ	pɨpɛɫ	p[ɛ]pɛɫ	p[ɨ]pɛɫ	0
pia-máter	piɐmatɛr	piɐmatɨr	piɐmat[ɛ]r	piɐmat[ɨ]r	0
piedade	pjɛdadɨ	piɨdadɨ	pj[ɛ]dadɨ	pi[ɨ]dadɨ	0
piedoso	pjɛdozu	piɨdozu	pj[ɛ]dozu	pi[ɨ]dozu	0
pieguice	pjɛɡisɨ	piɨɡisɨ	pj[ɛ]ɡisɨ	pi[ɨ]ɡisɨ	0
pielite	pjɛlitɨ	piɨlitɨ	pj[ɛ]litɨ	pi[ɨ]litɨ	0
pielografia	pjɛlɔɡrɐfiɐ	piɨluɡrɐfiɐ	pj[ɛ]l[ɔ]ɡrɐfiɐ	pi[ɨ]l[u]ɡrɐfiɐ	0
pielonefrite	pjɛlɔnɨfritɨ	piɨlunɨfritɨ	pj[ɛ]l[ɔ]nɨfritɨ	pi[ɨ]l[u]nɨfritɨ	0
pielotomia	pjɛlɔtumiɐ	piɨlutumiɐ	pj[ɛ]l[ɔ]tumiɐ	pi[ɨ]l[u]tumiɐ	0
pierrô	pjɛʀo	piɨʀo	pj[ɛ]ʀo	pi[ɨ]ʀo	0
pierrot	pjɛʀo	piɨʀɔt	pj[ɛ]ʀo[]	pi[ɨ]ʀɔ[t]	0
pietismo	pjɛtiʒmu	piɨtiʒmu	pj[ɛ]tiʒmu	pi[ɨ]tiʒmu	0
pietista	pjɛtiʃtɐ	piɨtiʃtɐ	pj[ɛ]tiʃtɐ	pi[ɨ]tiʃtɐ	0
pietístico	pjɛtiʃtiku	piɨtiʃtiku	pj[ɛ]tiʃtiku	pi[ɨ]tiʃtiku	0
piezelectricidade	pjɛzilɛtrisidadɨ	piɨzelɛtrisidadɨ	pj[ɛ]z[i]lɛtrisidadɨ	pi[ɨ]z[e]lɛtrisidadɨ	0
piezeléctrico	pjɛzilɛtriku	piɨzɨlɛtriku	pj[ɛ]z[i]lɛtriku	pi[ɨ]z[ɨ]lɛtriku	0
piezeletricidade	pjɛzilɛtrisidadɨ	piɨzelɨtrisidadɨ	pj[ɛ]z[i]l[ɛ]trisidadɨ	pi[ɨ]z[e]l[ɨ]trisidadɨ	0
piezelétrico	pjɛzilɛtriku	piɨzɨlɛtriku	pj[ɛ]z[i]lɛtriku	pi[ɨ]z[ɨ]lɛtriku	0
piezoelectricidade	pjɛzɔilɛtrisidadɨ	piɨzuɨlɛtrisidadɨ	pj[ɛ]zɔ[i]lɛtrisidadɨ	pi[ɨ]zu[ɨ]lɛtrisidadɨ	0
piezoeléctrico	pjɛzɔilɛtriku	piɨzuɨlɛtriku	pj[ɛ]zɔ[i]lɛtriku	pi[ɨ]zu[ɨ]lɛtriku	0
piezoeletricidade	pjɛzɔilɛtrisidadɨ	piɨzuɨletrisidadɨ	pj[ɛ]zɔ[i]l[ɛ]trisidadɨ	pi[ɨ]zu[ɨ]l[e]trisidadɨ	0
piezoelétrico	pjɛzɔilɛtriku	piɨzuɨlɛtriku	pj[ɛ]zɔ[i]lɛtriku	pi[ɨ]zu[ɨ]lɛtriku	0
piezometria	pjɛzɔmɨtriɐ	piɨzumɨtriɐ	pj[ɛ]z[ɔ]mɨtriɐ	pi[ɨ]z[u]mɨtriɐ	0
piezométrico	pjɛzɔmɛtriku	piɨzumɛtriku	pj[ɛ]z[ɔ]mɛtriku	pi[ɨ]z[u]mɛtriku	0
piezômetro	pjɛzomɨtru	piɨzomɨtru	pj[ɛ]zomɨtru	pi[ɨ]zomɨtru	0
piezómetro	pjɛzɔmɨtru	piɨzɔmɨtru	pj[ɛ]zɔmɨtru	pi[ɨ]zɔmɨtru	0
piretogenético	pirɛtɔʒɨnɛtiku	pirɨtuʒɨnɛtiku	pir[ɛ]t[ɔ]ʒɨnɛtiku	pir[ɨ]t[u]ʒɨnɛtiku	0
piretologia	pirɛtuluʒiɐ	pirɨtuluʒiɐ	pir[ɛ]tuluʒiɐ	pir[ɨ]tuluʒiɐ	0
piretológico	pirɛtulɔʒiku	pirɨtulɔʒiku	pir[ɛ]tulɔʒiku	pir[ɨ]tulɔʒiku	0
piretologista	pirɛtuluʒiʃtɐ	pirɨtuluʒiʃtɐ	pir[ɛ]tuluʒiʃtɐ	pir[ɨ]tuluʒiʃtɐ	0
piretoterapia	pirɛtɔtɨrɐpiɐ	pirɨtutɨrɐpiɐ	pir[ɛ]t[ɔ]tɨrɐpiɐ	pir[ɨ]t[u]tɨrɐpiɐ	0
piretoterápico	pirɛtɔtɨrapiku	pirɨtutɨrapiku	pir[ɛ]t[ɔ]tɨrapiku	pir[ɨ]t[u]tɨrapiku	0
pirexia	pirɛksiɐ	pirɨksiɐ	pir[ɛ]ksiɐ	pir[ɨ]ksiɐ	0
pitecantropo	pitɛkɐ̃tropu	pitɨkɐ̃ntropu	pit[ɛ]kɐ̃[]tropu	pit[ɨ]kɐ̃[n]tropu	0
plácer	plasɛr	plasɨr	plas[ɛ]r	plas[ɨ]r	0
plagiedria	plɐʒjɛdriɐ	plɐʒiɨdriɐ	plɐʒj[ɛ]driɐ	plɐʒi[ɨ]driɐ	0
platelmintes	plɐtɛɫmĩtɨʃ	plɐtɨɫmĩntɨʃ	plɐt[ɛ]ɫmĩtɨʃ[]	plɐt[ɨ]ɫmĩntɨ[ʃ]	0
plexalgia	plɛksaɫʒiɐ	plɨksaɫʒiɐ	pl[ɛ]ksaɫʒiɐ	pl[ɨ]ksaɫʒiɐ	0
pneômetro	pnɛomɨtru	pnɨomɨtru	pn[ɛ]omɨtru	pn[ɨ]omɨtru	0
pneómetro	pnɛɔmɨtru	pnɨɔmɨtru	pn[ɛ]ɔmɨtru	pn[ɨ]ɔmɨtru	0
poesia	pwɛziɐ	puɨziɐ	pw[ɛ]ziɐ	pu[ɨ]ziɐ	0
poetaço	pwɛtasu	puɨtasu	pw[ɛ]tasu	pu[ɨ]tasu	0
poetar	pwɛtar	puɨtar	pw[ɛ]tar	pu[ɨ]tar	0
poetastro	pwɛtaʃtru	puɨtaʃtru	pw[ɛ]taʃtru	pu[ɨ]taʃtru	0
poetisa	pwɛtizɐ	puɨtizɐ	pw[ɛ]tizɐ	pu[ɨ]tizɐ	0
poetismo	pwɛtiʒmu	puɨtiʒmu	pw[ɛ]tiʒmu	pu[ɨ]tiʒmu	0
poetização	pwɛtizɐsɐ̃w̃	puɨtizɐsɐ̃w̃	pw[ɛ]tizɐsɐ̃w̃	pu[ɨ]tizɐsɐ̃w̃	0
poetizar	pwɛtizar	puɨtizar	pw[ɛ]tizar	pu[ɨ]tizar	0
pólder	pɔɫdɛr	pɔɫdɨr	pɔɫd[ɛ]r	pɔɫd[ɨ]r	0
porta-bebés	pɔrtɐbɛbɛʃ	pɔrtɐbɨbɛʃ	pɔrtɐb[ɛ]bɛʃ	pɔrtɐb[ɨ]bɛʃ	0
pós-puerperal	pɔʃpwɛrpɨraɫ	pɔʃpuɨrpɨraɫ	pɔʃpw[ɛ]rpɨraɫ	pɔʃpu[ɨ]rpɨraɫ	0
pôster	poʃtɛr	poʃtɨr	poʃt[ɛ]r	poʃt[ɨ]r	0
póster	pɔʃtɛr	pɔʃtɨr	pɔʃt[ɛ]r	pɔʃt[ɨ]r	0
preclaridade	prɨklɐridadɨ	prɛklɐridadɨ	pr[ɨ]klɐridadɨ	pr[ɛ]klɐridadɨ	0
preclaro	prɨklaru	prɛklaru	pr[ɨ]klaru	pr[ɛ]klaru	0
preclusão	prɨkluzɐ̃w̃	prɛkluzɐ̃w̃	pr[ɨ]kluzɐ̃w̃	pr[ɛ]kluzɐ̃w̃	0
preclusivo	prɨkluzivu	prɛkluzivu	pr[ɨ]kluzivu	pr[ɛ]kluzivu	0
prefabricação	prɛfɐbrikɐsɐ̃w̃	prɨfɐbrikɐsɐ̃w̃	pr[ɛ]fɐbrikɐsɐ̃w̃	pr[ɨ]fɐbrikɐsɐ̃w̃	0
prefabricado	prɛfɐbrikadu	prɨfɐbrikadu	pr[ɛ]fɐbrikadu	pr[ɨ]fɐbrikadu	0
prefabricar	prɛfɐbrikar	prɨfɐbrikar	pr[ɛ]fɐbrikar	pr[ɨ]fɐbrikar	0
prefloração	prɛflurɐsɐ̃w̃	prɨflurɐsɐ̃w̃	pr[ɛ]flurɐsɐ̃w̃	pr[ɨ]flurɐsɐ̃w̃	0
preflorescência	prɛflurɨʃsẽsjɐ	prɨflurɨʃsẽnsjɐ	pr[ɛ]flurɨʃsẽsjɐ[]	pr[ɨ]flurɨʃsẽnsj[ɐ]	0
pré-objetal	prɛɔbʒɛtaɫ	prɛɔbʒɨtaɫ	prɛɔbʒ[ɛ]taɫ	prɛɔbʒ[ɨ]taɫ	0
pré-rafaelismo	prɛʀɐfɐɛliʒmu	prɛʀɐfɐɨliʒmu	prɛʀɐfɐ[ɛ]liʒmu	prɛʀɐfɐ[ɨ]liʒmu	0
pré-rafaelita	prɛʀɐfɐɛlitɐ	prɛʀɐfɐɨlitɐ	prɛʀɐfɐ[ɛ]litɐ	prɛʀɐfɐ[ɨ]litɐ	0
prestesmente	prɛʃtɨʒmẽtɨ	prɨʃtɨʒmẽntɨ	pr[ɛ]ʃtɨʒmẽtɨ[]	pr[ɨ]ʃtɨʒmẽnt[ɨ]	0
primariedade	primɐrjɛdadɨ	primɐriɨdadɨ	primɐrj[ɛ]dadɨ	primɐri[ɨ]dadɨ	0
prócer	prɔsɛr	prɔsɨr	prɔs[ɛ]r	prɔs[ɨ]r	0
processologia	prusɛsuluʒiɐ	prusɨsuluʒiɐ	prus[ɛ]suluʒiɐ	prus[ɨ]suluʒiɐ	0
processológico	prusɛsulɔʒiku	prusɨsulɔʒiku	prus[ɛ]sulɔʒiku	prus[ɨ]sulɔʒiku	0
processual	prusɛswaɫ	prusɨsuaɫ	prus[ɛ]s[w]aɫ	prus[ɨ]s[u]aɫ	0
proemial	prwɛmjaɫ	pruɨmiaɫ	prw[ɛ]m[j]aɫ	pru[ɨ]m[i]aɫ	0
proemiar	prwɛmjar	pruɨmiar	prw[ɛ]m[j]ar	pru[ɨ]m[i]ar	0
projeção	pruʒɛsɐ̃w̃	pruʒɨsɐ̃w̃	pruʒ[ɛ]sɐ̃w̃	pruʒ[ɨ]sɐ̃w̃	0
projecional	pruʒɛsjunaɫ	pruʒɨsjunaɫ	pruʒ[ɛ]sjunaɫ	pruʒ[ɨ]sjunaɫ	0
projecionista	pruʒɛsjuniʃtɐ	pruʒɨsjuniʃtɐ	pruʒ[ɛ]sjuniʃtɐ	pruʒ[ɨ]sjuniʃtɐ	0
projetação	pruʒɛtɐsɐ̃w̃	pruʒɨtɐsɐ̃w̃	pruʒ[ɛ]tɐsɐ̃w̃	pruʒ[ɨ]tɐsɐ̃w̃	0
projetado	pruʒɛtadu	pruʒɨtadu	pruʒ[ɛ]tadu	pruʒ[ɨ]tadu	0
projetante	pruʒɛtɐ̃tɨ	pruʒɨtɐ̃ntɨ	pruʒ[ɛ]tɐ̃[]tɨ	pruʒ[ɨ]tɐ̃[n]tɨ	0
projetar	pruʒɛtar	pruʒɨtar	pruʒ[ɛ]tar	pruʒ[ɨ]tar	0
projetável	pruʒɛtavɛɫ	pruʒɨtavɛɫ	pruʒ[ɛ]tavɛɫ	pruʒ[ɨ]tavɛɫ	0
projetista	pruʒɛtiʃtɐ	pruʒɨtiʃtɐ	pruʒ[ɛ]tiʃtɐ	pruʒ[ɨ]tiʃtɐ	0
projetivo	pruʒɛtivu	pruʒɨtivu	pruʒ[ɛ]tivu	pruʒ[ɨ]tivu	0
projetor	pruʒɛtor	pruʒɨtor	pruʒ[ɛ]tor	pruʒ[ɨ]tor	0
projetura	pruʒɛturɐ	pruʒɨturɐ	pruʒ[ɛ]turɐ	pruʒ[ɨ]turɐ	0
propriedade	prupriɛdadɨ	prupriɨdadɨ	prupri[ɛ]dadɨ	prupri[ɨ]dadɨ	0
proprietário	prupriɛtarju	prupriɨtarju	prupri[ɛ]tarju	prupri[ɨ]tarju	0
prospeção	pruʃpɛsɐ̃w̃	pruʃpɨsɐ̃w̃	pruʃp[ɛ]sɐ̃w̃	pruʃp[ɨ]sɐ̃w̃	0
prospetar	pruʃpɛtar	pruʃpɨtar	pruʃp[ɛ]tar	pruʃp[ɨ]tar	0
prospetiva	pruʃpɛtivɐ	pruʃpɨtivɐ	pruʃp[ɛ]tivɐ	pruʃp[ɨ]tivɐ	0
prospetivo	pruʃpɛtivu	pruʃpɨtivu	pruʃp[ɛ]tivu	pruʃp[ɨ]tivu	0
prospetor	pruʃpɛtor	pruʃpɨtor	pruʃp[ɛ]tor	pruʃp[ɨ]tor	0
prossetor	prusɛtor	prusɨtor	prus[ɛ]tor	prus[ɨ]tor	0
proteção	prutɛsɐ̃w̃	prutɨsɐ̃w̃	prut[ɛ]sɐ̃w̃	prut[ɨ]sɐ̃w̃	0
protecional	prutɛsjunaɫ	prutɨsjunaɫ	prut[ɛ]sjunaɫ	prut[ɨ]sjunaɫ	0
protecionismo	prutɛsjuniʒmu	prutɨsjuniʒmu	prut[ɛ]sjuniʒmu	prut[ɨ]sjuniʒmu	0
protecionista	prutɛsjuniʃtɐ	prutɨsjuniʃtɐ	prut[ɛ]sjuniʃtɐ	prut[ɨ]sjuniʃtɐ	0
protetorado	prutɛturadu	prutɨturadu	prut[ɛ]turadu	prut[ɨ]turadu	0
protetoral	prutɛturaɫ	prutɨturaɫ	prut[ɛ]turaɫ	prut[ɨ]turaɫ	0
protetoria	prutɛturiɐ	prutɨturiɐ	prut[ɛ]turiɐ	prut[ɨ]turiɐ	0
protetório	prutɛtɔrju	prutɨtɔrju	prut[ɛ]tɔrju	prut[ɨ]tɔrju	0
protetor	prutɛtor	prutɨtor	prut[ɛ]tor	prut[ɨ]tor	0
provisoriedade	pruvizurjɛdadɨ	pruvizuriɨdadɨ	pruvizurj[ɛ]dadɨ	pruvizuri[ɨ]dadɨ	0
psefologia	psɛfuluʒiɐ	psɨfuluʒiɐ	ps[ɛ]fuluʒiɐ	ps[ɨ]fuluʒiɐ	0
psefológico	psɛfulɔʒiku	psɨfulɔʒiku	ps[ɛ]fulɔʒiku	ps[ɨ]fulɔʒiku	0
psefologista	psɛfuluʒiʃtɐ	psɨfuluʒiʃtɐ	ps[ɛ]fuluʒiʃtɐ	ps[ɨ]fuluʒiʃtɐ	0
pteridófitas	ptɛridɔfitɐʃ	ptɨridɔfitɐʃ	pt[ɛ]ridɔfitɐʃ	pt[ɨ]ridɔfitɐʃ	0
pteridologia	ptɛriduluʒiɐ	ptɨriduluʒiɐ	pt[ɛ]riduluʒiɐ	pt[ɨ]riduluʒiɐ	0
pteridológico	ptɛridulɔʒiku	ptɨridulɔʒiku	pt[ɛ]ridulɔʒiku	pt[ɨ]ridulɔʒiku	0
pteridólogo	ptɛridɔluɡu	ptɨridɔluɡu	pt[ɛ]ridɔluɡu	pt[ɨ]ridɔluɡu	0
pteridospérmicas	ptɛridɔʃpɛrmikɐʃ	ptɨriduʃpɛrmikɐʃ	pt[ɛ]rid[ɔ]ʃpɛrmikɐʃ	pt[ɨ]rid[u]ʃpɛrmikɐʃ	0
pternalgia	ptɛrnaɫʒiɐ	ptɨrnaɫʒiɐ	pt[ɛ]rnaɫʒiɐ	pt[ɨ]rnaɫʒiɐ	0
pterobranquiado	ptɛrɔbrɐ̃kjadu	ptɨrubrɐ̃nkiadu	pt[ɛ]r[ɔ]brɐ̃[]k[j]adu	pt[ɨ]r[u]brɐ̃[n]k[i]adu	0
pterobrânquio	ptɛrɔbrɐ̃kju	ptɨrubrɐ̃nkiw	pt[ɛ]r[ɔ]brɐ̃[]kj[u]	pt[ɨ]r[u]brɐ̃[n]ki[w]	0
pteróclidas	ptɛrɔklidɐʃ	ptɨrɔklidɐʃ	pt[ɛ]rɔklidɐʃ	pt[ɨ]rɔklidɐʃ	0
pteroclídeos	ptɛrɔklidjuʃ	ptɨruklidiwʃ	pt[ɛ]r[ɔ]klidj[u]ʃ	pt[ɨ]r[u]klidi[w]ʃ	0
pterodáctilo	ptɛrɔdaktilu	ptɨrudatilu	pt[ɛ]r[ɔ]da[k]tilu	pt[ɨ]r[u]da[]tilu	0
pterodátilo	ptɛrɔdatilu	ptɨrudatilu	pt[ɛ]r[ɔ]datilu	pt[ɨ]r[u]datilu	0
pterofagia	ptɛrɔfɐʒiɐ	ptɨrufɐʒiɐ	pt[ɛ]r[ɔ]fɐʒiɐ	pt[ɨ]r[u]fɐʒiɐ	0
pterofóridas	ptɛrɔfɔridɐʃ	ptɨrufɔridɐʃ	pt[ɛ]r[ɔ]fɔridɐʃ	pt[ɨ]r[u]fɔridɐʃ	0
pteroforídeos	ptɛrɔfuridjuʃ	ptɨrufuridiwʃ	pt[ɛ]r[ɔ]furidj[u]ʃ	pt[ɨ]r[u]furidi[w]ʃ	0
pteron	ptɛrɔn	ptɨrõm	pt[ɛ]rɔn[]	pt[ɨ]rõ[m]	0
pterópode	ptɛrɔpudɨ	ptɨrɔpudɨ	pt[ɛ]rɔpudɨ	pt[ɨ]rɔpudɨ	0
pterossauro	ptɛrɔsawru	ptɨrusawru	pt[ɛ]r[ɔ]sawru	pt[ɨ]r[u]sawru	0
pterossauros	ptɛrɔsawruʃ	ptɨrusawruʃ	pt[ɛ]r[ɔ]sawruʃ	pt[ɨ]r[u]sawruʃ	0
pterótico	ptɛrɔtiku	ptɨrɔtiku	pt[ɛ]rɔtiku	pt[ɨ]rɔtiku	0
puelar	pwɛlar	puɨlar	pw[ɛ]lar	pu[ɨ]lar	0
puerícia	pwɛrisjɐ	puɨrisjɐ	pw[ɛ]risjɐ	pu[ɨ]risjɐ	0
puericultor	pwɛrikuɫtor	puɨrikuɫtor	pw[ɛ]rikuɫtor	pu[ɨ]rikuɫtor	0
puericultura	pwɛrikuɫturɐ	puɨrikuɫturɐ	pw[ɛ]rikuɫturɐ	pu[ɨ]rikuɫturɐ	0
puerilidade	pwɛrilidadɨ	puɨrilidadɨ	pw[ɛ]rilidadɨ	pu[ɨ]rilidadɨ	0
puerilismo	pwɛriliʒmu	puɨriliʒmu	pw[ɛ]riliʒmu	pu[ɨ]riliʒmu	0
puerilizar	pwɛrilizar	puɨrilizar	pw[ɛ]rilizar	pu[ɨ]rilizar	0
pueril	pwɛriɫ	puɨriɫ	pw[ɛ]riɫ	pu[ɨ]riɫ	0
puerperalidade	pwɛrpɨrɐlidadɨ	puɨrperɐlidadɨ	pw[ɛ]rp[ɨ]rɐlidadɨ	pu[ɨ]rp[e]rɐlidadɨ	0
puerperal	pwɛrpɨraɫ	puɨrpɨraɫ	pw[ɛ]rpɨraɫ	pu[ɨ]rpɨraɫ	0
puerpério	pwɛrpɛrju	puɨrpɛrju	pw[ɛ]rpɛrju	pu[ɨ]rpɛrju	0
pulôver	pulovɛr	pulovɨr	pulov[ɛ]r	pulov[ɨ]r	0
quadrienal	kwɐdrjɛnaɫ	kwɐdriɨnaɫ	kwɐdrj[ɛ]naɫ	kwɐdri[ɨ]naɫ	0
quatrienal	kwɐtrjɛnaɫ	kwɐtriɨnaɫ	kwɐtrj[ɛ]naɫ	kwɐtri[ɨ]naɫ	0
quefir	kɛfir	kɨfir	k[ɛ]fir	k[ɨ]fir	0
querar	kɛrar	kɨrar	k[ɛ]rar	k[ɨ]rar	0
quetzal	kɛtzaɫ	kɨtzaɫ	k[ɛ]tzaɫ	k[ɨ]tzaɫ	0
quiescente	kjɛʃsẽtɨ	kiɨʃsẽntɨ	kj[ɛ]ʃsẽtɨ[]	ki[ɨ]ʃsẽnt[ɨ]	0
qüiescente	kwjɛʃsẽtɨ	kwiɨʃsẽntɨ	kwj[ɛ]ʃsẽtɨ[]	kwi[ɨ]ʃsẽnt[ɨ]	0
quietação	kjɛtɐsɐ̃w̃	kiɨtɐsɐ̃w̃	kj[ɛ]tɐsɐ̃w̃	ki[ɨ]tɐsɐ̃w̃	0
quietar	kjɛtar	kiɨtar	kj[ɛ]tar	ki[ɨ]tar	0
quietismo	kjɛtiʒmu	kiɨtiʒmu	kj[ɛ]tiʒmu	ki[ɨ]tiʒmu	0
quietista	kjɛtiʃtɐ	kiɨtiʃtɐ	kj[ɛ]tiʃtɐ	ki[ɨ]tiʃtɐ	0
quietude	kjɛtudɨ	kiɨtudɨ	kj[ɛ]tudɨ	ki[ɨ]tudɨ	0
quiledi	kilɛdi	kilɨdi	kil[ɛ]di	kil[ɨ]di	0
quinesioterapia	kinɛzjɔtɨrɐpiɐ	kinɨziuterɐpiɐ	kin[ɛ]zj[ɔ]t[ɨ]rɐpiɐ	kin[ɨ]zi[u]t[e]rɐpiɐ	0
quírie	kirjɛ	kirjɨ	kirj[ɛ]	kirj[ɨ]	0
rafaelesco	ʀɐfɐɛleʃku	ʀɐfɐɨleʃku	ʀɐfɐ[ɛ]leʃku	ʀɐfɐ[ɨ]leʃku	0
rafaelismo	ʀɐfɐɛliʒmu	ʀɐfɐɨliʒmu	ʀɐfɐ[ɛ]liʒmu	ʀɐfɐ[ɨ]liʒmu	0
rafaelista	ʀɐfɐɛliʃtɐ	ʀɐfɐɨliʃtɐ	ʀɐfɐ[ɛ]liʃtɐ	ʀɐfɐ[ɨ]liʃtɐ	0
raios-de-júpiter	ʀajuʒdɨʒupitɛr	ʀajuʒdɨʒupitɨr	ʀajuʒdɨʒupit[ɛ]r	ʀajuʒdɨʒupit[ɨ]r	0
rechaçado	ʀɨʃɐsadu	ʀɛʃɐsadu	ʀ[ɨ]ʃɐsadu	ʀ[ɛ]ʃɐsadu	0
rechaçar	ʀɨʃɐsar	ʀɛʃɐsar	ʀ[ɨ]ʃɐsar	ʀ[ɛ]ʃɐsar	0
rechaço	ʀɨʃasu	ʀɛʃasu	ʀ[ɨ]ʃasu	ʀ[ɛ]ʃasu	0
rechamada	ʀɨʃɐmadɐ	ʀɛʃɐmadɐ	ʀ[ɨ]ʃɐmadɐ	ʀ[ɛ]ʃɐmadɐ	0
rechapagem	ʀɨʃɐpaʒɐ̃j̃	ʀɛʃɐpaʒɐjn	ʀ[ɨ]ʃɐpaʒɐ[̃]j[̃]	ʀ[ɛ]ʃɐpaʒɐ[]j[n]	0
rechapar	ʀɨʃɐpar	ʀɛʃɐpar	ʀ[ɨ]ʃɐpar	ʀ[ɛ]ʃɐpar	0
rechã	ʀɨʃɐ̃	ʀɛʃɐ̃	ʀ[ɨ]ʃɐ̃	ʀ[ɛ]ʃɐ̃	0
recheado	ʀɨʃjadu	ʀɛʃiadu	ʀ[ɨ]ʃ[j]adu	ʀ[ɛ]ʃ[i]adu	0
recheadura	ʀɨʃjɐdurɐ	ʀɛʃiɐdurɐ	ʀ[ɨ]ʃ[j]ɐdurɐ	ʀ[ɛ]ʃ[i]ɐdurɐ	0
rechear	ʀɨʃjar	ʀɛʃiar	ʀ[ɨ]ʃ[j]ar	ʀ[ɛ]ʃ[i]ar	0
rechegar	ʀɨʃɨɡar	ʀɛʃɨɡar	ʀ[ɨ]ʃɨɡar	ʀ[ɛ]ʃɨɡar	0
rechega	ʀɨʃeɡɐ	ʀɛʃeɡɐ	ʀ[ɨ]ʃeɡɐ	ʀ[ɛ]ʃeɡɐ	0
rechego	ʀɨʃeɡu	ʀɛʃeɡu	ʀ[ɨ]ʃeɡu	ʀ[ɛ]ʃeɡu	0
recheio	ʀɨʃɐju	ʀɛʃeju	ʀ[ɨ]ʃ[ɐ]ju	ʀ[ɛ]ʃ[e]ju	0
rechiar	ʀɨʃjar	ʀɛʃiar	ʀ[ɨ]ʃ[j]ar	ʀ[ɛ]ʃ[i]ar	0
rechinante	ʀɨʃinɐ̃tɨ	ʀɛʃinɐ̃ntɨ	ʀ[ɨ]ʃinɐ̃[]tɨ	ʀ[ɛ]ʃinɐ̃[n]tɨ	0
rechinar	ʀɨʃinar	ʀɛʃinar	ʀ[ɨ]ʃinar	ʀ[ɛ]ʃinar	0
rechina	ʀɨʃinɐ	ʀɛʃinɐ	ʀ[ɨ]ʃinɐ	ʀ[ɛ]ʃinɐ	0
rechino	ʀɨʃinu	ʀɛʃinu	ʀ[ɨ]ʃinu	ʀ[ɛ]ʃinu	0
rechonchar	ʀɨʃõʃar	ʀɛʃõnʃar	ʀ[ɨ]ʃõʃar[]	ʀ[ɛ]ʃõnʃa[r]	0
rechonchudo	ʀɨʃõʃudu	ʀɛʃõnʃudu	ʀ[ɨ]ʃõʃu[d]u[]	ʀ[ɛ]ʃõn[ʃ]ud[u]	0
reclamação	ʀɨklɐmɐsɐ̃w̃	ʀɛklɐmɐsɐ̃w̃	ʀ[ɨ]klɐmɐsɐ̃w̃	ʀ[ɛ]klɐmɐsɐ̃w̃	0
reclamador	ʀɨklɐmɐdor	ʀɛklɐmɐdor	ʀ[ɨ]klɐmɐdor	ʀ[ɛ]klɐmɐdor	0
reclamado	ʀɨklɐmadu	ʀɛklɐmadu	ʀ[ɨ]klɐmadu	ʀ[ɛ]klɐmadu	0
reclamante	ʀɨklɐmɐ̃tɨ	ʀɛklɐmɐ̃ntɨ	ʀ[ɨ]klɐmɐ̃[]tɨ	ʀ[ɛ]klɐmɐ̃[n]tɨ	0
reclamável	ʀɨklɐmavɛɫ	ʀɛklɐmavɛɫ	ʀ[ɨ]klɐmavɛɫ	ʀ[ɛ]klɐmavɛɫ	0
reclassificação	ʀɨklɐsifikɐsɐ̃w̃	ʀɛklɐsifikɐsɐ̃w̃	ʀ[ɨ]klɐsifikɐsɐ̃w̃	ʀ[ɛ]klɐsifikɐsɐ̃w̃	0
reclassificar	ʀɨklɐsifikar	ʀɛklɐsifikar	ʀ[ɨ]klɐsifikar	ʀ[ɛ]klɐsifikar	0
reclassificável	ʀɨklɐsifikavɛɫ	ʀɛklɐsifikavɛɫ	ʀ[ɨ]klɐsifikavɛɫ	ʀ[ɛ]klɐsifikavɛɫ	0
reclinação	ʀɨklinɐsɐ̃w̃	ʀɛklinɐsɐ̃w̃	ʀ[ɨ]klinɐsɐ̃w̃	ʀ[ɛ]klinɐsɐ̃w̃	0
reclinado	ʀɨklinadu	ʀɛklinadu	ʀ[ɨ]klinadu	ʀ[ɛ]klinadu	0
reclinar	ʀɨklinar	ʀɛklinar	ʀ[ɨ]klinar	ʀ[ɛ]klinar	0
reclinatório	ʀɨklinɐtɔrju	ʀɛklinɐtɔrju	ʀ[ɨ]klinɐtɔrju	ʀ[ɛ]klinɐtɔrju	0
reclinável	ʀɨklinavɛɫ	ʀɛklinavɛɫ	ʀ[ɨ]klinavɛɫ	ʀ[ɛ]klinavɛɫ	0
recluir	ʀɨklwir	ʀɛkluir	ʀ[ɨ]kl[w]ir	ʀ[ɛ]kl[u]ir	0
reclusão	ʀɨkluzɐ̃w̃	ʀɛkluzɐ̃w̃	ʀ[ɨ]kluzɐ̃w̃	ʀ[ɛ]kluzɐ̃w̃	0
recluso	ʀɨkluzu	ʀɛkluzu	ʀ[ɨ]kluzu	ʀ[ɛ]kluzu	0
recorde	ʀɛkɔrdɨ	ʀɨkɔrdɨ	ʀ[ɛ]kɔrdɨ	ʀ[ɨ]kɔrdɨ	0
recravar	ʀɨkrɐvar	ʀɛkrɐvar	ʀ[ɨ]krɐvar	ʀ[ɛ]krɐvar	0
recrava	ʀɨkravɐ	ʀɛkravɐ	ʀ[ɨ]kravɐ	ʀ[ɛ]kravɐ	0
recreação	ʀɨkrjɐsɐ̃w̃	ʀɛkriɐsɐ̃w̃	ʀ[ɨ]kr[j]ɐsɐ̃w̃	ʀ[ɛ]kr[i]ɐsɐ̃w̃	0
recreador	ʀɨkrjɐdor	ʀɛkriɐdor	ʀ[ɨ]kr[j]ɐdor	ʀ[ɛ]kr[i]ɐdor	0
recrear	ʀɨkrjar	ʀɛkriar	ʀ[ɨ]kr[j]ar	ʀ[ɛ]kr[i]ar	0
recreativo	ʀɨkrjɐtivu	ʀɛkriɐtivu	ʀ[ɨ]kr[j]ɐtivu	ʀ[ɛ]kr[i]ɐtivu	0
recreatório	ʀɨkrjɐtɔrju	ʀɛkriɐtɔrju	ʀ[ɨ]kr[j]ɐtɔrju	ʀ[ɛ]kr[i]ɐtɔrju	0
recredencial	ʀɨkrɨdẽsjaɫ	ʀɛkrɨdensiaɫ	ʀ[ɨ]krɨdẽ[]s[j]aɫ	ʀ[ɛ]krɨde[n]s[i]aɫ	0
recreio	ʀɨkrɐju	ʀɛkreju	ʀ[ɨ]kr[ɐ]ju	ʀ[ɛ]kr[e]ju	0
recrementício	ʀɨkrɨmẽtisju	ʀɛkrɨmẽntisju	ʀ[ɨ]krɨmẽtisju[]	ʀ[ɛ]krɨmẽntisj[u]	0
recremento	ʀɨkrɨmẽtu	ʀɛkrɨmẽntu	ʀ[ɨ]krɨmẽtu[]	ʀ[ɛ]krɨmẽnt[u]	0
recrescente	ʀɨkrɨʃsẽtɨ	ʀɛkrɨʃsẽntɨ	ʀ[ɨ]krɨʃsẽtɨ[]	ʀ[ɛ]krɨʃsẽnt[ɨ]	0
recrescer	ʀɨkrɨʃser	ʀɛkrɨʃser	ʀ[ɨ]krɨʃser	ʀ[ɛ]krɨʃser	0
recrescimento	ʀɨkrɨʃsimẽtu	ʀɛkrɨʃsimẽntu	ʀ[ɨ]krɨʃsimẽtu[]	ʀ[ɛ]krɨʃsimẽnt[u]	0
recréscimo	ʀɨkrɛʃsimu	ʀɛkrɛʃsimu	ʀ[ɨ]krɛʃsimu	ʀ[ɛ]krɛʃsimu	0
recrestar	ʀɨkrɨʃtar	ʀɛkrɨʃtar	ʀ[ɨ]krɨʃtar	ʀ[ɛ]krɨʃtar	0
recriação	ʀɨkrjɐsɐ̃w̃	ʀɛkriɐsɐ̃w̃	ʀ[ɨ]kr[j]ɐsɐ̃w̃	ʀ[ɛ]kr[i]ɐsɐ̃w̃	0
recriar	ʀɨkrjar	ʀɛkriar	ʀ[ɨ]kr[j]ar	ʀ[ɛ]kr[i]ar	0
recria	ʀɨkriɐ	ʀɛkriɐ	ʀ[ɨ]kriɐ	ʀ[ɛ]kriɐ	0
recriminação	ʀɨkriminɐsɐ̃w̃	ʀɛkriminɐsɐ̃w̃	ʀ[ɨ]kriminɐsɐ̃w̃	ʀ[ɛ]kriminɐsɐ̃w̃	0
recriminador	ʀɨkriminɐdor	ʀɛkriminɐdor	ʀ[ɨ]kriminɐdor	ʀ[ɛ]kriminɐdor	0
recriminado	ʀɨkriminadu	ʀɛkriminadu	ʀ[ɨ]kriminadu	ʀ[ɛ]kriminadu	0
recriminar	ʀɨkriminar	ʀɛkriminar	ʀ[ɨ]kriminar	ʀ[ɛ]kriminar	0
recriminatório	ʀɨkriminɐtɔrju	ʀɛkriminɐtɔrju	ʀ[ɨ]kriminɐtɔrju	ʀ[ɛ]kriminɐtɔrju	0
recristalização	ʀɨkriʃtɐlizɐsɐ̃w̃	ʀɛkriʃtɐlizɐsɐ̃w̃	ʀ[ɨ]kriʃtɐlizɐsɐ̃w̃	ʀ[ɛ]kriʃtɐlizɐsɐ̃w̃	0
recristianização	ʀɨkriʃtjɐnizɐsɐ̃w̃	ʀɛkriʃtiɐnizɐsɐ̃w̃	ʀ[ɨ]kriʃt[j]ɐnizɐsɐ̃w̃	ʀ[ɛ]kriʃt[i]ɐnizɐsɐ̃w̃	0
recristianizar	ʀɨkriʃtjɐnizar	ʀɛkriʃtiɐnizar	ʀ[ɨ]kriʃt[j]ɐnizar	ʀ[ɛ]kriʃt[i]ɐnizar	0
recrudescência	ʀɨkrudɨʃsẽsjɐ	ʀɛkrudɨʃsẽnsjɐ	ʀ[ɨ]krudɨʃsẽsjɐ[]	ʀ[ɛ]krudɨʃsẽnsj[ɐ]	0
recrudescente	ʀɨkrudɨʃsẽtɨ	ʀɛkrudɨʃsẽntɨ	ʀ[ɨ]krudɨʃsẽtɨ[]	ʀ[ɛ]krudɨʃsẽnt[ɨ]	0
recrudescer	ʀɨkrudɨʃser	ʀɛkrudɨʃser	ʀ[ɨ]krudɨʃser	ʀ[ɛ]krudɨʃser	0
recrudescido	ʀɨkrudɨʃsidu	ʀɛkrudɨʃsidu	ʀ[ɨ]krudɨʃsidu	ʀ[ɛ]krudɨʃsidu	0
recrudescimento	ʀɨkrudɨʃsimẽtu	ʀɛkrudɨʃsimẽntu	ʀ[ɨ]krudɨʃsimẽtu[]	ʀ[ɛ]krudɨʃsimẽnt[u]	0
recru	ʀɨkru	ʀɛkru	ʀ[ɨ]kru	ʀ[ɛ]kru	0
recrutamento	ʀɨkrutɐmẽtu	ʀɛkrutɐmẽntu	ʀ[ɨ]krutɐmẽtu[]	ʀ[ɛ]krutɐmẽnt[u]	0
recrutar	ʀɨkrutar	ʀɛkrutar	ʀ[ɨ]krutar	ʀ[ɛ]krutar	0
recruta	ʀɨkrutɐ	ʀɛkrutɐ	ʀ[ɨ]krutɐ	ʀ[ɛ]krutɐ	0
recrutável	ʀɨkrutavɛɫ	ʀɛkrutavɛɫ	ʀ[ɨ]krutavɛɫ	ʀ[ɛ]krutavɛɫ	0
recruzar	ʀɨkruzar	ʀɛkruzar	ʀ[ɨ]kruzar	ʀ[ɛ]kruzar	0
recruzetado	ʀɨkruzɨtadu	ʀɛkruzɨtadu	ʀ[ɨ]kruzɨtadu	ʀ[ɛ]kruzɨtadu	0
resseção	ʀɨsɛsɐ̃w̃	ʀɨsɨsɐ̃w̃	ʀɨs[ɛ]sɐ̃w̃	ʀɨs[ɨ]sɐ̃w̃	0
retalgia	ʀɛtaɫʒiɐ	ʀɨtaɫʒiɐ	ʀ[ɛ]taɫʒiɐ	ʀ[ɨ]taɫʒiɐ	0
retal	ʀɛtaɫ	ʀɨtaɫ	ʀ[ɛ]taɫ	ʀ[ɨ]taɫ	0
retor	ʀɛtor	ʀɨtor	ʀ[ɛ]tor	ʀ[ɨ]tor	0
retriz	ʀɛtriʃ	ʀɨtriʃ	ʀ[ɛ]triʃ	ʀ[ɨ]triʃ	0
retrofletido	ʀɛtrɔflɛtidu	ʀɛtrɔflɨtidu	ʀɛtrɔfl[ɛ]tidu	ʀɛtrɔfl[ɨ]tidu	0
retroflexão	ʀɛtrɔflɛksɐ̃w̃	ʀɛtrɔflɨksɐ̃w̃	ʀɛtrɔfl[ɛ]ksɐ̃w̃	ʀɛtrɔfl[ɨ]ksɐ̃w̃	0
retroprojeção	ʀɛtrɔpruʒɛsɐ̃w̃	ʀɛtrɔpruʒɨsɐ̃w̃	ʀɛtrɔpruʒ[ɛ]sɐ̃w̃	ʀɛtrɔpruʒ[ɨ]sɐ̃w̃	0
retroprojetor	ʀɛtrɔpruʒɛtor	ʀɛtrɔpruʒɨtor	ʀɛtrɔpruʒ[ɛ]tor	ʀɛtrɔpruʒ[ɨ]tor	0
retrospeção	ʀɛtrɔʃpɛsɐ̃w̃	ʀɛtrɔʃpɨsɐ̃w̃	ʀɛtrɔʃp[ɛ]sɐ̃w̃	ʀɛtrɔʃp[ɨ]sɐ̃w̃	0
retrospetiva	ʀɛtrɔʃpɛtivɐ	ʀɛtrɔʃpɨtivɐ	ʀɛtrɔʃp[ɛ]tivɐ	ʀɛtrɔʃp[ɨ]tivɐ	0
retrospetivo	ʀɛtrɔʃpɛtivu	ʀɛtrɔʃpɨtivu	ʀɛtrɔʃp[ɛ]tivu	ʀɛtrɔʃp[ɨ]tivu	0
ribesiáceas	ʀibɛzjasjɐʃ	ʀibɨziasiɐʃ	ʀib[ɛ]z[j]as[j]ɐʃ	ʀib[ɨ]z[i]as[i]ɐʃ	0
ribesiáceo	ʀibɛzjasju	ʀibɨziasiw	ʀib[ɛ]z[j]asj[u]	ʀib[ɨ]z[i]asi[w]	0
rickettsia	ʀikɛtziɐ	ʀikɨtsiɐ	ʀik[ɛ]t[z]iɐ	ʀik[ɨ]t[s]iɐ	0
rickettsiose	ʀikɛtzjozɨ	ʀikɨtsiɔzɨ	ʀik[ɛ]tzj[o]zɨ	ʀik[ɨ]tsi[ɔ]zɨ	0
róber	ʀɔbɛr	ʀɔbɨr	ʀɔb[ɛ]r	ʀɔb[ɨ]r	0
saeliano	sɐɛljɐnu	sɐɨliɐ̃nu	sɐ[ɛ]l[j]ɐ[]nu	sɐ[ɨ]l[i]ɐ[̃]nu	0
saheliano	sɐɛljɐnu	sɐɨliɐ̃nu	sɐ[ɛ]l[j]ɐ[]nu	sɐ[ɨ]l[i]ɐ[̃]nu	0
sapezal	sɐpɛzaɫ	sɐpɨzaɫ	sɐp[ɛ]zaɫ	sɐp[ɨ]zaɫ	0
sapezeiro	sɐpɛzɐjru	sɐpɨzɐjru	sɐp[ɛ]zɐjru	sɐp[ɨ]zɐjru	0
seção	sɛsɐ̃w̃	sɨsɐ̃w̃	s[ɛ]sɐ̃w̃	s[ɨ]sɐ̃w̃	0
sechuana	sɨʃwɐnɐ	sɛʃuɐ̃nɐ	s[ɨ]ʃ[w]ɐ[]nɐ	s[ɛ]ʃ[u]ɐ[̃]nɐ	0
sechuanas	sɨʃwɐnɐʃ	sɛʃuɐ̃nɐʃ	s[ɨ]ʃ[w]ɐ[]nɐʃ	s[ɛ]ʃ[u]ɐ[̃]nɐʃ	0
secreção	sɨkrɨsɐ̃w̃	sɛkrɨsɐ̃w̃	s[ɨ]krɨsɐ̃w̃	s[ɛ]krɨsɐ̃w̃	0
secretamente	sɨkrɛtɐmẽtɨ	sɛkrɛtɐmẽntɨ	s[ɨ]krɛtɐmẽtɨ[]	s[ɛ]krɛtɐmẽnt[ɨ]	0
secretariado	sɨkrɨtɐrjadu	sɛkrɨtɐriadu	s[ɨ]krɨtɐr[j]adu	s[ɛ]krɨtɐr[i]adu	0
secretarial	sɨkrɨtɐrjaɫ	sɛkrɨtɐriaɫ	s[ɨ]krɨtɐr[j]aɫ	s[ɛ]krɨtɐr[i]aɫ	0
secretariar	sɨkrɨtɐrjar	sɛkrɨtɐriar	s[ɨ]krɨtɐr[j]ar	s[ɛ]krɨtɐr[i]ar	0
secretária	sɨkrɨtarjɐ	sɛkrɨtarjɐ	s[ɨ]krɨtarjɐ	s[ɛ]krɨtarjɐ	0
secretaria	sɨkrɨtɐriɐ	sɛkrɨtɐriɐ	s[ɨ]krɨtɐriɐ	s[ɛ]krɨtɐriɐ	0
secretário-geral	sɨkrɨtarjuʒɨraɫ	sɛkrɨtarɪuʒɨraɫ	s[ɨ]krɨtar[j]uʒɨraɫ	s[ɛ]krɨtar[ɪ]uʒɨraɫ	0
secretário	sɨkrɨtarju	sɛkrɨtarju	s[ɨ]krɨtarju	s[ɛ]krɨtarju	0
secretar	sɨkrɨtar	sɛkrɨtar	s[ɨ]krɨtar	s[ɛ]krɨtar	0
secreta	sɨkrɛtɐ	sɛkrɛtɐ	s[ɨ]krɛtɐ	s[ɛ]krɛtɐ	0
secretício	sɨkrɨtisju	sɛkrɨtisju	s[ɨ]krɨtisju	s[ɛ]krɨtisju	0
secretina	sɨkrɨtinɐ	sɛkrɨtinɐ	s[ɨ]krɨtinɐ	s[ɛ]krɨtinɐ	0
secretismo	sɨkrɨtiʒmu	sɛkrɨtiʒmu	s[ɨ]krɨtiʒmu	s[ɛ]krɨtiʒmu	0
secretista	sɨkrɨtiʃtɐ	sɛkrɨtiʃtɐ	s[ɨ]krɨtiʃtɐ	s[ɛ]krɨtiʃtɐ	0
secretístico	sɨkrɨtiʃtiku	sɛkrɨtiʃtiku	s[ɨ]krɨtiʃtiku	s[ɛ]krɨtiʃtiku	0
secretório	sɨkrɨtɔrju	sɛkrɨtɔrju	s[ɨ]krɨtɔrju	s[ɛ]krɨtɔrju	0
secretor	sɨkrɨtor	sɛkrɨtor	s[ɨ]krɨtor	s[ɛ]krɨtor	0
secreto	sɨkrɛtu	sɛkrɛtu	s[ɨ]krɛtu	s[ɛ]krɛtu	0
segway	sɛɡwɐj	sɨɡwaj	s[ɛ]ɡw[ɐ]j	s[ɨ]ɡw[a]j	0
semicadáver	sɨmikɐdavɛr	sɨmikɐdavɨr	sɨmikɐdav[ɛ]r	sɨmikɐdav[ɨ]r	0
semifechado	sɨmifɨʃadu	sɨmifɛʃadu	sɨmif[ɨ]ʃadu	sɨmif[ɛ]ʃadu	0
semisselvagem	sɨmisɛɫvaʒɐ̃j̃	sɨmisɨɫvaʒɐjn	sɨmis[ɛ]ɫvaʒɐ[̃]j[̃]	sɨmis[ɨ]ɫvaʒɐ[]j[n]	0
setor	sɛtor	sɨtor	s[ɛ]tor	s[ɨ]tor	0
seychellense	sɐjʃɨlẽsɨ	sɐjʃɛlẽnsɨ	sɐjʃ[ɨ]lẽsɨ[]	sɐjʃ[ɛ]lẽns[ɨ]	0
shekel	ʃɛkɛɫ	ʃɨkɛɫ	ʃ[ɛ]kɛɫ	ʃ[ɨ]kɛɫ	0
sienito	sjɛnitu	siɨnitu	sj[ɛ]nitu	si[ɨ]nitu	0
silesiano	silɛzjɐnu	silɨziɐ̃nu	sil[ɛ]z[j]ɐ[]nu	sil[ɨ]z[i]ɐ[̃]nu	0
sinecologia	sinɛkuluʒiɐ	sinɨkuluʒiɐ	sin[ɛ]kuluʒiɐ	sin[ɨ]kuluʒiɐ	0
sinecológico	sinɛkulɔʒiku	sinɨkulɔʒiku	sin[ɛ]kulɔʒiku	sin[ɨ]kulɔʒiku	0
sinergético	sinɛrʒɛtiku	sinɨrʒɛtiku	sin[ɛ]rʒɛtiku	sin[ɨ]rʒɛtiku	0
sobriedade	subrjɛdadɨ	subriɨdadɨ	subrj[ɛ]dadɨ	subri[ɨ]dadɨ	0
societal	susjɛtaɫ	susiɨtaɫ	susj[ɛ]taɫ	susi[ɨ]taɫ	0
societário	susjɛtarju	susiɨtarju	susj[ɛ]tarju	susi[ɨ]tarju	0
sôfrego	sofrɨɡu	sofrɛɡu	sofr[ɨ]ɡu	sofr[ɛ]ɡu	0
solenemente	sulɛnɨmẽtɨ	sulɨnɨmẽntɨ	sul[ɛ]nɨmẽtɨ[]	sul[ɨ]nɨmẽnt[ɨ]	0
solidariedade	sulidɐrjɛdadɨ	sulidɐriɨdadɨ	sulidɐrj[ɛ]dadɨ	sulidɐri[ɨ]dadɨ	0
sovietismo	suvjɛtiʒmu	suviɨtiʒmu	suvj[ɛ]tiʒmu	suvi[ɨ]tiʒmu	0
stressar	strɛsar	strɨsar	str[ɛ]sar	str[ɨ]sar	0
subaceção	subɐsɛsɐ̃w̃	subɐsɨsɐ̃w̃	subɐs[ɛ]sɐ̃w̃	subɐs[ɨ]sɐ̃w̃	0
subdireção	subdirɛsɐ̃w̃	subdirɨsɐ̃w̃	subdir[ɛ]sɐ̃w̃	subdir[ɨ]sɐ̃w̃	0
subdiretório	subdirɛtɔrju	subdirɨtɔrju	subdir[ɛ]tɔrju	subdir[ɨ]tɔrju	0
subdiretor	subdirɛtor	subdirɨtor	subdir[ɛ]tor	subdir[ɨ]tor	0
súber	subɛr	subɨr	sub[ɛ]r	sub[ɨ]r	0
subjeção	subʒɛsɐ̃w̃	subʒɨsɐ̃w̃	subʒ[ɛ]sɐ̃w̃	subʒ[ɨ]sɐ̃w̃	0
subjetivação	subʒɛtivɐsɐ̃w̃	subʒɨtivɐsɐ̃w̃	subʒ[ɛ]tivɐsɐ̃w̃	subʒ[ɨ]tivɐsɐ̃w̃	0
subjetivamente	subʒɛtivɐmẽtɨ	subʒɨtivɐmẽntɨ	subʒ[ɛ]tivɐmẽtɨ[]	subʒ[ɨ]tivɐmẽnt[ɨ]	0
subjetivar	subʒɛtivar	subʒɨtivar	subʒ[ɛ]tivar	subʒ[ɨ]tivar	0
subjetividade	subʒɛtividadɨ	subʒɨtividadɨ	subʒ[ɛ]tividadɨ	subʒ[ɨ]tividadɨ	0
subjetivismo	subʒɛtiviʒmu	subʒɨtiviʒmu	subʒ[ɛ]tiviʒmu	subʒ[ɨ]tiviʒmu	0
subjetivista	subʒɛtiviʃtɐ	subʒɨtiviʃtɐ	subʒ[ɛ]tiviʃtɐ	subʒ[ɨ]tiviʃtɐ	0
subjetivístico	subʒɛtiviʃtiku	subʒɨtiviʃtiku	subʒ[ɛ]tiviʃtiku	subʒ[ɨ]tiviʃtiku	0
subjetivizar	subʒɛtivizar	subʒɨtivizar	subʒ[ɛ]tivizar	subʒ[ɨ]tivizar	0
subjetivo	subʒɛtivu	subʒɨtivu	subʒ[ɛ]tivu	subʒ[ɨ]tivu	0
sub-repção	subʀɛpsɐ̃w̃	subʀɨpsɐ̃w̃	subʀ[ɛ]psɐ̃w̃	subʀ[ɨ]psɐ̃w̃	0
sub-repticiamente	subʀɛptisjɐmẽtɨ	subʀɨptisiɐmẽntɨ	subʀ[ɛ]ptis[j]ɐmẽtɨ[]	subʀ[ɨ]ptis[i]ɐmẽnt[ɨ]	0
subseção	subsɛsɐ̃w̃	subsɨsɐ̃w̃	subs[ɛ]sɐ̃w̃	subs[ɨ]sɐ̃w̃	0
subsecretariado	subsɨkrɨtɐrjadu	subsɛkretɐriadu	subs[ɨ]kr[ɨ]tɐr[j]adu	subs[ɛ]kr[e]tɐr[i]adu	0
subsecretariar	subsɨkrɨtɐrjar	subsɛkretɐriar	subs[ɨ]kr[ɨ]tɐr[j]ar	subs[ɛ]kr[e]tɐr[i]ar	0
subsecretário	subsɨkrɨtarju	subsɛkrɨtarju	subs[ɨ]krɨtarju	subs[ɛ]krɨtarju	0
sudoestada	sudwɛʃtadɐ	suduɨʃtadɐ	sudw[ɛ]ʃtadɐ	sudu[ɨ]ʃtadɐ	0
sudoestar	sudwɛʃtar	suduɨʃtar	sudw[ɛ]ʃtar	sudu[ɨ]ʃtar	0
suelitano	swɛlitɐnu	suɨlitɐ̃nu	sw[ɛ]litɐ[]nu	su[ɨ]litɐ[̃]nu	0
suessano	swɛsɐnu	suɨsɐ̃nu	sw[ɛ]sɐ[]nu	su[ɨ]sɐ[̃]nu	0
suestada	swɛʃtadɐ	suɨʃtadɐ	sw[ɛ]ʃtadɐ	su[ɨ]ʃtadɐ	0
suestar	swɛʃtar	suɨʃtar	sw[ɛ]ʃtar	su[ɨ]ʃtar	0
sul-iemenita	suljɛmɨnitɐ	suliɨmɨnitɐ	sulj[ɛ]mɨnitɐ	suli[ɨ]mɨnitɐ	0
sul-vietnamita	suɫvjɛtnɐmitɐ	suɫviɨtnɐmitɐ	suɫvj[ɛ]tnɐmitɐ	suɫvi[ɨ]tnɐmitɐ	0
superbíssimo	supɨrbisimu	supɛrbisimu	sup[ɨ]rbisimu	sup[ɛ]rbisimu	0
supereu	supɛrew	supɨrew	sup[ɛ]rew	sup[ɨ]rew	0
superfetar	supɛrfɛtar	supɛrfɨtar	supɛrf[ɛ]tar	supɛrf[ɨ]tar	0
superfície	supɨrfisji	supɛrfisjɨ	sup[ɨ]rfisj[i]	sup[ɛ]rfisj[ɨ]	0
superlativação	supɨrlɐtivizɐsɐ̃w̃	supɛrlɐtivɐsɐ̃w̃	sup[ɨ]rlɐtivi[z]ɐs[ɐ]̃w[̃]	sup[ɛ]rlɐtivɐ[s]ɐ̃[w]̃[]	0
superlativar	supɨrlɐtivar	supɛrlɐtivar	sup[ɨ]rlɐtivar	sup[ɛ]rlɐtivar	0
superlativo	supɨrlɐtivu	supɛrlɐtivu	sup[ɨ]rlɐtivu	sup[ɛ]rlɐtivu	0
superoanterior	supɨrɔɐ̃tɨrjor	supɛruɐ̃nterior	sup[ɨ]r[ɔ]ɐ̃[]t[ɨ]r[j]or	sup[ɛ]r[u]ɐ̃[n]t[e]r[i]or	0
súpero-ovariado	supɛrɔɔvɐrjadu	supɨruɔvɐriadu	sup[ɛ]r[ɔ]ɔvɐr[j]adu	sup[ɨ]r[u]ɔvɐr[i]adu	0
superoposterior	supɨrɔpuʃtɨrjor	supɛrupuʃterior	sup[ɨ]r[ɔ]puʃt[ɨ]r[j]or	sup[ɛ]r[u]puʃt[e]r[i]or	0
superpor	supɛrpor	supɨrpor	sup[ɛ]rpor	sup[ɨ]rpor	0
superpositivo	supɨrpuzitivu	supɛrpuzitivu	sup[ɨ]rpuzitivu	sup[ɛ]rpuzitivu	0
superproteção	supɛrprutɛsɐ̃w̃	supɛrprutɨsɐ̃w̃	supɛrprut[ɛ]sɐ̃w̃	supɛrprut[ɨ]sɐ̃w̃	0
supersecreção	supɛrsɨkrɨsɐ̃w̃	supɛrsɛkrɨsɐ̃w̃	supɛrs[ɨ]krɨsɐ̃w̃	supɛrs[ɛ]krɨsɐ̃w̃	0
supertuberculinização	supɛrtubɛrkulinizɐsɐ̃w̃	supɛrtubɨrkulinizɐsɐ̃w̃	supɛrtub[ɛ]rkulinizɐsɐ̃w̃	supɛrtub[ɨ]rkulinizɐsɐ̃w̃	0
supletivo	suplɛtivu	suplɨtivu	supl[ɛ]tivu	supl[ɨ]tivu	0
supletório	suplɛtɔrju	suplɨtɔrju	supl[ɛ]tɔrju	supl[ɨ]tɔrju	0
susceptância	suʃsɛptɐ̃sjɐ	suʃsɨptɐ̃nsjɐ	suʃs[ɛ]ptɐ̃[]sjɐ	suʃs[ɨ]ptɐ̃[n]sjɐ	0
susceptibilidade	suʃsɛptibilidadɨ	suʃsɨptibilidadɨ	suʃs[ɛ]ptibilidadɨ	suʃs[ɨ]ptibilidadɨ	0
susceptibilizar	suʃsɛptibilizar	suʃsɨptibilizar	suʃs[ɛ]ptibilizar	suʃs[ɨ]ptibilizar	0
susceptível	suʃsɛptivɛɫ	suʃsɨptivɛɫ	suʃs[ɛ]ptivɛɫ	suʃs[ɨ]ptivɛɫ	0
suscetibilidade	suʃsɛtibilidadɨ	suʃsɨtibilidadɨ	suʃs[ɛ]tibilidadɨ	suʃs[ɨ]tibilidadɨ	0
suscetibilizar	suʃsɛtibilizar	suʃsɨtibilizar	suʃs[ɛ]tibilizar	suʃs[ɨ]tibilizar	0
suscetível	suʃsɛtivɛɫ	suʃsɨtivɛɫ	suʃs[ɛ]tivɛɫ	suʃs[ɨ]tivɛɫ	0
táler	talɛr	talɨr	tal[ɛ]r	tal[ɨ]r	0
tarecada	tɐrɛkadɐ	tɐrɨkadɐ	tɐr[ɛ]kadɐ	tɐr[ɨ]kadɐ	0
tarefar	tɐrɛfar	tɐrɨfar	tɐr[ɛ]far	tɐr[ɨ]far	0
tarefeiro	tɐrɛfɐjru	tɐrɨfɐjru	tɐr[ɛ]fɐjru	tɐr[ɨ]fɐjru	0
tarseíte	tɐrsɛitɨ	tɐrsɨitɨ	tɐrs[ɛ]itɨ	tɐrs[ɨ]itɨ	0
teflão	tɛflɐ̃w̃	tɨflɐ̃w̃	t[ɛ]flɐ̃w̃	t[ɨ]flɐ̃w̃	0
tegão	tɛɡɐ̃w̃	tɨɡɐ̃w̃	t[ɛ]ɡɐ̃w̃	t[ɨ]ɡɐ̃w̃	0
telex	tɛlɛks	tɨlɛks	t[ɛ]lɛks	t[ɨ]lɛks	0
temné	tɛmnɛ	tɨmnɛ	t[ɛ]mnɛ	t[ɨ]mnɛ	0
terra-de-siena	tɨʀɐdɨsjenɐ	tɛʀɐdɨsienɐ	t[ɨ]ʀɐdɨs[j]enɐ	t[ɛ]ʀɐdɨs[i]enɐ	0
teté	tɛtɛ	tɨtɛ	t[ɛ]tɛ	t[ɨ]tɛ	0
tetriz	tɛtriʃ	tɨtriʃ	t[ɛ]triʃ	t[ɨ]triʃ	0
trajetória	trɐʒɛtɔrjɐ	trɐʒɨtɔrjɐ	trɐʒ[ɛ]tɔrjɐ	trɐʒ[ɨ]tɔrjɐ	0
trajetor	trɐʒɛtor	trɐʒɨtor	trɐʒ[ɛ]tor	trɐʒ[ɨ]tor	0
trapeziforme	trɐpɛzifɔrmɨ	trɐpɨzifɔrmɨ	trɐp[ɛ]zifɔrmɨ	trɐp[ɨ]zifɔrmɨ	0
traqueíte	trɐkɛitɨ	trɐkɨitɨ	trɐk[ɛ]itɨ	trɐk[ɨ]itɨ	0
trecheio	trɨʃɐju	trɛʃeju	tr[ɨ]ʃ[ɐ]ju	tr[ɛ]ʃ[e]ju	0
triebdomadário	triɛbdumɐdarju	triɨbdumɐdarju	tri[ɛ]bdumɐdarju	tri[ɨ]bdumɐdarju	0
triemímere	triɛmimɨrɨ	triɨmimɨrɨ	tri[ɛ]mimɨrɨ	tri[ɨ]mimɨrɨ	0
trienado	triɛnadu	triɨnadu	tri[ɛ]nadu	tri[ɨ]nadu	0
trienal	triɛnaɫ	triɨnaɫ	tri[ɛ]naɫ	tri[ɨ]naɫ	0
trierarca	triɛrarkɐ	triɨrarkɐ	tri[ɛ]rarkɐ	tri[ɨ]rarkɐ	0
trierarquia	triɛrɐrkiɐ	triɨrɐrkiɐ	tri[ɛ]rɐrkiɐ	tri[ɨ]rɐrkiɐ	0
trietérico	triɛtɛriku	triɨtɛriku	tri[ɛ]tɛriku	tri[ɨ]tɛriku	0
trietéride	triɛtɛridɨ	triɨtɛridɨ	tri[ɛ]tɛridɨ	tri[ɨ]tɛridɨ	0
tríquetro	trikɨtru	trikɛtru	trik[ɨ]tru	trik[ɛ]tru	0
trirretângulo	triʀɛtɐ̃ɡulu	triʀɨtɐ̃nɡulu	triʀ[ɛ]tɐ̃[]ɡulu	triʀ[ɨ]tɐ̃[n]ɡulu	0
trisseção	trisɛsɐ̃w̃	trisɨsɐ̃w̃	tris[ɛ]sɐ̃w̃	tris[ɨ]sɐ̃w̃	0
trissetor	trisɛtor	trisɨtor	tris[ɛ]tor	tris[ɨ]tor	0
trissetriz	trisɛtriʃ	trisɨtriʃ	tris[ɛ]triʃ	tris[ɨ]triʃ	0
triteísmo	tritɛiʒmu	tritɨiʒmu	trit[ɛ]iʒmu	trit[ɨ]iʒmu	0
triteísta	tritɛiʃtɐ	tritɨiʃtɐ	trit[ɛ]iʃtɐ	trit[ɨ]iʃtɐ	0
troquelmintes	trukɛɫmĩtɨʃ	trukɨɫmĩntɨʃ	truk[ɛ]ɫmĩtɨʃ[]	truk[ɨ]ɫmĩntɨ[ʃ]	0
tuberculado	tubɛrkuladu	tubɨrkuladu	tub[ɛ]rkuladu	tub[ɨ]rkuladu	0
tubercular	tubɛrkular	tubɨrkular	tub[ɛ]rkular	tub[ɨ]rkular	0
tuberculífero	tubɛrkulifɨru	tubɨrkulifɨru	tub[ɛ]rkulifɨru	tub[ɨ]rkulifɨru	0
tuberculiforme	tubɛrkulifɔrmɨ	tubɨrkulifɔrmɨ	tub[ɛ]rkulifɔrmɨ	tub[ɨ]rkulifɔrmɨ	0
tuberculina	tubɛrkulinɐ	tubɨrkulinɐ	tub[ɛ]rkulinɐ	tub[ɨ]rkulinɐ	0
tuberculinização	tubɛrkulinizɐsɐ̃w̃	tubɨrkulinizɐsɐ̃w̃	tub[ɛ]rkulinizɐsɐ̃w̃	tub[ɨ]rkulinizɐsɐ̃w̃	0
tuberculinizar	tubɛrkulinizar	tubɨrkulinizar	tub[ɛ]rkulinizar	tub[ɨ]rkulinizar	0
tuberculização	tubɛrkulizɐsɐ̃w̃	tubɨrkulizɐsɐ̃w̃	tub[ɛ]rkulizɐsɐ̃w̃	tub[ɨ]rkulizɐsɐ̃w̃	0
tuberculizar	tubɛrkulizar	tubɨrkulizar	tub[ɛ]rkulizar	tub[ɨ]rkulizar	0
tuberculizável	tubɛrkulizavɛɫ	tubɨrkulizavɛɫ	tub[ɛ]rkulizavɛɫ	tub[ɨ]rkulizavɛɫ	0
tuberculose	tubɛrkulɔzɨ	tubɨrkulɔzɨ	tub[ɛ]rkulɔzɨ	tub[ɨ]rkulɔzɨ	0
tuberculosidade	tubɛrkuluzidadɨ	tubɨrkuluzidadɨ	tub[ɛ]rkuluzidadɨ	tub[ɨ]rkuluzidadɨ	0
tuberculoso	tubɛrkulozu	tubɨrkulozu	tub[ɛ]rkulozu	tub[ɨ]rkulozu	0
túrnepo	turnɨpu	turnɛpu	turn[ɨ]pu	turn[ɛ]pu	0
úcue	ukwɛ	ukuɨ	ukw[ɛ]	uku[ɨ]	0
ultracorreção	uɫtrɐkuʀɛsɐ̃w̃	uɫtrɐkuʀɨsɐ̃w̃	uɫtrɐkuʀ[ɛ]sɐ̃w̃	uɫtrɐkuʀ[ɨ]sɐ̃w̃	0
ultra-secreto	uɫtrɐsɨkrɛtu	uɫtrɐsɛkrɛtu	uɫtrɐs[ɨ]krɛtu	uɫtrɐs[ɛ]krɛtu	0
ultrassecreto	uɫtrɐsɨkrɛtu	uɫtrɐsɛkrɛtu	uɫtrɐs[ɨ]krɛtu	uɫtrɐs[ɛ]krɛtu	0
unidirecional	unidirɛsjunaɫ	unidirɨsjunaɫ	unidir[ɛ]sjunaɫ	unidir[ɨ]sjunaɫ	0
ureteroplastia	urɛtɨrɔplɐʃtiɐ	urɨteruplɐʃtiɐ	ur[ɛ]t[ɨ]r[ɔ]plɐʃtiɐ	ur[ɨ]t[e]r[u]plɐʃtiɐ	0
ureter	urɛtɛr	urɨter	ur[ɛ]t[ɛ]r	ur[ɨ]t[e]r	0
uréter	urɛtɛr	urɛtɨr	urɛt[ɛ]r	urɛt[ɨ]r	0
uretrocistografia	urɛtrɔsiʃtuɡrɐfiɐ	urɨtrusiʃtuɡrɐfiɐ	ur[ɛ]tr[ɔ]siʃtuɡrɐfiɐ	ur[ɨ]tr[u]siʃtuɡrɐfiɐ	0
uretrocistográfico	urɛtrɔsiʃtuɡrafiku	urɨtrusiʃtuɡrafiku	ur[ɛ]tr[ɔ]siʃtuɡrafiku	ur[ɨ]tr[u]siʃtuɡrafiku	0
uretrocistotomia	urɛtrɔsiʃtɔtumiɐ	urɨtrusiʃtutumiɐ	ur[ɛ]tr[ɔ]siʃt[ɔ]tumiɐ	ur[ɨ]tr[u]siʃt[u]tumiɐ	0
uretrodinia	urɛtrɔdiniɐ	urɨtrudiniɐ	ur[ɛ]tr[ɔ]diniɐ	ur[ɨ]tr[u]diniɐ	0
uretrofraxia	urɛtrɔfraksiɐ	urɨtrufrɐksiɐ	ur[ɛ]tr[ɔ]fr[a]ksiɐ	ur[ɨ]tr[u]fr[ɐ]ksiɐ	0
uretrografia	urɛtrɔɡrɐfiɐ	urɨtruɡrɐfiɐ	ur[ɛ]tr[ɔ]ɡrɐfiɐ	ur[ɨ]tr[u]ɡrɐfiɐ	0
uretroplastia	urɛtrɔplɐʃtiɐ	urɨtruplɐʃtiɐ	ur[ɛ]tr[ɔ]plɐʃtiɐ	ur[ɨ]tr[u]plɐʃtiɐ	0
uretrorragia	urɛtrɔʀɐʒiɐ	urɨtruʀɐʒiɐ	ur[ɛ]tr[ɔ]ʀɐʒiɐ	ur[ɨ]tr[u]ʀɐʒiɐ	0
uretrorrectal	urɛtrɔʀɛtaɫ	urɨtruʀɛtaɫ	ur[ɛ]tr[ɔ]ʀɛtaɫ	ur[ɨ]tr[u]ʀɛtaɫ	0
uretrorreia	urɛtrɔʀɐjɐ	urɨtruʀɛjɐ	ur[ɛ]tr[ɔ]ʀ[ɐ]jɐ	ur[ɨ]tr[u]ʀ[ɛ]jɐ	0
uretrorréia	urɛtrɔʀɐjɐ	urɨtruʀɛjɐ	ur[ɛ]tr[ɔ]ʀ[ɐ]jɐ	ur[ɨ]tr[u]ʀ[ɛ]jɐ	0
uretrorreico	urɛtrɔʀɐjku	urɨtruʀɐjku	ur[ɛ]tr[ɔ]ʀɐjku	ur[ɨ]tr[u]ʀɐjku	0
uretrorréico	urɛtrɔʀɐjku	urɨtruʀɛjku	ur[ɛ]tr[ɔ]ʀ[ɐ]jku	ur[ɨ]tr[u]ʀ[ɛ]jku	0
uretrorretal	urɛtrɔʀɛtaɫ	urɨtruʀɨtaɫ	ur[ɛ]tr[ɔ]ʀ[ɛ]taɫ	ur[ɨ]tr[u]ʀ[ɨ]taɫ	0
uretroscopia	urɛtrɔʃkupiɐ	urɨtruʃkupiɐ	ur[ɛ]tr[ɔ]ʃkupiɐ	ur[ɨ]tr[u]ʃkupiɐ	0
uretroscópico	urɛtrɔʃkɔpiku	urɨtruʃkɔpiku	ur[ɛ]tr[ɔ]ʃkɔpiku	ur[ɨ]tr[u]ʃkɔpiku	0
uretroscópio	urɛtrɔʃkɔpju	urɨtruʃkɔpju	ur[ɛ]tr[ɔ]ʃkɔpju	ur[ɨ]tr[u]ʃkɔpju	0
uretrostenia	urɛtrɔʃtɨniɐ	urɨtruʃtɨniɐ	ur[ɛ]tr[ɔ]ʃtɨniɐ	ur[ɨ]tr[u]ʃtɨniɐ	0
uretrostênico	urɛtrɔʃteniku	urɨtruʃteniku	ur[ɛ]tr[ɔ]ʃteniku	ur[ɨ]tr[u]ʃteniku	0
uretrosténico	urɛtrɔʃtɛniku	urɨtruʃtɛniku	ur[ɛ]tr[ɔ]ʃtɛniku	ur[ɨ]tr[u]ʃtɛniku	0
uretrostenose	urɛtrɔʃtɨnɔzɨ	urɨtruʃtɨnɔzɨ	ur[ɛ]tr[ɔ]ʃtɨnɔzɨ	ur[ɨ]tr[u]ʃtɨnɔzɨ	0
uretrostomia	urɛtrɔʃtumiɐ	urɨtruʃtumiɐ	ur[ɛ]tr[ɔ]ʃtumiɐ	ur[ɨ]tr[u]ʃtumiɐ	0
uretrotomia	urɛtrɔtumiɐ	urɨtrutumiɐ	ur[ɛ]tr[ɔ]tumiɐ	ur[ɨ]tr[u]tumiɐ	0
uretrovaginal	urɛtrɔvɐʒinaɫ	urɨtruvɐʒinaɫ	ur[ɛ]tr[ɔ]vɐʒinaɫ	ur[ɨ]tr[u]vɐʒinaɫ	0
utse	utsɛ	utsɨ	uts[ɛ]	uts[ɨ]	0
vade-mécum	vadɛmɛkũ	vadɨmɛkũm	vad[ɛ]mɛkũ[]	vad[ɨ]mɛkũ[m]	0
variedade	vɐrjɛdadɨ	vɐriɨdadɨ	vɐrj[ɛ]dadɨ	vɐri[ɨ]dadɨ	0
variegado	vɐrjɛɡadu	vɐriɨɡadu	vɐrj[ɛ]ɡadu	vɐri[ɨ]ɡadu	0
variegar	vɐrjɛɡar	vɐriɨɡar	vɐrj[ɛ]ɡar	vɐri[ɨ]ɡar	0
vedor	vɛdor	vɨdor	v[ɛ]dor	v[ɨ]dor	0
velhão	vɛʎɐ̃w̃	vɨʎɐ̃w̃	v[ɛ]ʎɐ̃w̃	v[ɨ]ʎɐ̃w̃	0
verstá	vɛrsta	vɨrsta	v[ɛ]rsta	v[ɨ]rsta	0
vésper	vɛʃpɛr	vɛʃpɨr	vɛʃp[ɛ]r	vɛʃp[ɨ]r	0
vetar	vɛtar	vɨtar	v[ɛ]tar	v[ɨ]tar	0
vetor	vɛtor	vɨtor	v[ɛ]tor	v[ɨ]tor	0
vexar	vɛʃar	vɨʃar	v[ɛ]ʃar	v[ɨ]ʃar	0
vice-diretor	visɨdirɛtor	visɨdirɨtor	visɨdir[ɛ]tor	visɨdir[ɨ]tor	0
vice-secretariado	visɨsɨkrɨtɐrjadu	visɨsɛkrɨtɐriadu	visɨs[ɨ]krɨtɐr[j]adu	visɨs[ɛ]krɨtɐr[i]adu	0
vice-secretário	visɨsɨkrɨtarju	visɨsɛkrɨtarju	visɨs[ɨ]krɨtarju	visɨs[ɛ]krɨtarju	0
vicesimal	visɛzimaɫ	visɨzimaɫ	vis[ɛ]zimaɫ	vis[ɨ]zimaɫ	0
vietnamense	vjɛtnɐmẽsɨ	viɨtnɐmẽnsɨ	vj[ɛ]tnɐmẽsɨ[]	vi[ɨ]tnɐmẽns[ɨ]	0
vietnamês	vjɛtnɐmeʃ	viɨtnɐ̃meʃ	vj[ɛ]tnɐ[]meʃ	vi[ɨ]tnɐ[̃]meʃ	0
vietnamiano	vjɛtnɐmjɐnu	viɨtnɐmiɐ̃nu	vj[ɛ]tnɐm[j]ɐ[]nu	vi[ɨ]tnɐm[i]ɐ[̃]nu	0
vietnamita	vjɛtnɐmitɐ	viɨtnɐmitɐ	vj[ɛ]tnɐmitɐ	vi[ɨ]tnɐmitɐ	0
vivisseção	vivisɛsɐ̃w̃	vivisɨsɐ̃w̃	vivis[ɛ]sɐ̃w̃	vivis[ɨ]sɐ̃w̃	0
vivissetor	vivisɛtor	vivisɨtor	vivis[ɛ]tor	vivis[ɨ]tor	0
vômer	vomɛr	vomɨr	vom[ɛ]r	vom[ɨ]r	0
vómer	vɔmɛr	vɔmɨr	vɔm[ɛ]r	vɔm[ɨ]r	0
wavellita	wɐvɨlitɐ	wɐvɛlitɐ	wɐv[ɨ]litɐ	wɐv[ɛ]litɐ	0
webquest	wɛbkwɛʃt	wɨbkɛʃt	w[ɛ]bk[w]ɛʃt	w[ɨ]bk[]ɛʃt	0
xexéu	ʃɛʃɛw	ʃɨʃɛw	ʃ[ɛ]ʃɛw	ʃ[ɨ]ʃɛw	0
xexé	ʃɛʃɛ	ʃɨʃɛ	ʃ[ɛ]ʃɛ	ʃ[ɨ]ʃɛ	0
xifetiféti	ʃifɛtifɛti	ʃifɨtifɛti	ʃif[ɛ]tifɛti	ʃif[ɨ]tifɛti	0
xilepfana	ʃilɛpfɐnɐ	ʃilɨpfɐ̃nɐ	ʃil[ɛ]pfɐ[]nɐ	ʃil[ɨ]pfɐ[̃]nɐ	0
yeti	jɛti	jɨti	j[ɛ]ti	j[ɨ]ti	0
yverdoniano	ivɛrdonjɐnu	ivɨrduniɐ̃nu	iv[ɛ]rd[o]n[j]ɐ[]nu	iv[ɨ]rd[u]n[i]ɐ[̃]nu	0
zarzuelista	zɐrzwɛliʃtɐ	zɐrzuɨliʃtɐ	zɐrzw[ɛ]liʃtɐ	zɐrzu[ɨ]liʃtɐ	0
zefir	zɛfir	zɨfir	z[ɛ]fir	z[ɨ]fir	0
zíper	zipɛr	zipɨr	zip[ɛ]r	zip[ɨ]r	0
zóster	zɔʃtɛr	zɔʃtɨr	zɔʃt[ɛ]r	zɔʃt[ɨ]r	0
zúquete	zukɨtɨ	zukɛtɨ	zuk[ɨ]tɨ	zuk[ɛ]tɨ	0
