abalone	ɐbɐlɔnɨ	ɐbɐlonɨ	ɐbɐl[ɔ]nɨ	ɐbɐl[o]nɨ	0
abdome	ɐbdɔmɨ	ɐbdomɨ	ɐbd[ɔ]mɨ	ɐbd[o]mɨ	0
abioto	ɐbjotu	ɐbiɔtu	ɐbj[o]tu	ɐbi[ɔ]tu	0
abordo	ɐbordu	ɐbɔrdu	ɐb[o]rdu	ɐb[ɔ]rdu	0
adenoidectomia	ɐdɨnɔjdɛktumiɐ	ɐdɨnojdɨtumiɐ	ɐdɨn[ɔ]jdɛ[k]tumiɐ	ɐdɨn[o]jdɨ[]tumiɐ	0
adenoidite	ɐdɨnɔjditɨ	ɐdɨnojditɨ	ɐdɨn[ɔ]jditɨ	ɐdɨn[o]jditɨ	0
adobe	ɐdobɨ	ɐdɔbɨ	ɐd[o]bɨ	ɐd[ɔ]bɨ	0
afogo	ɐfoɡu	ɐfɔɡu	ɐf[o]ɡu	ɐf[ɔ]ɡu	0
aguioto	ɐɡjotu	ɐɡiɔtu	ɐɡj[o]tu	ɐɡi[ɔ]tu	0
albicole	aɫbikolɨ	aɫbikɔlɨ	aɫbik[o]lɨ	aɫbik[ɔ]lɨ	0
albirrostro	aɫbiʀoʃtru	aɫbiʀɔʃtru	aɫbiʀ[o]ʃtru	aɫbiʀ[ɔ]ʃtru	0
alboio	aɫbɔju	aɫboju	aɫb[ɔ]ju	aɫb[o]ju	0
alboroto	aɫburotu	aɫburɔtu	aɫbur[o]tu	aɫbur[ɔ]tu	0
alcagoita	aɫkɐɡɔjtɐ	aɫkɐɡojtɐ	aɫkɐɡ[ɔ]jtɐ	aɫkɐɡ[o]jtɐ	0
alcorça	aɫkorsɐ	aɫkɔrsɐ	aɫk[o]rsɐ	aɫk[ɔ]rsɐ	0
alfobre	aɫfobrɨ	aɫfɔbrɨ	aɫf[o]brɨ	aɫf[ɔ]brɨ	0
alforba	aɫforbɐ	aɫfɔrbɐ	aɫf[o]rbɐ	aɫf[ɔ]rbɐ	0
alforfa	aɫforfɐ	aɫfɔrfɐ	aɫf[o]rfɐ	aɫf[ɔ]rfɐ	0
alforra	aɫfoʀɐ	aɫfɔʀɐ	aɫf[o]ʀɐ	aɫf[ɔ]ʀɐ	0
alforva	aɫforvɐ	aɫfɔrvɐ	aɫf[o]rvɐ	aɫf[ɔ]rvɐ	0
algarocho	aɫɡɐroʃu	aɫɡɐrɔʃu	aɫɡɐr[o]ʃu	aɫɡɐr[ɔ]ʃu	0
aljorce	aɫʒorsɨ	aɫʒɔrsɨ	aɫʒ[o]rsɨ	aɫʒ[ɔ]rsɨ	0
almorroida	aɫmuʀɔjdɐ	aɫmuʀojdɐ	aɫmuʀ[ɔ]jdɐ	aɫmuʀ[o]jdɐ	0
alojo	ɐloʒu	ɐlɔʒu	ɐl[o]ʒu	ɐl[ɔ]ʒu	0
alosna	ɐlɔʒnɐ	ɐloʒnɐ	ɐl[ɔ]ʒnɐ	ɐl[o]ʒnɐ	0
altirrostro	aɫtiʀoʃtru	aɫtiʀɔʃtru	aɫtiʀ[o]ʃtru	aɫtiʀ[ɔ]ʃtru	0
alvoroto	aɫvurotu	aɫvurɔtu	aɫvur[o]tu	aɫvur[ɔ]tu	0
amiloidose	ɐmilɔjdɔzɨ	ɐmilojdɔzɨ	ɐmil[ɔ]jdɔzɨ	ɐmil[o]jdɔzɨ	0
amojo	ɐmoʒu	ɐmɔʒu	ɐm[o]ʒu	ɐm[ɔ]ʒu	0
anabiose	ɐnɐbjozɨ	ɐnɐbiɔzɨ	ɐnɐbj[o]zɨ	ɐnɐbi[ɔ]zɨ	0
anojo	ɐnoʒu	ɐnɔʒu	ɐn[o]ʒu	ɐn[ɔ]ʒu	0
anoto	ɐnotu	ɐnɔtu	ɐn[o]tu	ɐn[ɔ]tu	0
apoia-nuca	ɐpojɐnukɐ	ɐpɔjɐnukɐ	ɐp[o]jɐnukɐ	ɐp[ɔ]jɐnukɐ	0
apojo	ɐpoʒu	ɐpɔʒu	ɐp[o]ʒu	ɐp[ɔ]ʒu	0
aprosopo	ɐpruzopu	ɐpruzɔpu	ɐpruz[o]pu	ɐpruz[ɔ]pu	0
aracnoidiano	ɐrɐknɔjdjɐnu	ɐrɐknojdiɐ̃nu	ɐrɐkn[ɔ]jd[j]ɐ[]nu	ɐrɐkn[o]jd[i]ɐ[̃]nu	0
aracnoidite	ɐrɐknɔjditɨ	ɐrɐknojditɨ	ɐrɐkn[ɔ]jditɨ	ɐrɐkn[o]jditɨ	0
arnoto	ɐrnotu	ɐrnɔtu	ɐrn[o]tu	ɐrn[ɔ]tu	0
arriosca	ɐʀjɔʃkɐ	ɐʀioʃkɐ	ɐʀj[ɔ]ʃkɐ	ɐʀi[o]ʃkɐ	0
arrocho	ɐʀoʃu	ɐʀɔʃu	ɐʀ[o]ʃu	ɐʀ[ɔ]ʃu	0
arrojo	ɐʀoʒu	ɐʀɔʒu	ɐʀ[o]ʒu	ɐʀ[ɔ]ʒu	0
arrolho	ɐʀoʎu	ɐʀɔʎu	ɐʀ[o]ʎu	ɐʀ[ɔ]ʎu	0
arrolo	ɐʀolu	ɐʀɔlu	ɐʀ[o]lu	ɐʀ[ɔ]lu	0
arrota	ɐʀotɐ	ɐʀɔtɐ	ɐʀ[o]tɐ	ɐʀ[ɔ]tɐ	0
arroto	ɐʀotu	ɐʀɔtu	ɐʀ[o]tu	ɐʀ[ɔ]tu	0
arte-maior	artɨmɐjor	artɨmɐjɔr	artɨmɐj[o]r	artɨmɐj[ɔ]r	0
assopro	ɐsopru	ɐsɔpru	ɐs[o]pru	ɐs[ɔ]pru	0
atocho	ɐtoʃu	ɐtɔʃu	ɐt[o]ʃu	ɐt[ɔ]ʃu	0
atora	ɐtɔrɐ	ɐtorɐ	ɐt[ɔ]rɐ	ɐt[o]rɐ	0
atrirrostro	ɐtriʀoʃtru	ɐtriʀɔʃtru	ɐtriʀ[o]ʃtru	ɐtriʀ[ɔ]ʃtru	0
autogolo	awtɔɡolu	awtɔɡɔlu	awtɔɡ[o]lu	awtɔɡ[ɔ]lu	0
automorfo	awtɔmɔrfu	awtɔmorfu	awtɔm[ɔ]rfu	awtɔm[o]rfu	0
azuloio	ɐzulɔju	ɐzuloju	ɐzul[ɔ]ju	ɐzul[o]ju	0
bacoco	bɐkoku	bɐkɔku	bɐk[o]ku	bɐk[ɔ]ku	0
badalhoco	bɐdɐʎoku	bɐdɐʎɔku	bɐdɐʎ[o]ku	bɐdɐʎ[ɔ]ku	0
bafômetro	bɐfɔmɨtru	bɐfomɨtru	bɐf[ɔ]mɨtru	bɐf[o]mɨtru	0
bagalhoça	bɐɡɐʎɔsɐ	bɐɡɐʎosɐ	bɐɡɐʎ[ɔ]sɐ	bɐɡɐʎ[o]sɐ	0
bagocho	bɐɡoʃu	bɐɡɔʃu	bɐɡ[o]ʃu	bɐɡ[ɔ]ʃu	0
barbirrostro	bɐrbiʀoʃtru	bɐrbiʀɔʃtru	bɐrbiʀ[o]ʃtru	bɐrbiʀ[ɔ]ʃtru	0
barroca	bɐʀɔkɐ	bɐʀokɐ	bɐʀ[ɔ]kɐ	bɐʀ[o]kɐ	0
batoco	bɐtoku	bɐtɔku	bɐt[o]ku	bɐt[ɔ]ku	0
beiçorra	bɐjsoʀɐ	bɐjsɔʀɐ	bɐjs[o]ʀɐ	bɐjs[ɔ]ʀɐ	0
beoto	bjotu	biɔtu	bj[o]tu	bi[ɔ]tu	0
bicharoco	biʃɐroku	biʃɐrɔku	biʃɐr[o]ku	biʃɐr[ɔ]ku	0
bichoco	biʃoku	biʃɔku	biʃ[o]ku	biʃ[ɔ]ku	0
bicone	bikɔnɨ	bikonɨ	bik[ɔ]nɨ	bik[o]nɨ	0
biloto	bilotu	bilɔtu	bil[o]tu	bil[ɔ]tu	0
bioco	bjoku	biɔku	bj[o]ku	bi[ɔ]ku	0
biodiesel	biɔdizɛɫ	biodizeɫ	bi[ɔ]diz[ɛ]ɫ	bi[o]diz[e]ɫ	0
bióxido	bjoksidu	biɔksidu	bj[o]ksidu	bi[ɔ]ksidu	0
bitocles	bitɔklɨʃ	bitoklɨʃ	bit[ɔ]klɨʃ	bit[o]klɨʃ	0
bodo	bodu	bɔdu	b[o]du	b[ɔ]du	0
bofa	bɔfɐ	bofɐ	b[ɔ]fɐ	b[o]fɐ	0
boina	bɔjnɐ	bojnɐ	b[ɔ]jnɐ	b[o]jnɐ	0
bolota	bulotɐ	bulɔtɐ	bul[o]tɐ	bul[ɔ]tɐ	0
bona-chira	bɔnɐʃirɐ	bonɐʃirɐ	b[ɔ]nɐʃirɐ	b[o]nɐʃirɐ	0
boquirroto	bukiʀotu	bukiʀɔtu	bukiʀ[o]tu	bukiʀ[ɔ]tu	0
borboto	burbotu	burbɔtu	burb[o]tu	burb[ɔ]tu	0
bosca	bɔʃkɐ	boʃkɐ	b[ɔ]ʃkɐ	b[o]ʃkɐ	0
boxeur	bɔksɐr	boksɛr	b[ɔ]ks[ɐ]r	b[o]ks[ɛ]r	0
broça	brɔsɐ	brosɐ	br[ɔ]sɐ	br[o]sɐ	0
brocha	broʃɐ	brɔʃɐ	br[o]ʃɐ	br[ɔ]ʃɐ	0
bromo	brɔmu	bromu	br[ɔ]mu	br[o]mu	0
broto	brotu	brɔtu	br[o]tu	br[ɔ]tu	0
cabeçorra	kɐbɨsoʀɐ	kɐbɨsɔʀɐ	kɐbɨs[o]ʀɐ	kɐbɨs[ɔ]ʀɐ	0
caboco	kɐboku	kɐbɔku	kɐb[o]ku	kɐb[ɔ]ku	0
cachaporra	kɐʃɐpoʀɐ	kɐʃɐpɔʀɐ	kɐʃɐp[o]ʀɐ	kɐʃɐp[ɔ]ʀɐ	0
cachoça	kɐʃɔsɐ	kɐʃosɐ	kɐʃ[ɔ]sɐ	kɐʃ[o]sɐ	0
cachopa	kɐʃɔpɐ	kɐʃopɐ	kɐʃ[ɔ]pɐ	kɐʃ[o]pɐ	0
cachopo	kɐʃopu	kɐʃɔpu	kɐʃ[o]pu	kɐʃ[ɔ]pu	0
cacoco	kɐkoku	kɐkɔku	kɐk[o]ku	kɐk[ɔ]ku	0
caipirosca	kajpirɔʃkɐ	kajpiroʃkɐ	kajpir[ɔ]ʃkɐ	kajpir[o]ʃkɐ	0
caixoto	kajʃotu	kajʃɔtu	kajʃ[o]tu	kajʃ[ɔ]tu	0
calculose	kaɫkulozɨ	kaɫkulɔzɨ	kaɫkul[o]zɨ	kaɫkul[ɔ]zɨ	0
calicromo	kɐlikrɔmu	kɐlikromu	kɐlikr[ɔ]mu	kɐlikr[o]mu	0
calzone	kaɫzɔne	kaɫzonɨ	kaɫz[ɔ]n[e]	kaɫz[o]n[ɨ]	0
camacoza	kɐmɐkɔzɐ	kɐmɐkozɐ	kɐmɐk[ɔ]zɐ	kɐmɐk[o]zɐ	0
camocho	kɐmoʃu	kɐmɔʃu	kɐm[o]ʃu	kɐm[ɔ]ʃu	0
canelone	kɐnɨlɔnɨ	kɐnɨlonɨ	kɐnɨl[ɔ]nɨ	kɐnɨl[o]nɨ	0
canoco	kɐnoku	kɐnɔku	kɐn[o]ku	kɐn[ɔ]ku	0
capatorra	kɐpɐtoʀɐ	kɐpɐtɔʀɐ	kɐpɐt[o]ʀɐ	kɐpɐt[ɔ]ʀɐ	0
carbono	kɐrbɔnu	kɐrbonu	kɐrb[ɔ]nu	kɐrb[o]nu	0
carcinomatose	kɐrsinumɐtozɨ	kɐrsinumɐtɔzɨ	kɐrsinumɐt[o]zɨ	kɐrsinumɐt[ɔ]zɨ	0
caroça	kɐrɔsɐ	kɐrosɐ	kɐr[ɔ]sɐ	kɐr[o]sɐ	0
carocho	kɐroʃu	kɐrɔʃu	kɐr[o]ʃu	kɐr[ɔ]ʃu	0
carolo	kɐrolu	kɐrɔlu	kɐr[o]lu	kɐr[ɔ]lu	0
casa-torre	kazɐtoʀɨ	kazɐtɔʀɨ	kazɐt[o]ʀɨ	kazɐt[ɔ]ʀɨ	0
casinholo	kɐziɲolu	kɐziɲɔlu	kɐziɲ[o]lu	kɐziɲ[ɔ]lu	0
casinhoto	kɐziɲotu	kɐziɲɔtu	kɐziɲ[o]tu	kɐziɲ[ɔ]tu	0
casoto	kɐzotu	kɐzɔtu	kɐz[o]tu	kɐz[ɔ]tu	0
cavirrostro	kɐviʀoʃtru	kɐviʀɔʃtru	kɐviʀ[o]ʃtru	kɐviʀ[ɔ]ʃtru	0
cavoco	kɐvoku	kɐvɔku	kɐv[o]ku	kɐv[ɔ]ku	0
cesta-rota	seʃtɐʀotɐ	seʃtɐʀɔtɐ	seʃtɐʀ[o]tɐ	seʃtɐʀ[ɔ]tɐ	0
chacoina	ʃɐkɔjnɐ	ʃɐkojnɐ	ʃɐk[ɔ]jnɐ	ʃɐk[o]jnɐ	0
chardonnay	ʃardɔnɛ	ʃardone	ʃard[ɔ]n[ɛ]	ʃard[o]n[e]	0
choldra	ʃɔɫdrɐ	ʃoɫdrɐ	ʃ[ɔ]ɫdrɐ	ʃ[o]ɫdrɐ	0
chopes	ʃɔpɨʃ	ʃopɨʃ	ʃ[ɔ]pɨʃ	ʃ[o]pɨʃ	0
choro	ʃoru	ʃɔru	ʃ[o]ru	ʃ[ɔ]ru	0
cicerone	sisɨrɔnɨ	sisɨronɨ	sisɨr[ɔ]nɨ	sisɨr[o]nɨ	0
cicloidal	siklɔjdaɫ	siklojdaɫ	sikl[ɔ]jdaɫ	sikl[o]jdaɫ	0
cicloidia	siklɔjdiɐ	siklojdiɐ	sikl[ɔ]jdiɐ	sikl[o]jdiɐ	0
ciclone	siklɔnɨ	siklonɨ	sikl[ɔ]nɨ	sikl[o]nɨ	0
cinomorfo	sinumɔrfu	sinumorfu	sinum[ɔ]rfu	sinum[o]rfu	0
ciocho	sjoʃu	siɔʃu	sj[o]ʃu	si[ɔ]ʃu	0
cloisonné	klwazone	klwazɔne	klwaz[o]ne	klwaz[ɔ]ne	0
clone	klɔnɨ	klonɨ	kl[ɔ]nɨ	kl[o]nɨ	0
cobro	kobru	kɔbru	k[o]bru	k[ɔ]bru	0
cochicholo	kuʃiʃolu	kuʃiʃɔlu	kuʃiʃ[o]lu	kuʃiʃ[ɔ]lu	0
cocktail	koktɐjɫ	kɔktɛɫ	k[o]ktɐ[j]ɫ	k[ɔ]ktɛ[]ɫ	0
cólera-morbo	kɔlɨrɐmɔrbu	kɔlɨrɐmorbu	kɔlɨrɐm[ɔ]rbu	kɔlɨrɐm[o]rbu	0
coloidal	kulɔjdaɫ	kulojdaɫ	kul[ɔ]jdaɫ	kul[o]jdaɫ	0
come-e-cala	kɔmikalɐ	komɨikalɐ	k[ɔ]m[]ikalɐ	k[o]m[ɨ]ikalɐ	0
come-gente	kɔmɨʒẽtɨ	komɨʒẽntɨ	k[ɔ]mɨʒẽtɨ[]	k[o]mɨʒẽnt[ɨ]	0
comes	kɔmɨʃ	komɨʃ	k[ɔ]mɨʃ	k[o]mɨʃ	0
come-todos	kɔmɨtoduʃ	komɨtoduʃ	k[ɔ]mɨtoduʃ	k[o]mɨtoduʃ	0
cone	kɔnɨ	konɨ	k[ɔ]nɨ	k[o]nɨ	0
conirrostro	kuniʀoʃtru	kuniʀɔʃtru	kuniʀ[o]ʃtru	kuniʀ[ɔ]ʃtru	0
conoidal	kunɔjdaɫ	kunojdaɫ	kun[ɔ]jdaɫ	kun[o]jdaɫ	0
co-piloto	kopilotu	kopilɔtu	kopil[o]tu	kopil[ɔ]tu	0
corça	korsɐ	kɔrsɐ	k[o]rsɐ	k[ɔ]rsɐ	0
corgo	kɔrɡu	korɡu	k[ɔ]rɡu	k[o]rɡu	0
corioidite	kurjɔjditɨ	kuriojditɨ	kurj[ɔ]jditɨ	kuri[o]jditɨ	0
cornizolo	kurnizolu	kurnizɔlu	kurniz[o]lu	kurniz[ɔ]lu	0
coroça	kurɔsɐ	kurosɐ	kur[ɔ]sɐ	kur[o]sɐ	0
coroidite	kurɔjditɨ	kurojditɨ	kur[ɔ]jditɨ	kur[o]jditɨ	0
corsa	korsɐ	kɔrsɐ	k[o]rsɐ	k[ɔ]rsɐ	0
corta-bolsos	kɔrtɐbɔɫsuʃ	kɔrtɐboɫsuʃ	kɔrtɐb[ɔ]ɫsuʃ	kɔrtɐb[o]ɫsuʃ	0
corva	korvɐ	kɔrvɐ	k[o]rvɐ	k[ɔ]rvɐ	0
cosso	kosu	kɔsu	k[o]su	k[ɔ]su	0
crassirrostro	krɐsiʀoʃtru	krɐsiʀɔʃtru	krɐsiʀ[o]ʃtru	krɐsiʀ[ɔ]ʃtru	0
cristofle	kriʃtɔflɨ	kriʃtoflɨ	kriʃt[ɔ]flɨ	kriʃt[o]flɨ	0
cromlech	krɔmɨlɛkɨ	kromɨlɛk	kr[ɔ]mɨlɛk[ɨ]	kr[o]mɨlɛk[]	0
croquis	krɔki	kroki	kr[ɔ]ki	kr[o]ki	0
crucirrostro	krusiʀoʃtru	krusiʀɔʃtru	krusiʀ[o]ʃtru	krusiʀ[ɔ]ʃtru	0
cultrirrostro	kuɫtriʀoʃtru	kuɫtriʀɔʃtru	kuɫtriʀ[o]ʃtru	kuɫtriʀ[ɔ]ʃtru	0
cuprirrostro	kupriʀoʃtru	kupriʀɔʃtru	kupriʀ[o]ʃtru	kupriʀ[ɔ]ʃtru	0
curvirrostro	kurviʀoʃtru	kurviʀɔʃtru	kurviʀ[o]ʃtru	kurviʀ[ɔ]ʃtru	0
dácoi	dakɔj	dakoj	dak[ɔ]j	dak[o]j	0
démodé	demɔde	demode	dem[ɔ]de	dem[o]de	0
desafogo	dɨzɐfoɡu	dɨzɐfɔɡu	dɨzɐf[o]ɡu	dɨzɐf[ɔ]ɡu	0
desanojo	dɨzɐnoʒu	dɨzɐnɔʒu	dɨzɐn[o]ʒu	dɨzɐn[ɔ]ʒu	0
desbordo	dɨʒbordu	dɨʒbɔrdu	dɨʒb[o]rdu	dɨʒb[ɔ]rdu	0
descoco	dɨʃkoku	dɨʃkɔku	dɨʃk[o]ku	dɨʃk[ɔ]ku	0
descordo	dɨʃkordu	dɨʃkɔrdu	dɨʃk[o]rdu	dɨʃk[ɔ]rdu	0
desdobro	dɨʒdobru	dɨʒdɔbru	dɨʒd[o]bru	dɨʒd[ɔ]bru	0
desfolha	dɨʃfɔʎɐ	dɨʃfoʎɐ	dɨʃf[ɔ]ʎɐ	dɨʃf[o]ʎɐ	0
deuteranopo	dewtɨrɐnopo	dewtɨrɐnɔpu	dewtɨrɐn[o]p[o]	dewtɨrɐn[ɔ]p[u]	0
dicoca	dikokɐ	dikɔkɐ	dik[o]kɐ	dik[ɔ]kɐ	0
dimorfo	dimɔrfu	dimorfu	dim[ɔ]rfu	dim[o]rfu	0
dioptro	djɔptru	dioptru	dj[ɔ]ptru	di[o]ptru	0
diploidia	diplɔjdiɐ	diplojdiɐ	dipl[ɔ]jdiɐ	dipl[o]jdiɐ	0
discordo	diʃkordu	diʃkɔrdu	diʃk[o]rdu	diʃk[ɔ]rdu	0
dismorfo	diʒmɔrfu	diʒmorfu	diʒm[ɔ]rfu	diʒm[o]rfu	0
ditafone	ditɐfɔnɨ	ditɐfonɨ	ditɐf[ɔ]nɨ	ditɐf[o]nɨ	0
doble	dɔblɨ	doblɨ	d[ɔ]blɨ	d[o]blɨ	0
dolce	dɔɫtʃe	doɫtʃe	d[ɔ]ɫtʃe	d[o]ɫtʃe	0
dossier	dɔsje	dosje	d[ɔ]sje	d[o]sje	0
e-commerce	ikɔmɐrsɨ	ikomersɨ	ik[ɔ]m[ɐ]rsɨ	ik[o]m[e]rsɨ	0
ecoto	ekotu	ekɔtu	ek[o]tu	ek[ɔ]tu	0
epagoge	epɐɡoʒɨ	epɐɡɔʒɨ	epɐɡ[o]ʒɨ	epɐɡ[ɔ]ʒɨ	0
epodo	epodu	epɔdu	ep[o]du	ep[ɔ]du	0
erva-fome	ɛrvɐfɔmɨ	ɛrvɐfomɨ	ɛrvɐf[ɔ]mɨ	ɛrvɐf[o]mɨ	0
euribor	ewribɔr	ewribor	ewrib[ɔ]r	ewrib[o]r	0
fachoco	fɐʃoku	fɐʃɔku	fɐʃ[o]ku	fɐʃ[ɔ]ku	0
farricoco	fɐʀikoku	fɐʀikɔku	fɐʀik[o]ku	fɐʀik[ɔ]ku	0
feiroto	fɐjrotu	fɐjrɔtu	fɐjr[o]tu	fɐjr[ɔ]tu	0
filirrostro	filiʀoʃtru	filiʀɔʃtru	filiʀ[o]ʃtru	filiʀ[ɔ]ʃtru	0
fissirrostro	fisiʀoʃtru	fisiʀɔʃtru	fisiʀ[o]ʃtru	fisiʀ[ɔ]ʃtru	0
flos-santório	flɔʃsɐ̃tɔrju	floʃsɐ̃ntɔrju	fl[ɔ]ʃsɐ̃[]tɔrju	fl[o]ʃsɐ̃[n]tɔrju	0
foba	fɔbɐ	fobɐ	f[ɔ]bɐ	f[o]bɐ	0
foio	fɔju	foju	f[ɔ]ju	f[o]ju	0
folgo	foɫɡu	fɔɫɡu	f[o]ɫɡu	f[ɔ]ɫɡu	0
folidoto	fulidotu	fulidɔtu	fulid[o]tu	fulid[ɔ]tu	0
fome	fɔmɨ	fomɨ	f[ɔ]mɨ	f[o]mɨ	0
fone	fɔnɨ	fonɨ	f[ɔ]nɨ	f[o]nɨ	0
forma-torta	formɐtɔrtɐ	fɔrmɐtɔrtɐ	f[o]rmɐtɔrtɐ	f[ɔ]rmɐtɔrtɐ	0
fortran	fɔrtrɐ̃	fortrɐ̃m	f[ɔ]rtrɐ̃[]	f[o]rtrɐ̃[m]	0
fosga	fɔʒɡɐ	foʒɡɐ	f[ɔ]ʒɡɐ	f[o]ʒɡɐ	0
frosca	frɔʃkɐ	froʃkɐ	fr[ɔ]ʃkɐ	fr[o]ʃkɐ	0
fulvirrostro	fuɫviʀoʃtru	fuɫviʀɔʃtru	fuɫviʀ[o]ʃtru	fuɫviʀ[ɔ]ʃtru	0
fuscirrostro	fuʃsiʀoʃtru	fuʃsiʀɔʃtru	fuʃsiʀ[o]ʃtru	fuʃsiʀ[ɔ]ʃtru	0
gimnoto	ʒimnotu	ʒimnɔtu	ʒimn[o]tu	ʒimn[ɔ]tu	0
girofle	ʒirɔflɨ	ʒiroflɨ	ʒir[ɔ]flɨ	ʒir[o]flɨ	0
gnocchi	ɲɔki	ɲoki	ɲ[ɔ]ki	ɲ[o]ki	0
golfe	ɡɔɫfɨ	ɡoɫfɨ	ɡ[ɔ]ɫfɨ	ɡ[o]ɫfɨ	0
golfista	ɡɔɫfiʃtɐ	ɡoɫfiʃtɐ	ɡ[ɔ]ɫfiʃtɐ	ɡ[o]ɫfiʃtɐ	0
gorra	ɡoʀɐ	ɡɔʀɐ	ɡ[o]ʀɐ	ɡ[ɔ]ʀɐ	0
gracilirrostro	ɡrɐsiliʀoʃtru	ɡrɐsiliʀɔʃtru	ɡrɐsiliʀ[o]ʃtru	ɡrɐsiliʀ[ɔ]ʃtru	0
granulomatoso	ɡrɐnulumɐtɔzu	ɡrɐnulumɐtozu	ɡrɐnulumɐt[ɔ]zu	ɡrɐnulumɐt[o]zu	0
grocho	ɡroʃu	ɡrɔʃu	ɡr[o]ʃu	ɡr[ɔ]ʃu	0
grolo	ɡrolu	ɡrɔlu	ɡr[o]lu	ɡr[ɔ]lu	0
guariroba	ɡwɐrirɔbɐ	ɡwɐrirobɐ	ɡwɐrir[ɔ]bɐ	ɡwɐrir[o]bɐ	0
haloisite	ɐlɔjzitɨ	ɐlojzitɨ	ɐl[ɔ]jzitɨ	ɐl[o]jzitɨ	0
haploidia	ɐplɔjdiɐ	ɐplojdiɐ	ɐpl[ɔ]jdiɐ	ɐpl[o]jdiɐ	0
hinodo	inodu	inɔdu	in[o]du	in[ɔ]du	0
hipertireoidismo	ipɛrtirjɔjdiʒmu	ipɛrtiriojdiʒmu	ipɛrtirj[ɔ]jdiʒmu	ipɛrtiri[o]jdiʒmu	0
hipertiroidismo	ipɛrtirɔjdiʒmu	ipɛrtirojdiʒmu	ipɛrtir[ɔ]jdiʒmu	ipɛrtir[o]jdiʒmu	0
hipotireoidismo	ipɔtirjɔjdiʒmu	ipɔtiriojdiʒmu	ipɔtirj[ɔ]jdiʒmu	ipɔtiri[o]jdiʒmu	0
hipotiroidismo	ipɔtirɔjdiʒmu	ipɔtirojdiʒmu	ipɔtir[ɔ]jdiʒmu	ipɔtir[o]jdiʒmu	0
hissopo	isopu	isɔpu	is[o]pu	is[ɔ]pu	0
homeomorfo	ɔmjɔmɔrfu	ɔmjɔmorfu	ɔmjɔm[ɔ]rfu	ɔmjɔm[o]rfu	0
homeoptoto	ɔmjɔptotu	ɔmjɔptɔtu	ɔmjɔpt[o]tu	ɔmjɔpt[ɔ]tu	0
homocromo	ɔmɔkrɔmu	ɔmɔkromu	ɔmɔkr[ɔ]mu	ɔmɔkr[o]mu	0
homomorfo	ɔmɔmɔrfu	ɔmɔmorfu	ɔmɔm[ɔ]rfu	ɔmɔm[o]rfu	0
homoptoto	ɔmɔptotu	ɔmɔptɔtu	ɔmɔpt[o]tu	ɔmɔpt[ɔ]tu	0
ignoto	iɡnotu	iɡnɔtu	iɡn[o]tu	iɡn[ɔ]tu	0
imoto	imotu	imɔtu	im[o]tu	im[ɔ]tu	0
inhacoco	iɲɐkoku	iɲɐkɔku	iɲɐk[o]ku	iɲɐk[ɔ]ku	0
joina	ʒɔjnɐ	ʒojnɐ	ʒ[ɔ]jnɐ	ʒ[o]jnɐ	0
joldra	ʒɔɫdrɐ	ʒoɫdrɐ	ʒ[ɔ]ɫdrɐ	ʒ[o]ɫdrɐ	0
karaoke	karaɔkɨ	karaoke	kara[ɔ]k[ɨ]	kara[o]k[e]	0
kilobit	kilɔbit	kilobit	kil[ɔ]bit	kil[o]bit	0
kilobyte	kilɔbajtɨ	kilobajtɨ	kil[ɔ]bajtɨ	kil[o]bajtɨ	0
kilowatt-hora	kilɔwɔtɔrɐ	kilowɔtɔrɐ	kil[ɔ]wɔtɔrɐ	kil[o]wɔtɔrɐ	0
kilowatt	kilɔwɔt	kilowɔt	kil[ɔ]wɔt	kil[o]wɔt	0
labrosca	lɐbrɔʃkɐ	lɐbroʃkɐ	lɐbr[ɔ]ʃkɐ	lɐbr[o]ʃkɐ	0
labroscas	lɐbrɔʃkɐʃ	lɐbroʃkɐʃ	lɐbr[ɔ]ʃkɐʃ	lɐbr[o]ʃkɐʃ	0
laparoto	lɐpɐrotu	lɐpɐrɔtu	lɐpɐr[o]tu	lɐpɐr[ɔ]tu	0
larota	lɐrɔtɐ	lɐrotɐ	lɐr[ɔ]tɐ	lɐr[o]tɐ	0
latirrostro	lɐtiʀoʃtru	lɐtiʀɔʃtru	lɐtiʀ[o]ʃtru	lɐtiʀ[ɔ]ʃtru	0
lazarone	lɐzɐrɔnɨ	lɐzɐronɨ	lɐzɐr[ɔ]nɨ	lɐzɐr[o]nɨ	0
leiroto	lɐjrotu	lɐjrɔtu	lɐjr[o]tu	lɐjr[ɔ]tu	0
leone	ljɔnɨ	lionɨ	lj[ɔ]nɨ	li[o]nɨ	0
lobisomem	lubizɔmɐ̃j̃	lubizomɐjn	lubiz[ɔ]mɐ[̃]j[̃]	lubiz[o]mɐ[]j[n]	0
logro	loɡru	lɔɡru	l[o]ɡru	l[ɔ]ɡru	0
loio-do-jardim	lɔjuduʒɐrdĩ	lojuduʒɐrdĩn	l[ɔ]juduʒɐrdĩ[]	l[o]juduʒɐrdĩ[n]	0
loio	lɔju	loju	l[ɔ]ju	l[o]ju	0
lora	lorɐ	lɔrɐ	l[o]rɐ	l[ɔ]rɐ	0
losna	lɔʒnɐ	loʒnɐ	l[ɔ]ʒnɐ	l[o]ʒnɐ	0
lostra	loʃtrɐ	lɔʃtrɐ	l[o]ʃtrɐ	l[ɔ]ʃtrɐ	0
luz-piloto	luʃpilotu	luʃpilɔtu	luʃpil[o]tu	luʃpil[ɔ]tu	0
maçacoto	mɐsɐkotu	mɐsɐkɔtu	mɐsɐk[o]tu	mɐsɐk[ɔ]tu	0
maçaroco	mɐsɐroku	mɐsɐrɔku	mɐsɐr[o]ku	mɐsɐr[ɔ]ku	0
machoco	mɐʃoku	mɐʃɔku	mɐʃ[o]ku	mɐʃ[ɔ]ku	0
maculirrostro	mɐkuliʀoʃtru	mɐkuliʀɔʃtru	mɐkuliʀ[o]ʃtru	mɐkuliʀ[ɔ]ʃtru	0
madorna	mɐdornɐ	mɐdɔrnɐ	mɐd[o]rnɐ	mɐd[ɔ]rnɐ	0
madorra	mɐdoʀɐ	mɐdɔʀɐ	mɐd[o]ʀɐ	mɐd[ɔ]ʀɐ	0
manirroto	mɐniʀotu	mɐniʀɔtu	mɐniʀ[o]tu	mɐniʀ[ɔ]tu	0
marinhoto	mɐriɲotu	mɐriɲɔtu	mɐriɲ[o]tu	mɐriɲ[ɔ]tu	0
mariposa	mɐripɔzɐ	mɐripozɐ	mɐrip[ɔ]zɐ	mɐrip[o]zɐ	0
marmoto	mɐrmotu	mɐrmɔtu	mɐrm[o]tu	mɐrm[ɔ]tu	0
mascoto	mɐʃkotu	mɐʃkɔtu	mɐʃk[o]tu	mɐʃk[ɔ]tu	0
massamorda	mɐsɐmordɐ	mɐsɐmɔrdɐ	mɐsɐm[o]rdɐ	mɐsɐm[ɔ]rdɐ	0
massaroco	mɐsɐroku	mɐsɐrɔku	mɐsɐr[o]ku	mɐsɐr[ɔ]ku	0
mastoidalgia	mɐʃtɔjdaɫʒiɐ	mɐʃtojdaɫʒiɐ	mɐʃt[ɔ]jdaɫʒiɐ	mɐʃt[o]jdaɫʒiɐ	0
mastoidectomia	mɐʃtɔjdɛktumiɐ	mɐʃtojdɨtumiɐ	mɐʃt[ɔ]jdɛ[k]tumiɐ	mɐʃt[o]jdɨ[]tumiɐ	0
mastoidite	mɐʃtɔjditɨ	mɐʃtojditɨ	mɐʃt[ɔ]jditɨ	mɐʃt[o]jditɨ	0
mata-fome	matɐfɔmɨ	matɐfomɨ	matɐf[ɔ]mɨ	matɐf[o]mɨ	0
matorro-torro	mɐtoʀutoʀu	mɐtoʀutɔʀu	mɐtoʀut[o]ʀu	mɐtoʀut[ɔ]ʀu	0
matriosca	mɐtrjɔʃkɐ	mɐtrioʃkɐ	mɐtrj[ɔ]ʃkɐ	mɐtri[o]ʃkɐ	0
megafone	mɛɡɐfɔnɨ	mɛɡɐfonɨ	mɛɡɐf[ɔ]nɨ	mɛɡɐf[o]nɨ	0
megaohm	mɛɡɐɔm	mɛɡɐom	mɛɡɐ[ɔ]m	mɛɡɐ[o]m	0
megavolt	mɛɡɐvɔɫt	mɛɡɐvoɫt	mɛɡɐv[ɔ]ɫt	mɛɡɐv[o]ɫt	0
microfone	mikrɔfɔnɨ	mikrɔfonɨ	mikrɔf[ɔ]nɨ	mikrɔf[o]nɨ	0
microssulco	mikrosuɫku	mikrɔsuɫku	mikr[o]suɫku	mikr[ɔ]suɫku	0
minigolfe	miniɡɔɫfɨ	miniɡoɫfɨ	miniɡ[ɔ]ɫfɨ	miniɡ[o]ɫfɨ	0
mioto	mjotu	miɔtu	mj[o]tu	mi[ɔ]tu	0
mira-olho	mirɐoʎu	mirɐɔʎu	mirɐ[o]ʎu	mirɐ[ɔ]ʎu	0
mirone	mirɔnɨ	mironɨ	mir[ɔ]nɨ	mir[o]nɨ	0
missosso	misosu	misɔsu	mis[o]su	mis[ɔ]su	0
mixedematoso	miksɨdɨmɐtɔzɨ	miksɨdɨmɐtozu	miksɨdɨmɐt[ɔ]z[ɨ]	miksɨdɨmɐt[o]z[u]	0
moco	moku	mɔku	m[o]ku	m[ɔ]ku	0
molho-de-capode	moʎudɨkɐpɔdɨ	mɔʎudɨkɐpɔdɨ	m[o]ʎudɨkɐpɔdɨ	m[ɔ]ʎudɨkɐpɔdɨ	0
molosso	mulosu	mulɔsu	mul[o]su	mul[ɔ]su	0
monoicia	munɔjsiɐ	munojsiɐ	mun[ɔ]jsiɐ	mun[o]jsiɐ	0
morbo	mɔrbu	morbu	m[ɔ]rbu	m[o]rbu	0
morcas	morkɐʃ	mɔrkɐʃ	m[o]rkɐʃ	m[ɔ]rkɐʃ	0
morcego-orelhudo	murseɡworɨʎudu	murseɡuɔrɨʎudu	murseɡw[o]rɨʎudu	murseɡu[ɔ]rɨʎudu	0
motocross	mɔtokrɔs	motokrɔs	m[ɔ]tokrɔs	m[o]tokrɔs	0
mozartiano	mɔzɐrtjɐnu	mozartiɐ̃nu	m[ɔ]z[ɐ]rt[j]ɐ[]nu	m[o]z[a]rt[i]ɐ[̃]nu	0
mucoco	mukoku	mukɔku	muk[o]ku	muk[ɔ]ku	0
mucolo	mukolu	mukɔlu	muk[o]lu	muk[ɔ]lu	0
mujojo	muʒoʒu	muʒɔʒu	muʒ[o]ʒu	muʒ[ɔ]ʒu	0
mussosso	musosu	musɔsu	mus[o]su	mus[ɔ]su	0
namoro	nɐmoru	nɐmɔru	nɐm[o]ru	nɐm[ɔ]ru	0
neo-árico	nɛɔariku	nɛoariku	nɛ[ɔ]ariku	nɛ[o]ariku	0
neo-idealismo	nɛɔidjɐliʒmu	nɛoidiɐliʒmu	nɛ[ɔ]id[j]ɐliʒmu	nɛ[o]id[i]ɐliʒmu	0
neo-realismo	nɛɔʀjɐliʒmu	nɛoʀiɐliʒmu	nɛ[ɔ]ʀ[j]ɐliʒmu	nɛ[o]ʀ[i]ɐliʒmu	0
neo-realista	nɛɔʀjɐliʃtɐ	nɛoʀiɐliʃtɐ	nɛ[ɔ]ʀ[j]ɐliʃtɐ	nɛ[o]ʀ[i]ɐliʃtɐ	0
neo-romântico	nɛɔʀumɐ̃tiku	nɛoʀumɐ̃ntiku	nɛ[ɔ]ʀumɐ̃[]tiku	nɛ[o]ʀumɐ̃[n]tiku	0
neo-romantismo	nɛɔʀumɐ̃tiʒmu	nɛoʀumɐ̃ntiʒmu	nɛ[ɔ]ʀumɐ̃[]tiʒmu	nɛ[o]ʀumɐ̃[n]tiʒmu	0
nhacoco	ɲɐkoku	ɲɐkɔku	ɲɐk[o]ku	ɲɐk[ɔ]ku	0
nhole	ɲolɨ	ɲɔlɨ	ɲ[o]lɨ	ɲ[ɔ]lɨ	0
nigrirrostro	niɡriʀoʃtru	niɡriʀɔʃtru	niɡriʀ[o]ʃtru	niɡriʀ[ɔ]ʃtru	0
nones	nɔnɨʃ	nonɨʃ	n[ɔ]nɨʃ	n[o]nɨʃ	0
nor-nordeste	nɔrnɔrdɛʃtɨ	nornurdɛʃtɨ	n[ɔ]rn[ɔ]rdɛʃtɨ	n[o]rn[u]rdɛʃtɨ	0
nor-noroeste	nɔrnɔrwɛʃtɨ	nornuruɛʃtɨ	n[ɔ]rn[ɔ]r[w]ɛʃtɨ	n[o]rn[u]r[u]ɛʃtɨ	0
oba	obɐ	ɔbɐ	[o]bɐ	[ɔ]bɐ	0
obó	obɔ	ɔbɔ	[o]bɔ	[ɔ]bɔ	0
obvir	obvir	ɔbvir	[o]bvir	[ɔ]bvir	0
ocanheira	okɐɲɐjrɐ	ɔkɐ̃ɲɐjrɐ	[o]kɐ[]ɲɐjrɐ	[ɔ]kɐ[̃]ɲɐjrɐ	0
ocanheiro	okɐɲɐjru	ɔkɐ̃ɲɐjru	[o]kɐ[]ɲɐjru	[ɔ]kɐ[̃]ɲɐjru	0
ocá	oka	ɔka	[o]ka	[ɔ]ka	0
ochilombo	oʃilõbu	ɔʃilõmbu	[o]ʃilõbu[]	[ɔ]ʃilõmb[u]	0
ocoçô	okoso	ɔkuso	[o]k[o]so	[ɔ]k[u]so	0
odiar	odjar	ɔdiar	[o]d[j]ar	[ɔ]d[i]ar	0
odiável	odjavɛɫ	ɔdiavɛɫ	[o]d[j]avɛɫ	[ɔ]d[i]avɛɫ	0
odiento	odjẽtu	ɔdiẽntu	[o]djẽtu[]	[ɔ]diẽnt[u]	0
odiosamente	odjɔzɐmẽtɨ	ɔdiɔzɐmẽntɨ	[o]d[j]ɔzɐmẽtɨ[]	[ɔ]d[i]ɔzɐmẽnt[ɨ]	0
odiosidade	odjuzidadɨ	ɔdiuzidadɨ	[o]d[j]uzidadɨ	[ɔ]d[i]uzidadɨ	0
odioso	odjozu	ɔdiozu	[o]d[j]ozu	[ɔ]d[i]ozu	0
odô	odo	ɔdo	[o]do	[ɔ]do	0
odrada	odradɐ	ɔdradɐ	[o]dradɐ	[ɔ]dradɐ	0
odreiro	odrɐjru	ɔdrɐjru	[o]drɐjru	[ɔ]drɐjru	0
odre	odrɨ	ɔdrɨ	[o]drɨ	[ɔ]drɨ	0
olhalva	oʎaɫvɐ	ɔʎaɫvɐ	[o]ʎaɫvɐ	[ɔ]ʎaɫvɐ	0
olhalvo	oʎaɫvu	ɔʎaɫvu	[o]ʎaɫvu	[ɔ]ʎaɫvu	0
olhanense	oʎɐnẽsɨ	ɔʎɐnẽnsɨ	[o]ʎɐnẽsɨ[]	[ɔ]ʎɐnẽns[ɨ]	0
olhante	oʎɐ̃tɨ	ɔʎɐ̃ntɨ	[o]ʎɐ̃[]tɨ	[ɔ]ʎɐ̃[n]tɨ	0
olha	oʎɐ	ɔʎɐ	[o]ʎɐ	[ɔ]ʎɐ	0
olhiagudo	oʎjɐɡudu	ɔʎiɐɡudu	[o]ʎ[j]ɐɡudu	[ɔ]ʎ[i]ɐɡudu	0
olhibranco	oʎibrɐ̃ku	ɔʎibrɐ̃nku	[o]ʎibrɐ̃[]ku	[ɔ]ʎibrɐ̃[n]ku	0
olhimanco	oʎimɐ̃ku	ɔʎimɐ̃nku	[o]ʎimɐ̃[]ku	[ɔ]ʎimɐ̃[n]ku	0
olhinegro	oʎineɡru	ɔʎineɡru	[o]ʎineɡru	[ɔ]ʎineɡru	0
olhipreto	oʎipretu	ɔʎiprɛtu	[o]ʎipr[e]tu	[ɔ]ʎipr[ɛ]tu	0
olhirridente	oʎiʀidẽtɨ	ɔʎiʀidẽntɨ	[o]ʎiʀidẽtɨ[]	[ɔ]ʎiʀidẽnt[ɨ]	0
olhizaino	oʎizajnu	ɔʎizajnu	[o]ʎizajnu	[ɔ]ʎizajnu	0
olhizarco	oʎizarku	ɔʎizarku	[o]ʎizarku	[ɔ]ʎizarku	0
olho-branco	oʎubrɐ̃ku	ɔʎubrɐ̃nku	[o]ʎubrɐ̃[]ku	[ɔ]ʎubrɐ̃[n]ku	0
olho-de-boi	oʎudɨboj	ɔʎudɨboj	[o]ʎudɨboj	[ɔ]ʎudɨboj	0
olho-de-cabra	oʎudɨkabrɐ	ɔʎudɨkabrɐ	[o]ʎudɨkabrɐ	[ɔ]ʎudɨkabrɐ	0
olho-de-gato	oʎudɨɡatu	ɔʎudɨɡatu	[o]ʎudɨɡatu	[ɔ]ʎudɨɡatu	0
olho-de-mocho	oʎudɨmoʃu	ɔʎudɨmoʃu	[o]ʎudɨmoʃu	[ɔ]ʎudɨmoʃu	0
olho-de-perdiz	oʎudɨpɨrdiʃ	ɔʎudɨpɨrdiʃ	[o]ʎudɨpɨrdiʃ	[ɔ]ʎudɨpɨrdiʃ	0
olho-de-sapo	oʎudɨsapu	ɔʎudɨsapu	[o]ʎudɨsapu	[ɔ]ʎudɨsapu	0
olho-de-sogra	oʎudɨsɔɡrɐ	ɔʎudɨsɔɡrɐ	[o]ʎudɨsɔɡrɐ	[ɔ]ʎudɨsɔɡrɐ	0
olho-de-tigre	oʎudɨtiɡrɨ	ɔʎudɨtiɡrɨ	[o]ʎudɨtiɡrɨ	[ɔ]ʎudɨtiɡrɨ	0
olho-largo	oʎularɡu	ɔʎularɡu	[o]ʎularɡu	[ɔ]ʎularɡu	0
olho-marinho	oʎumɐriɲu	ɔʎumɐriɲu	[o]ʎumɐriɲu	[ɔ]ʎumɐriɲu	0
olho-meirinho	oʎumɐjriɲu	ɔʎumɐjriɲu	[o]ʎumɐjriɲu	[ɔ]ʎumɐjriɲu	0
olho	oʎu	ɔʎu	[o]ʎu	[ɔ]ʎu	0
olho-verde	oʎuverdɨ	ɔʎuverdɨ	[o]ʎuverdɨ	[ɔ]ʎuverdɨ	0
olmedal	oɫmɨdaɫ	ɔɫmɨdaɫ	[o]ɫmɨdaɫ	[ɔ]ɫmɨdaɫ	0
olmedo	oɫmedu	ɔɫmedu	[o]ɫmedu	[ɔ]ɫmedu	0
olmeiro	oɫmɐjru	ɔɫmɐjru	[o]ɫmɐjru	[ɔ]ɫmɐjru	0
olmo	oɫmu	ɔɫmu	[o]ɫmu	[ɔ]ɫmu	0
olongo	olõɡu	ɔlõnɡu	[o]lõɡu[]	[ɔ]lõnɡ[u]	0
oluneva	olunɛvɐ	ɔlunɛvɐ	[o]lunɛvɐ	[ɔ]lunɛvɐ	0
olussapo	olusapu	ɔlusapu	[o]lusapu	[ɔ]lusapu	0
olvidado	oɫvidadu	ɔɫvidadu	[o]ɫvidadu	[ɔ]ɫvidadu	0
olvidável	oɫvidavɛɫ	ɔɫvidavɛɫ	[o]ɫvidavɛɫ	[ɔ]ɫvidavɛɫ	0
omíada	omiɐdɐ	ɔmiɐdɐ	[o]miɐdɐ	[ɔ]miɐdɐ	0
omuande	omwɐ̃dɨ	ɔmuɐ̃ndɨ	[o]m[w]ɐ̃[]dɨ	[ɔ]m[u]ɐ̃[n]dɨ	0
onirogmo	ɔnirɔɡmu	ɔniroɡmu	ɔnir[ɔ]ɡmu	ɔnir[o]ɡmu	0
optante	optɐ̃tɨ	ɔptɐ̃ntɨ	[o]ptɐ̃[]tɨ	[ɔ]ptɐ̃[n]tɨ	0
orco	ɔrku	orku	[ɔ]rku	[o]rku	0
orelhada	orɨʎadɐ	ɔrɨʎadɐ	[o]rɨʎadɐ	[ɔ]rɨʎadɐ	0
orelha-de-lebre	orɐʎɐdɨlɛbrɨ	ɔreʎɐdɨlɛbrɨ	[o]r[ɐ]ʎɐdɨlɛbrɨ	[ɔ]r[e]ʎɐdɨlɛbrɨ	0
orelha-de-mula	orɐʎɐdɨmulɐ	ɔreʎɐdɨmulɐ	[o]r[ɐ]ʎɐdɨmulɐ	[ɔ]r[e]ʎɐdɨmulɐ	0
orelha-de-pau	orɐʎɐdɨpaw	ɔreʎɐdɨpaw	[o]r[ɐ]ʎɐdɨpaw	[ɔ]r[e]ʎɐdɨpaw	0
orelha-de-rato	orɐʎɐdɨʀatu	ɔreʎɐdɨʀatu	[o]r[ɐ]ʎɐdɨʀatu	[ɔ]r[e]ʎɐdɨʀatu	0
orelha-de-urso	orɐʎɐdursu	ɔreʎɐdɨursu	[o]r[ɐ]ʎɐd[]ursu	[ɔ]r[e]ʎɐd[ɨ]ursu	0
orelhado	orɨʎadu	ɔrɨʎadu	[o]rɨʎadu	[ɔ]rɨʎadu	0
orelhador	orɨʎɐdor	ɔrɨʎɐdor	[o]rɨʎɐdor	[ɔ]rɨʎɐdor	0
orelhão	orɨʎɐ̃w̃	ɔrɨʎɐ̃w̃	[o]rɨʎɐ̃w̃	[ɔ]rɨʎɐ̃w̃	0
orelha	orɐjʎɐ	ɔreʎɐ	[o]rɐ[j]ʎɐ	[ɔ]re[]ʎɐ	0
orelhar	orɨʎar	ɔrɨʎar	[o]rɨʎar	[ɔ]rɨʎar	0
orelhas-de-abade	orɐʎɐʒdɐbadɨ	ɔreʎɐʒdɨɐbadɨ	[o]r[ɐ]ʎɐʒd[]ɐbadɨ	[ɔ]r[e]ʎɐʒd[ɨ]ɐbadɨ	0
orelheira	orɨʎɐjrɐ	ɔrɨʎɐjrɐ	[o]rɨʎɐjrɐ	[ɔ]rɨʎɐjrɐ	0
orelhudo	orɨʎudu	ɔrɨʎudu	[o]rɨʎudu	[ɔ]rɨʎudu	0
orto	ɔrtu	ortu	[ɔ]rtu	[o]rtu	0
osco	oʃku	ɔʃku	[o]ʃku	[ɔ]ʃku	0
oscos	oʃkuʃ	ɔʃkuʃ	[o]ʃkuʃ	[ɔ]ʃkuʃ	0
ostíaco	oʃtiɐku	ɔʃtiɐku	[o]ʃtiɐku	[ɔ]ʃtiɐku	0
ostíacos	oʃtiɐkuʃ	ɔʃtiɐkuʃ	[o]ʃtiɐkuʃ	[ɔ]ʃtiɐkuʃ	0
ostraceiro	oʃtrɐsɐjru	ɔʃtrɐsɐjru	[o]ʃtrɐsɐjru	[ɔ]ʃtrɐsɐjru	0
ostráceo	oʃtrasju	ɔʃtrasiw	[o]ʃtrasj[u]	[ɔ]ʃtrasi[w]	0
ostracino	oʃtrɐsinu	ɔʃtrɐsinu	[o]ʃtrɐsinu	[ɔ]ʃtrɐsinu	0
ostracismo	oʃtrɐsiʒmu	ɔʃtrɐsiʒmu	[o]ʃtrɐsiʒmu	[ɔ]ʃtrɐsiʒmu	0
ostracista	oʃtrɐsiʃtɐ	ɔʃtrɐsiʃtɐ	[o]ʃtrɐsiʃtɐ	[ɔ]ʃtrɐsiʃtɐ	0
ostracita	oʃtrɐsitɐ	ɔʃtrɐsitɐ	[o]ʃtrɐsitɐ	[ɔ]ʃtrɐsitɐ	0
ostracite	oʃtrɐsitɨ	ɔʃtrɐsitɨ	[o]ʃtrɐsitɨ	[ɔ]ʃtrɐsitɨ	0
ostracizar	oʃtrɐsizar	ɔʃtrɐsizar	[o]ʃtrɐsizar	[ɔ]ʃtrɐsizar	0
ostracodermos	oʃtrɐkudɛrmuʃ	ɔʃtrɐkudermuʃ	[o]ʃtrɐkud[ɛ]rmuʃ	[ɔ]ʃtrɐkud[e]rmuʃ	0
ostracodes	oʃtrɐkɔdɨʃ	ɔʃtrɐkɔdɨʃ	[o]ʃtrɐkɔdɨʃ	[ɔ]ʃtrɐkɔdɨʃ	0
ostracologia	oʃtrɐkuluʒiɐ	ɔʃtrɐkuluʒiɐ	[o]ʃtrɐkuluʒiɐ	[ɔ]ʃtrɐkuluʒiɐ	0
ostracológico	oʃtrɐkulɔʒiku	ɔʃtrɐkulɔʒiku	[o]ʃtrɐkulɔʒiku	[ɔ]ʃtrɐkulɔʒiku	0
ostraria	oʃtrɐriɐ	ɔʃtrɐriɐ	[o]ʃtrɐriɐ	[ɔ]ʃtrɐriɐ	0
ostreário	oʃtrjarju	ɔʃtrɨarju	[o]ʃtr[j]arju	[ɔ]ʃtr[ɨ]arju	0
ostreícola	oʃtrɐikulɐ	ɔʃtrɨikulɐ	[o]ʃtr[ɐ]ikulɐ	[ɔ]ʃtr[ɨ]ikulɐ	0
ostreicultor	oʃtrɐjkuɫtor	ɔʃtrɐjkuɫtor	[o]ʃtrɐjkuɫtor	[ɔ]ʃtrɐjkuɫtor	0
ostreicultura	oʃtrɐjkuɫturɐ	ɔʃtrɐjkuɫturɐ	[o]ʃtrɐjkuɫturɐ	[ɔ]ʃtrɐjkuɫturɐ	0
ostreida	oʃtrɐjdɐ	ɔʃtrɐjdɐ	[o]ʃtrɐjdɐ	[ɔ]ʃtrɐjdɐ	0
ostreídeo	oʃtrɐidju	ɔʃtrɨidiw	[o]ʃtr[ɐ]idj[u]	[ɔ]ʃtr[ɨ]idi[w]	0
ostreídeos	oʃtrɐidjuʃ	ɔʃtrɨidiwʃ	[o]ʃtr[ɐ]idj[u]ʃ	[ɔ]ʃtr[ɨ]idi[w]ʃ	0
ostreífero	oʃtrɐifɨru	ɔʃtrɨifɨru	[o]ʃtr[ɐ]ifɨru	[ɔ]ʃtr[ɨ]ifɨru	0
ostreiforme	oʃtrɐjfɔrmɨ	ɔʃtrɐjfɔrmɨ	[o]ʃtrɐjfɔrmɨ	[ɔ]ʃtrɐjfɔrmɨ	0
ostreína	oʃtrɐinɐ	ɔʃtrɨinɐ	[o]ʃtr[ɐ]inɐ	[ɔ]ʃtr[ɨ]inɐ	0
ostreira	oʃtrɐjrɐ	ɔʃtrɐjrɐ	[o]ʃtrɐjrɐ	[ɔ]ʃtrɐjrɐ	0
ostreiro	oʃtrɐjru	ɔʃtrɐjru	[o]ʃtrɐjru	[ɔ]ʃtrɐjru	0
ostricultor	oʃtrikuɫtor	ɔʃtrikuɫtor	[o]ʃtrikuɫtor	[ɔ]ʃtrikuɫtor	0
ostricultura	oʃtrikuɫturɐ	ɔʃtrikuɫturɐ	[o]ʃtrikuɫturɐ	[ɔ]ʃtrikuɫturɐ	0
ostrífero	oʃtrifɨru	ɔʃtrifɨru	[o]ʃtrifɨru	[ɔ]ʃtrifɨru	0
oteca	otɛkɐ	ɔtɛkɐ	[o]tɛkɐ	[ɔ]tɛkɐ	0
otim	otĩ	ɔtĩn	[o]tĩ[]	[ɔ]tĩ[n]	0
ovambo	ovɐ̃bu	ɔvɐ̃mbu	[o]vɐ̃[]bu	[ɔ]vɐ̃[m]bu	0
ovambos	ovɐ̃buʃ	ɔvɐ̃mbuʃ	[o]vɐ̃[]buʃ	[ɔ]vɐ̃[m]buʃ	0
ovampo	ovɐ̃pu	ɔvɐ̃mpu	[o]vɐ̃[]pu	[ɔ]vɐ̃[m]pu	0
overprint	ovɐrprĩt	ɔvɨrprĩnt	[o]v[ɐ]rprĩt[]	[ɔ]v[ɨ]rprĩn[t]	0
oxalá	oʃɐla	ɔʃɐla	[o]ʃɐla	[ɔ]ʃɐla	0
oxfordiano	ɔksfɔrdjɐnu	oksfɔrdiɐ̃nu	[ɔ]ksfɔrd[j]ɐ[]nu	[o]ksfɔrd[i]ɐ[̃]nu	0
oxfordiano	ɔksfɔrdjɐnu	oksfɔrdiɐ̃nu	[ɔ]ksfɔrd[j]ɐ[]nu	[o]ksfɔrd[i]ɐ[̃]nu	0
ozone	ɔzɔnɨ	ɔzonɨ	ɔz[ɔ]nɨ	ɔz[o]nɨ	0
pachocho	pɐʃoʃu	pɐʃɔʃu	pɐʃ[o]ʃu	pɐʃ[ɔ]ʃu	0
pacoba	pɐkɔbɐ	pɐkobɐ	pɐk[ɔ]bɐ	pɐk[o]bɐ	0
paivoto	pajvotu	pajvɔtu	pajv[o]tu	pajv[ɔ]tu	0
paloio	pɐlɔju	pɐloju	pɐl[ɔ]ju	pɐl[o]ju	0
papel-carbono	pɐpɛɫkɐrbɔnu	pɐpɛɫkɐrbonu	pɐpɛɫkɐrb[ɔ]nu	pɐpɛɫkɐrb[o]nu	0
paquicoroidite	pɐkikurɔjditɨ	pɐkikurojditɨ	pɐkikur[ɔ]jditɨ	pɐkikur[o]jditɨ	0
paramastoidite	pɐrɐmɐʃtɔjditɨ	pɐrɐmɐʃtojditɨ	pɐrɐmɐʃt[ɔ]jditɨ	pɐrɐmɐʃt[o]jditɨ	0
paramiloidose	pɐrɐmilɔjdɔzɨ	pɐrɐmilojdɔzɨ	pɐrɐmil[ɔ]jdɔzɨ	pɐrɐmil[o]jdɔzɨ	0
parassigmoidite	pɐrɐsiɡmɔjditɨ	pɐrɐsiɡmojditɨ	pɐrɐsiɡm[ɔ]jditɨ	pɐrɐsiɡm[o]jditɨ	0
paratireoidectomia	pɐrɐtirjɔjdɛktumiɐ	pɐrɐtiriojdɨtumiɐ	pɐrɐtirj[ɔ]jdɛ[k]tumiɐ	pɐrɐtiri[o]jdɨ[]tumiɐ	0
paratireoidectômico	pɐrɐtirjɔjdɛktomiku	pɐrɐtiriojdɨtomiku	pɐrɐtirj[ɔ]jdɛ[k]tomiku	pɐrɐtiri[o]jdɨ[]tomiku	0
paratireoidectómico	pɐrɐtirjɔjdɛktɔmiku	pɐrɐtiriojdɨtɔmiku	pɐrɐtirj[ɔ]jdɛ[k]tɔmiku	pɐrɐtiri[o]jdɨ[]tɔmiku	0
paratiroidectomia	pɐrɐtirɔjdɛktumiɐ	pɐrɐtirojdɨtumiɐ	pɐrɐtir[ɔ]jdɛ[k]tumiɐ	pɐrɐtir[o]jdɨ[]tumiɐ	0
paratiroidectômico	pɐrɐtirɔjdɛktomiku	pɐrɐtirojdɨtomiku	pɐrɐtir[ɔ]jdɛ[k]tomiku	pɐrɐtir[o]jdɨ[]tomiku	0
paratiroidectómico	pɐrɐtirɔjdɛktɔmiku	pɐrɐtirojdɨtɔmiku	pɐrɐtir[ɔ]jdɛ[k]tɔmiku	pɐrɐtir[o]jdɨ[]tɔmiku	0
paratiroidite	pɐrɐtirɔjditɨ	pɐrɐtirojditɨ	pɐrɐtir[ɔ]jditɨ	pɐrɐtir[o]jditɨ	0
parola	pɐrolɐ	pɐrɔlɐ	pɐr[o]lɐ	pɐr[ɔ]lɐ	0
parolo	pɐrolu	pɐrɔlu	pɐr[o]lu	pɐr[ɔ]lu	0
pasodoble	pasɔdɔblɛ	pasodoble	pas[ɔ]d[ɔ]bl[ɛ]	pas[o]d[o]bl[e]	0
passa-fomes	pasɐfɔmɨʃ	pasɐfomɨʃ	pasɐf[ɔ]mɨʃ	pasɐf[o]mɨʃ	0
passaroco	pɐsɐroku	pɐsɐrɔku	pɐsɐr[o]ku	pɐsɐr[ɔ]ku	0
passarolo	pɐsɐrolu	pɐsɐrɔlu	pɐsɐr[o]lu	pɐsɐr[ɔ]lu	0
patorra	pɐtoʀɐ	pɐtɔʀɐ	pɐt[o]ʀɐ	pɐt[ɔ]ʀɐ	0
pedra-pomes	pɛdrɐpɔmɨʃ	pɛdrɐpomɨʃ	pɛdrɐp[ɔ]mɨʃ	pɛdrɐp[o]mɨʃ	0
pichorra	piʃoʀɐ	piʃɔʀɐ	piʃ[o]ʀɐ	piʃ[ɔ]ʀɐ	0
picoto	pikotu	pikɔtu	pik[o]tu	pik[ɔ]tu	0
pilone	pilɔnɨ	pilonɨ	pil[ɔ]nɨ	pil[o]nɨ	0
piloto	pilotu	pilɔtu	pil[o]tu	pil[ɔ]tu	0
pinoco	pinoku	pinɔku	pin[o]ku	pin[ɔ]ku	0
pinoio	pinɔju	pinoju	pin[ɔ]ju	pin[o]ju	0
piorra	pjoʀɐ	piɔʀɐ	pj[o]ʀɐ	pi[ɔ]ʀɐ	0
pipoco	pipoku	pipɔku	pip[o]ku	pip[ɔ]ku	0
pitora	pitɔrɐ	pitorɐ	pit[ɔ]rɐ	pit[o]rɐ	0
pitorra	pitoʀɐ	pitɔʀɐ	pit[o]ʀɐ	pit[ɔ]ʀɐ	0
pitosca	pitɔʃkɐ	pitoʃkɐ	pit[ɔ]ʃkɐ	pit[o]ʃkɐ	0
pitosga	pitɔʒɡɐ	pitoʒɡɐ	pit[ɔ]ʒɡɐ	pit[o]ʒɡɐ	0
planirrostro	plɐniʀoʃtru	plɐniʀɔʃtru	plɐniʀ[o]ʃtru	plɐniʀ[ɔ]ʃtru	0
platirrostro	plɐtiʀoʃtru	plɐtiʀɔʃtru	plɐtiʀ[o]ʃtru	plɐtiʀ[ɔ]ʃtru	0
plenirrostro	pleniʀoʃtru	pleniʀɔʃtru	pleniʀ[o]ʃtru	pleniʀ[ɔ]ʃtru	0
pleuroto	plewrotu	plewrɔtu	plewr[o]tu	plewr[ɔ]tu	0
pocha	poʃɐ	pɔʃɐ	p[o]ʃɐ	p[ɔ]ʃɐ	0
poh	pɔ	po	p[ɔ]	p[o]	0
poia	pojɐ	pɔjɐ	p[o]jɐ	p[ɔ]jɐ	0
pomes	pɔmɨʃ	pomɨʃ	p[ɔ]mɨʃ	p[o]mɨʃ	0
porta-rolos	pɔrtɐroluʃ	pɔrtɐʀɔluʃ	pɔrtɐr[o]luʃ	pɔrtɐʀ[ɔ]luʃ	0
pós-abdome	pɔzɐbdɔmɨ	pɔzɐbdomɨ	pɔzɐbd[ɔ]mɨ	pɔzɐbd[o]mɨ	0
pose	pɔzɨ	pozɨ	p[ɔ]zɨ	p[o]zɨ	0
pré-abdome	prɛɐbdɔmɨ	prɛɐbdomɨ	prɛɐbd[ɔ]mɨ	prɛɐbd[o]mɨ	0
prima-donna	primɐdɔnɐ	primɐdonɐ	primɐd[ɔ]nɐ	primɐd[o]nɐ	0
progne	prɔɡnɨ	proɡnɨ	pr[ɔ]ɡnɨ	pr[o]ɡnɨ	0
prono	prɔnu	pronu	pr[ɔ]nu	pr[o]nu	0
protoxilema	prɔtɔʃilemɐ	protoʃilemɐ	pr[ɔ]t[ɔ]ʃilemɐ	pr[o]t[o]ʃilemɐ	0
provoco	pruvoku	pruvɔku	pruv[o]ku	pruv[ɔ]ku	0
provo	provu	prɔvu	pr[o]vu	pr[ɔ]vu	0
quigozas	kiɡɔzɐʃ	kiɡozɐʃ	kiɡ[ɔ]zɐʃ	kiɡ[o]zɐʃ	0
quilolo	kilolu	kilɔlu	kil[o]lu	kil[ɔ]lu	0
quilowatt-hora	kilɔwɔtɔrɐ	kilowɔtɔrɐ	kil[ɔ]wɔtɔrɐ	kil[o]wɔtɔrɐ	0
quilowatt	kilɔwɔt	kilowɔt	kil[ɔ]wɔt	kil[o]wɔt	0
quioco	kjoku	kiɔku	kj[o]ku	ki[ɔ]ku	0
quiocos	kjokuʃ	kiɔkuʃ	kj[o]kuʃ	ki[ɔ]kuʃ	0
quissoco	kisoku	kisɔku	kis[o]ku	kis[ɔ]ku	0
quitoto	kitotu	kitɔtu	kit[o]tu	kit[ɔ]tu	0
rabiçolo	ʀɐbisolu	ʀɐbisɔlu	ʀɐbis[o]lu	ʀɐbis[ɔ]lu	0
rabiosca	ʀɐbjɔʃkɐ	ʀɐbioʃkɐ	ʀɐbj[ɔ]ʃkɐ	ʀɐbi[o]ʃkɐ	0
rabiosque	ʀɐbjɔʃkɨ	ʀɐbioʃkɨ	ʀɐbj[ɔ]ʃkɨ	ʀɐbi[o]ʃkɨ	0
raboto	ʀɐbotu	ʀɐbɔtu	ʀɐb[o]tu	ʀɐb[ɔ]tu	0
ramalhoça	ʀɐmɐʎɔsɐ	ʀɐmɐʎosɐ	ʀɐmɐʎ[ɔ]sɐ	ʀɐmɐʎ[o]sɐ	0
rapsodo	ʀɐpzodu	ʀɐpsɔdu	ʀɐpz[o]du	ʀɐps[ɔ]du	0
recordo	ʀɨkordu	ʀɨkɔrdu	ʀɨk[o]rdu	ʀɨk[ɔ]rdu	0
rectirrostro	ʀɛtiʀoʃtru	ʀɛtiʀɔʃtru	ʀɛtiʀ[o]ʃtru	ʀɛtiʀ[ɔ]ʃtru	0
ricosso	ʀikoso	ʀikɔsu	ʀik[o]s[o]	ʀik[ɔ]s[u]	0
rilhoto	ʀiʎotu	ʀiʎɔtu	ʀiʎ[o]tu	ʀiʎ[ɔ]tu	0
risbordo	ʀiʒbordu	ʀiʒbɔrdu	ʀiʒb[o]rdu	ʀiʒb[ɔ]rdu	0
roble	ʀɔblɨ	ʀoblɨ	ʀ[ɔ]blɨ	ʀ[o]blɨ	0
rodiosca	ʀudjɔʃkɐ	ʀudioʃkɐ	ʀudj[ɔ]ʃkɐ	ʀudi[o]ʃkɐ	0
rogo	ʀoɡu	ʀɔɡu	ʀ[o]ɡu	ʀ[ɔ]ɡu	0
rola-de-papo-vermelho	rolɐdɨpapuvɨrmɐjʎu	ʀɔlɐdɨpapuvermeʎu	r[o]lɐdɨpapuv[ɨ]rmɐ[j]ʎu	ʀ[ɔ]lɐdɨpapuv[e]rme[]ʎu	0
rola-do-mar	ʀolɐdumar	ʀɔlɐdumar	ʀ[o]lɐdumar	ʀ[ɔ]lɐdumar	0
rola	rolɐ	ʀɔlɐ	r[o]lɐ	ʀ[ɔ]lɐ	0
rostro	ʀoʃtru	ʀɔʃtru	ʀ[o]ʃtru	ʀ[ɔ]ʃtru	0
rubrirrostro	ʀubriʀoʃtru	ʀubriʀɔʃtru	ʀubriʀ[o]ʃtru	ʀubriʀ[ɔ]ʃtru	0
sacholo	sɐʃolu	sɐʃɔlu	sɐʃ[o]lu	sɐʃ[ɔ]lu	0
sacrismocho	sɐkriʒmoʃu	sɐkriʒmɔʃu	sɐkriʒm[o]ʃu	sɐkriʒm[ɔ]ʃu	0
salobre	sɐlobrɨ	sɐlɔbrɨ	sɐl[o]brɨ	sɐl[ɔ]brɨ	0
salpor	saɫpɔr	saɫpor	saɫp[ɔ]r	saɫp[o]r	0
samoco	sɐmoku	sɐmɔku	sɐm[o]ku	sɐm[ɔ]ku	0
sapatorra	sɐpɐtoʀɐ	sɐpɐtɔʀɐ	sɐpɐt[o]ʀɐ	sɐpɐt[ɔ]ʀɐ	0
sarcoidose	sɐrkɔjdɔzɨ	sɐrkojdɔzɨ	sɐrk[ɔ]jdɔzɨ	sɐrk[o]jdɔzɨ	0
scone	skɔnɨ	skonɨ	sk[ɔ]nɨ	sk[o]nɨ	0
seisdobro	sɐjʒdobru	sɐjʒdɔbru	sɐjʒd[o]bru	sɐjʒd[ɔ]bru	0
semirroto	sɨmiʀotu	sɨmiʀɔtu	sɨmiʀ[o]tu	sɨmiʀ[ɔ]tu	0
serodiamente	sɨrodjɐmẽtɨ	sɨrɔdiɐmẽntɨ	sɨr[o]d[j]ɐmẽtɨ[]	sɨr[ɔ]d[i]ɐmẽnt[ɨ]	0
sigmoidite	siɡmɔjditɨ	siɡmojditɨ	siɡm[ɔ]jditɨ	siɡm[o]jditɨ	0
sigmoidostomia	siɡmɔjdɔʃtumiɐ	siɡmojduʃtumiɐ	siɡm[ɔ]jd[ɔ]ʃtumiɐ	siɡm[o]jd[u]ʃtumiɐ	0
silicone	silikɔnɨ	silikonɨ	silik[ɔ]nɨ	silik[o]nɨ	0
sinusoidal	sinuzɔjdaɫ	sinuzojdaɫ	sinuz[ɔ]jdaɫ	sinuz[o]jdaɫ	0
siroco	siroku	sirɔku	sir[o]ku	sir[ɔ]ku	0
soba	sɔbɐ	sobɐ	s[ɔ]bɐ	s[o]bɐ	0
sobro	sobru	sɔbru	s[o]bru	s[ɔ]bru	0
soçobro	susobru	susɔbru	sus[o]bru	sus[ɔ]bru	0
sodra	sɔdrɐ	sodrɐ	s[ɔ]drɐ	s[o]drɐ	0
soldra	sɔɫdrɐ	soɫdrɐ	s[ɔ]ɫdrɐ	s[o]ɫdrɐ	0
solenoidal	sulɨnɔjdaɫ	sulɨnojdaɫ	sulɨn[ɔ]jdaɫ	sulɨn[o]jdaɫ	0
somna	sɔmnɐ	somnɐ	s[ɔ]mnɐ	s[o]mnɐ	0
sopro	sopru	sɔpru	s[o]pru	s[ɔ]pru	0
sorça	sorsɐ	sɔrsɐ	s[o]rsɐ	s[ɔ]rsɐ	0
soródio	surodju	surɔdju	sur[o]dju	sur[ɔ]dju	0
soror	surɔr	suror	sur[ɔ]r	sur[o]r	0
sorva	sorvɐ	sɔrvɐ	s[o]rvɐ	s[ɔ]rvɐ	0
sosso	sosu	sɔsu	s[o]su	s[ɔ]su	0
sostra	soʃtrɐ	sɔʃtrɐ	s[o]ʃtrɐ	s[ɔ]ʃtrɐ	0
sota-mestre	sotɨmɛʃtrɨ	sɔtɐmɛʃtrɨ	s[o]t[ɨ]mɛʃtrɨ	s[ɔ]t[ɐ]mɛʃtrɨ	0
sota-ministro	sotɨminiʃtru	sɔtɐmɨniʃtru	s[o]t[ɨ]m[i]niʃtru	s[ɔ]t[ɐ]m[ɨ]niʃtru	0
sota-piloto	sɔtɐpilotu	sɔtɐpilɔtu	sɔtɐpil[o]tu	sɔtɐpil[ɔ]tu	0
soto-almirante	sotɔaɫmirɐ̃tɨ	sɔtuaɫmirɐ̃ntɨ	s[o]t[ɔ]aɫmirɐ̃[]tɨ	s[ɔ]t[u]aɫmirɐ̃[n]tɨ	0
soto-capitão	sotɔkɐpitɐ̃w̃	sɔtukɐpitɐ̃w̃	s[o]t[ɔ]kɐpitɐ̃w̃	s[ɔ]t[u]kɐpitɐ̃w̃	0
soto-embaixador	sotɔẽbajʃɐdor	sɔtuẽmbajʃɐdor	s[o]tɔẽbajʃɐdor[]	s[ɔ]tuẽmbajʃɐdo[r]	0
soto-mestre	sotɔmɛʃtrɨ	sɔtumɛʃtrɨ	s[o]t[ɔ]mɛʃtrɨ	s[ɔ]t[u]mɛʃtrɨ	0
soto-ministro	sotɔminiʃtru	sɔtumɨniʃtru	s[o]t[ɔ]m[i]niʃtru	s[ɔ]t[u]m[ɨ]niʃtru	0
soto-piloto	sotɔpilotu	sɔtupilɔtu	s[o]t[ɔ]pil[o]tu	s[ɔ]t[u]pil[ɔ]tu	0
soto-soberania	sotɔsubɨrɐniɐ	sɔtusubɨrɐniɐ	s[o]t[ɔ]subɨrɐniɐ	s[ɔ]t[u]subɨrɐniɐ	0
stokes	stɔkɨʃ	stokɨʃ	st[ɔ]kɨʃ	st[o]kɨʃ	0
strogonoff	strɔɡɔnɔf	stroɡonɔf	str[ɔ]ɡ[ɔ]nɔf	str[o]ɡ[o]nɔf	0
sudoku	sudɔku	sudoku	sud[ɔ]ku	sud[o]ku	0
sufoco	sufoku	sufɔku	suf[o]ku	suf[ɔ]ku	0
sulcirrostro	suɫsiʀoʃtru	suɫsiʀɔʃtru	suɫsiʀ[o]ʃtru	suɫsiʀ[ɔ]ʃtru	0
suropo	suropu	surɔpu	sur[o]pu	sur[ɔ]pu	0
tabloidização	tɐblɔjdizɐsɐ̃w̃	tɐblojdizɐsɐ̃w̃	tɐbl[ɔ]jdizɐsɐ̃w̃	tɐbl[o]jdizɐsɐ̃w̃	0
taroco	tɐroku	tɐrɔku	tɐr[o]ku	tɐr[ɔ]ku	0
tarolo	tɐrolu	tɐrɔlu	tɐr[o]lu	tɐr[ɔ]lu	0
tioco	tjoku	tiɔku	tj[o]ku	ti[ɔ]ku	0
tireoidectomia	tirjɔjdɛktumiɐ	tiriojdɨtumiɐ	tirj[ɔ]jdɛ[k]tumiɐ	tiri[o]jdɨ[]tumiɐ	0
tireoidectômico	tirjɔjdɛktomiku	tiriojdɨtomiku	tirj[ɔ]jdɛ[k]tomiku	tiri[o]jdɨ[]tomiku	0
tireoidectómico	tirjɔjdɛktɔmiku	tiriojdɨtɔmiku	tirj[ɔ]jdɛ[k]tɔmiku	tiri[o]jdɨ[]tɔmiku	0
tireoidismo	tirjɔjdiʒmu	tiriojdiʒmu	tirj[ɔ]jdiʒmu	tiri[o]jdiʒmu	0
tireoidite	tirjɔjditɨ	tiriojditɨ	tirj[ɔ]jditɨ	tiri[o]jditɨ	0
tireoidoterapia	tirjɔjdɔtɨrɐpiɐ	tiriojduterɐpiɐ	tirj[ɔ]jd[ɔ]t[ɨ]rɐpiɐ	tiri[o]jd[u]t[e]rɐpiɐ	0
tireoidotomia	tirjɔjdɔtumiɐ	tiriojdutumiɐ	tirj[ɔ]jd[ɔ]tumiɐ	tiri[o]jd[u]tumiɐ	0
tiroidectomia	tirɔjdɛktumiɐ	tirojdɨtumiɐ	tir[ɔ]jdɛ[k]tumiɐ	tir[o]jdɨ[]tumiɐ	0
tiroidectômico	tirɔjdɛktomiku	tirojdɨtomiku	tir[ɔ]jdɛ[k]tomiku	tir[o]jdɨ[]tomiku	0
tiroidectómico	tirɔjdɛktɔmiku	tirojdɨtɔmiku	tir[ɔ]jdɛ[k]tɔmiku	tir[o]jdɨ[]tɔmiku	0
tiroidismo	tirɔjdiʒmu	tirojdiʒmu	tir[ɔ]jdiʒmu	tir[o]jdiʒmu	0
tiroidite	tirɔjditɨ	tirojditɨ	tir[ɔ]jditɨ	tir[o]jditɨ	0
tiroidoterapia	tirɔjdɔtɨrɐpiɐ	tirojdutɨrɐpiɐ	tir[ɔ]jd[ɔ]tɨrɐpiɐ	tir[o]jd[u]tɨrɐpiɐ	0
tiroidotomia	tirɔjdɔtumiɐ	tirojdutumiɐ	tir[ɔ]jd[ɔ]tumiɐ	tir[o]jd[u]tumiɐ	0
toca-choro	tɔkɐʃoru	tɔkɐʃɔru	tɔkɐʃ[o]ru	tɔkɐʃ[ɔ]ru	0
tó-carocho	tɔkɐroʃu	tɔkɐrɔʃu	tɔkɐr[o]ʃu	tɔkɐr[ɔ]ʃu	0
tocho	toʃu	tɔʃu	t[o]ʃu	t[ɔ]ʃu	0
toco	toku	tɔku	t[o]ku	t[ɔ]ku	0
toda	tɔdɐ	todɐ	t[ɔ]dɐ	t[o]dɐ	0
toldo	toɫdu	tɔɫdu	t[o]ɫdu	t[ɔ]ɫdu	0
toma	tɔmɐ	tomɐ	t[ɔ]mɐ	t[o]mɐ	0
tone	tɔnɨ	tonɨ	t[ɔ]nɨ	t[o]nɨ	0
torça	tɔrsɐ	torsɐ	t[ɔ]rsɐ	t[o]rsɐ	0
torda-mergulheira	tordɐmɨrɡuʎɐjrɐ	tɔrdɐmerɡuʎɐjrɐ	t[o]rdɐm[ɨ]rɡuʎɐjrɐ	t[ɔ]rdɐm[e]rɡuʎɐjrɐ	0
torda	tordɐ	tɔrdɐ	t[o]rdɐ	t[ɔ]rdɐ	0
torda-zorzal	tordɐzurzaɫ	tɔrdɐzurzaɫ	t[o]rdɐzurzaɫ	t[ɔ]rdɐzurzaɫ	0
toroidal	turɔjdaɫ	turojdaɫ	tur[ɔ]jdaɫ	tur[o]jdaɫ	0
tó-rola	tɔʀolɐ	tɔʀɔlɐ	tɔʀ[o]lɐ	tɔʀ[ɔ]lɐ	0
torpemente	torpɨmẽtɨ	tɔrpɨmẽntɨ	t[o]rpɨmẽtɨ[]	t[ɔ]rpɨmẽnt[ɨ]	0
torre	toʀɨ	tɔʀɨ	t[o]ʀɨ	t[ɔ]ʀɨ	0
torr	tɔʀ	toʀ	t[ɔ]ʀ	t[o]ʀ	0
tosga	tɔʒɡɐ	toʒɡɐ	t[ɔ]ʒɡɐ	t[o]ʒɡɐ	0
toso	tozu	tɔzu	t[o]zu	t[ɔ]zu	0
tralhoto	trɐʎotu	trɐʎɔtu	trɐʎ[o]tu	trɐʎ[ɔ]tu	0
trapezoidal	trɐpɨzɔjdaɫ	trɐpɨzojdaɫ	trɐpɨz[ɔ]jdaɫ	trɐpɨz[o]jdaɫ	0
tribofe	tribɔfɨ	tribofɨ	trib[ɔ]fɨ	trib[o]fɨ	0
tricoco	trikoku	trikɔku	trik[o]ku	trik[ɔ]ku	0
trigloto	triɡlotu	triɡlɔtu	triɡl[o]tu	triɡl[ɔ]tu	0
trimorfo	trimɔrfu	trimorfu	trim[ɔ]rfu	trim[o]rfu	0
triploidia	triplɔjdiɐ	triplojdiɐ	tripl[ɔ]jdiɐ	tripl[o]jdiɐ	0
trocho	troʃu	trɔʃu	tr[o]ʃu	tr[ɔ]ʃu	0
troco	troku	trɔku	tr[o]ku	tr[ɔ]ku	0
troço	trosu	trɔsu	tr[o]su	tr[ɔ]su	0
trofa	trɔfɐ	trofɐ	tr[ɔ]fɐ	tr[o]fɐ	0
troika	trɔjkɐ	trojkɐ	tr[ɔ]jkɐ	tr[o]jkɐ	0
troiko	trɔjku	trojku	tr[ɔ]jku	tr[o]jku	0
troile	trɔjlɨ	trojlɨ	tr[ɔ]jlɨ	tr[o]jlɨ	0
troilita	trɔjlitɐ	trojlitɐ	tr[ɔ]jlitɐ	tr[o]jlitɐ	0
troilite	trɔjlitɨ	trojlitɨ	tr[ɔ]jlitɨ	tr[o]jlitɨ	0
tropo	tropu	trɔpu	tr[o]pu	tr[ɔ]pu	0
tussor	tusɔr	tusor	tus[ɔ]r	tus[o]r	0
uoco	woku	wɔku	w[o]ku	w[ɔ]ku	0
uolo	wolu	wɔlu	w[o]lu	w[ɔ]lu	0
uvodo	uvodu	uvɔdu	uv[o]du	uv[ɔ]du	0
vibrafone	vibrɐfɔnɨ	vibrɐfonɨ	vibrɐf[ɔ]nɨ	vibrɐf[o]nɨ	0
vidrecome	vidrɨkɔmɨ	vidrɨkomɨ	vidrɨk[ɔ]mɨ	vidrɨk[o]mɨ	0
vioco	vjoku	viɔku	vj[o]ku	vi[ɔ]ku	0
voltairianismo	vɔɫtɛrjɐniʒmu	voɫtɛriɐ̃niʒmu	v[ɔ]ɫtɛr[j]ɐ[]niʒmu	v[o]ɫtɛr[i]ɐ[̃]niʒmu	0
voltairianista	vɔɫtɛrjɐniʃtɐ	voɫtɛriɐ̃niʃtɐ	v[ɔ]ɫtɛr[j]ɐ[]niʃtɐ	v[o]ɫtɛr[i]ɐ[̃]niʃtɐ	0
voltairiano	vɔɫtɛrjɐnu	voɫtɛriɐ̃nu	v[ɔ]ɫtɛr[j]ɐ[]nu	v[o]ɫtɛr[i]ɐ[̃]nu	0
volt-ampere	vɔɫtɐ̃pɛr	voɫtɐ̃mpɛrɨ	v[ɔ]ɫtɐ̃[]pɛr[]	v[o]ɫtɐ̃[m]pɛr[ɨ]	0
volt-amperímetro	vɔɫtɐ̃pɨrimɨtru	voɫtɐ̃mpɨrimɨtru	v[ɔ]ɫtɐ̃[]pɨrimɨtru	v[o]ɫtɐ̃[m]pɨrimɨtru	0
volt	vɔɫt	voɫt	v[ɔ]ɫt	v[o]ɫt	0
workshop	wɔrkʃɔp	workʃɔp	w[ɔ]rkʃɔp	w[o]rkʃɔp	0
xaboco	ʃɐboku	ʃɐbɔku	ʃɐb[o]ku	ʃɐb[ɔ]ku	0
xacoco	ʃɐkoku	ʃɐkɔku	ʃɐk[o]ku	ʃɐk[ɔ]ku	0
xaroco	ʃɐroku	ʃɐrɔku	ʃɐr[o]ku	ʃɐr[ɔ]ku	0
xarroco	ʃɐʀoku	ʃɐʀɔku	ʃɐʀ[o]ku	ʃɐʀ[ɔ]ku	0
xifoidalgia	ʃifɔjdaɫʒiɐ	ʃifojdaɫʒiɐ	ʃif[ɔ]jdaɫʒiɐ	ʃif[o]jdaɫʒiɐ	0
xifoidite	ʃifɔjditɨ	ʃifojditɨ	ʃif[ɔ]jditɨ	ʃif[o]jditɨ	0
ximoco	ʃimoku	ʃimɔku	ʃim[o]ku	ʃim[ɔ]ku	0
xipoco	ʃipoku	ʃipɔku	ʃip[o]ku	ʃip[ɔ]ku	0
xitolo	ʃitolu	ʃitɔlu	ʃit[o]lu	ʃit[ɔ]lu	0
zloty	zlɔti	zloti	zl[ɔ]ti	zl[o]ti	0
zopo	zopu	zɔpu	z[o]pu	z[ɔ]pu	0
