acafelamento	ɐkɐfɨlɐmẽtu	ɐkɐfelɐmẽŋtʊ	ɐkɐf[ɨ]lɐmẽtu	ɐkɐf[e]lɐmẽŋt	0
acairelamento	ɐkajrɨlɐmẽtu	ɐkaɪɾelɐmẽŋtʊ	ɐkajr[ɨ]lɐmẽtu	ɐkaɪɾ[e]lɐmẽŋt	0
acarretamento	ɐkɐʀɨtɐmẽtu	ɐkɐʁetɐmẽŋtʊ	ɐkɐʀ[ɨ]tɐmẽtu	ɐkɐʁ[e]tɐmẽŋt	0
acoirelamento	ɐkojrɨlɐmẽtu	ɐkoɪɾelɐmẽŋtʊ	ɐkojr[ɨ]lɐmẽtu	ɐkoɪɾ[e]lɐmẽŋt	0
acometimento	ɐkumɨtimẽtu	ɐkumetimẽŋtʊ	ɐkum[ɨ]timẽtu	ɐkum[e]timẽŋt	0
acourelamento	ɐkowrɨlɐmẽtu	ɐkoʊɾelɐmẽŋtʊ	ɐkowr[ɨ]lɐmẽtu	ɐkoʊɾ[e]lɐmẽŋt	0
afreguesamento	ɐfrεgɨzɐmẽtu	ɐfɾɨɣezɐmẽŋtʊ	ɐfrεg[ɨ]zɐmẽtu	ɐfɾɨɣ[e]zɐmẽŋt	0
amelopia	ɐmɨlupiɐ	ɐmelupiɐ	ɐm[ɨ]lupiɐ	ɐm[e]lupiɐ	0
amesendar	ɐmɨzẽdar	ɐmezẽŋdaɾ	ɐm[ɨ]zẽdar	ɐm[e]zẽŋda	0
anemologia	ɐnɨmuluʒiɐ	ɐnemuluʒiɐ	ɐn[ɨ]muluʒiɐ	ɐn[e]muluʒiɐ	0
aparecimento	ɐpɐrɨsimẽtu	ɐpɐɾesimẽŋtʊ	ɐpɐr[ɨ]simẽtu	ɐpɐɾ[e]simẽŋt	0
aparelhamento	ɐpɐrɨʎɐmẽtu	ɐpɐɾeʎɐmẽŋtʊ	ɐpɐr[ɨ]ʎɐmẽtu	ɐpɐɾ[e]ʎɐmẽŋt	0
apedrejamento	ɐpɨdrɨʒɐmẽtu	ɐpɨðɾeʒɐmẽŋtʊ	ɐpɨdr[ɨ]ʒɐmẽtu	ɐpɨðɾ[e]ʒɐmẽŋt	0
apodrecimento	ɐpudrɨsimẽtu	ɐpuðɾesimẽŋtʊ	ɐpudr[ɨ]simẽtu	ɐpuðɾ[e]simẽŋt	0
batata-semente	bɐtatɐsɨmẽtɨ	bɐtatɐsemẽŋtɨ	bɐtatɐs[ɨ]mẽtɨ	bɐtatɐs[e]mẽŋt	0
becabunga	bɨkɐbũgɐ	bekɐβũŋɡɐ	b[ɨ]kɐbũgɐ	b[e]kɐβũŋɡ	0
beculonense	bɨkulunẽsɨ	bekulunẽŋsɨ	b[ɨ]kulunẽsɨ	b[e]kulunẽŋs	0
bejala	bɨʒalɐ	beʒalɐ	b[ɨ]ʒalɐ	b[e]ʒalɐ	0
bejense	bɨʒẽsɨ	beʒẽŋsɨ	b[ɨ]ʒẽsɨ	b[e]ʒẽŋs	0
beleguim	bɨlɨgĩ	belɨɣĩŋ	b[ɨ]lɨgĩ	b[e]lɨɣĩ	0
belemita	bɨlɨmitɐ	belɨmitɐ	b[ɨ]lɨmitɐ	b[e]lɨmitɐ	0
belemnita	bɨlɨmnitɐ	belɨmnitɐ	b[ɨ]lɨmnitɐ	b[e]lɨmnitɐ	0
belemnite	bɨlɨmnitɨ	belɨmnitɨ	b[ɨ]lɨmnitɨ	b[e]lɨmnitɨ	0
belenense	bɨlɨnẽsɨ	belɨnẽŋsɨ	b[ɨ]lɨnẽsɨ	b[e]lɨnẽŋs	0
belenzada	bɨlẽzadɐ	belẽŋzaðɐ	b[ɨ]lẽzadɐ	b[e]lẽŋzað	0
beleza	bɨlezɐ	belezɐ	b[ɨ]lezɐ	b[e]lezɐ	0
belindre	bɨlĩdre	belĩndɾɨ	b[ɨ]lĩdre	b[e]lĩndɾ	0
belindro	bɨlĩdru	belĩndɾʊ	b[ɨ]lĩdru	b[e]lĩndɾ	0
belipotência	bɨliputẽsjɐ	beliputẽŋsɪɐ	b[ɨ]liputẽsjɐ	b[e]liputẽŋsɪ	0
belipotente	bɨliputẽtɨ	beliputẽŋtɨ	b[ɨ]liputẽtɨ	b[e]liputẽŋt	0
belizense	bɨlizẽsɨ	belizẽŋsɨ	b[ɨ]lizẽsɨ	b[e]lizẽŋs	0
belona	bɨlonɐ	belonɐ	b[ɨ]lonɐ	b[e]lonɐ	0
beluca	bɨlukɐ	belukɐ	b[ɨ]lukɐ	b[e]lukɐ	0
benacense	bɨnɐsẽsɨ	benɐsẽŋsɨ	b[ɨ]nɐsẽsɨ	b[e]nɐsẽŋs	0
benaventense	bɨnɐvẽtẽsɨ	benɐvẽŋtẽŋsɨ	b[ɨ]nɐvẽtẽsɨ	b[e]nɐvẽŋtẽ	0
beneficência	bɨnɨfisẽsjɐ	benɨfisẽŋsɪɐ	b[ɨ]nɨfisẽsjɐ	b[e]nɨfisẽŋsɪ	0
beneficente	bɨnɨfisẽtɨ	benɨfisẽŋtɨ	b[ɨ]nɨfisẽtɨ	b[e]nɨfisẽŋt	0
benemerência	bɨnɨmɨrẽsjɐ	benɨmɨɾẽŋsɪɐ	b[ɨ]nɨmɨrẽsjɐ	b[e]nɨmɨɾẽŋsɪ	0
benemerente	bɨnɨmɨrẽtɨ	benɨmɨɾẽŋtɨ	b[ɨ]nɨmɨrẽtɨ	b[e]nɨmɨɾẽŋt	0
beneventano	bɨnɨvẽtɐnu	benɨvẽŋtɐ̃nʊ	b[ɨ]nɨvẽtɐnu	b[e]nɨvẽŋtɐ̃	0
benevolência	bɨnɨvulẽsjɐ	benɨvulẽŋsɪɐ	b[ɨ]nɨvulẽsjɐ	b[e]nɨvulẽŋsɪ	0
benevolente	bɨnɨvulẽtɨ	benɨvulẽŋtɨ	b[ɨ]nɨvulẽtɨ	b[e]nɨvulẽŋt	0
beninense	bɨninẽsɨ	beninẽŋsɨ	b[ɨ]ninẽsɨ	b[e]ninẽŋs	0
besuntadela	bɨzũtɐdεlɐ	bezũntɐðɛlɐ	b[ɨ]zũtɐdεlɐ	b[e]zũntɐðɛl	0
besuntar	bɨzũtar	bezũntaɾ	b[ɨ]zũtar	b[e]zũnta	0
beterrense	bɨtɨʀẽsɨ	betɨʁẽŋsɨ	b[ɨ]tɨʀẽsɨ	b[e]tɨʁẽŋs	0
betônica	bɨtonikɐ	betonikɐ	b[ɨ]tonikɐ	b[e]tonikɐ	0
betónica	bɨtɔnikɐ	betɔnikɐ	b[ɨ]tɔnikɐ	b[e]tɔnikɐ	0
betonicina	bɨtunisinɐ	betunisinɐ	b[ɨ]tunisinɐ	b[e]tunisinɐ	0
betonilha	bɨtuniʎɐ	betuniʎɐ	b[ɨ]tuniʎɐ	b[e]tuniʎɐ	0
betulonense	bɨtulunẽsɨ	betulunẽŋsɨ	b[ɨ]tulunẽsɨ	b[e]tulunẽŋs	0
betume	bɨtumɨ	betumɨ	b[ɨ]tumɨ	b[e]tumɨ	0
calafetamento	kɐlɐfɨtɐmẽtu	kɐlɐfetɐmẽŋtʊ	kɐlɐf[ɨ]tɐmẽtu	kɐlɐf[e]tɐmẽŋt	0
camecefalia	kɐmɨsɨfɐliɐ	kɐmesɨfɐliɐ	kɐm[ɨ]sɨfɐliɐ	kɐm[e]sɨfɐliɐ	0
cameleontídeo	kɐmɨljõtidju	kɐmeliõntiðiʊ	kɐm[ɨ]ljõtidju	kɐm[e]liõntiði	0
cefalite	sɨfɐlitɨ	sefɐlitɨ	s[ɨ]fɐlitɨ	s[e]fɐlitɨ	0
celentério	sɨlẽtεrju	selẽŋtɛɾɪʊ	s[ɨ]lẽtεrju	s[e]lẽŋtɛɾɪ	0
celêntero	sɨlẽtɨru	selẽŋtɨɾʊ	s[ɨ]lẽtɨru	s[e]lẽŋtɨɾ	0
celícola	sɨlikulɐ	selikulɐ	s[ɨ]likulɐ	s[e]likulɐ	0
celígena	sɨliʒɨnɐ	seliʒɨnɐ	s[ɨ]liʒɨnɐ	s[e]liʒɨnɐ	0
celipotente	sɨliputẽtɨ	seliputẽŋtɨ	s[ɨ]liputẽtɨ	s[e]liputẽŋt	0
celoma	sɨlomɐ	selomɐ	s[ɨ]lomɐ	s[e]lomɐ	0
celômata	sɨlomɐtɐ	selomɐtɐ	s[ɨ]lomɐtɐ	s[e]lomɐtɐ	0
celulase	sɨlulazɨ	selulazɨ	s[ɨ]lulazɨ	s[e]lulazɨ	0
celúlase	sɨlulɐzɨ	selulɐzɨ	s[ɨ]lulɐzɨ	s[e]lulɐzɨ	0
celulite	sɨlulitɨ	selulitɨ	s[ɨ]lulitɨ	s[e]lulitɨ	0
celulose	sɨlulɔzɨ	selulɔzɨ	s[ɨ]lulɔzɨ	s[e]lulɔzɨ	0
cementador	sɨmẽtɐdor	semẽŋtɐðoɾ	s[ɨ]mẽtɐdor	s[e]mẽŋtɐðo	0
cementar	sɨmẽtar	semẽŋtaɾ	s[ɨ]mẽtar	s[e]mẽŋta	0
cemento	sɨmẽtu	semẽŋtʊ	s[ɨ]mẽtu	s[e]mẽŋt	0
cenologia	sɨnuluʒiɐ	senuluʒiɐ	s[ɨ]nuluʒiɐ	s[e]nuluʒiɐ	0
cesariense	sɨzɐrjẽsɨ	sezɐɾiẽŋsɨ	s[ɨ]zɐrjẽsɨ	s[e]zɐɾiẽŋs	0
cessamento	sɨsɐmẽtu	sesɐmẽŋtʊ	s[ɨ]sɐmẽtu	s[e]sɐmẽŋt	0
cetilha	sɨtiʎɐ	setiʎɐ	s[ɨ]tiʎɐ	s[e]tiʎɐ	0
cetina	sɨtinɐ	setinɐ	s[ɨ]tinɐ	s[e]tinɐ	0
cetineta	sɨtinetɐ	setinetɐ	s[ɨ]tinetɐ	s[e]tinetɐ	0
cetona	sɨtonɐ	setonɐ	s[ɨ]tonɐ	s[e]tonɐ	0
cetonemia	sɨtunɨmiɐ	setunɨmiɐ	s[ɨ]tunɨmiɐ	s[e]tunɨmiɐ	0
cetose	sɨtɔzɨ	setɔzɨ	s[ɨ]tɔzɨ	s[e]tɔzɨ	0
clematite	klɨmɐtitɨ	klemɐtitɨ	kl[ɨ]mɐtitɨ	kl[e]mɐtitɨ	0
clemência	klɨmẽsjɐ	klemẽŋsɪɐ	kl[ɨ]mẽsjɐ	kl[e]mẽŋsɪ	0
clemenciar	klɨmẽsjar	klemẽŋsiaɾ	kl[ɨ]mẽsjar	kl[e]mẽŋsia	0
clemente	klɨmẽtɨ	klemẽŋtɨ	kl[ɨ]mẽtɨ	kl[e]mẽŋt	0
clementina	klɨmẽtinɐ	klemẽŋtinɐ	kl[ɨ]mẽtinɐ	kl[e]mẽŋtin	0
co-referência	koʀɨfɨrẽsjɐ	koʁefɨɾẽŋsɪɐ	koʀ[ɨ]fɨrẽsjɐ	koʁ[e]fɨɾẽŋsɪ	0
co-referente	koʀɨfɨrẽtɨ	koʁefɨɾẽŋtɨ	koʀ[ɨ]fɨrẽtɨ	koʁ[e]fɨɾẽŋt	0
co-regência	koʀɨʒẽsjɐ	koʁeʒẽŋsɪɐ	koʀ[ɨ]ʒẽsjɐ	koʁ[e]ʒẽŋsɪ	0
co-regente	koʀɨʒẽtɨ	koʁeʒẽŋtɨ	koʀ[ɨ]ʒẽtɨ	koʁ[e]ʒẽŋt	0
cremona	krɨmonɐ	kɾemonɐ	kr[ɨ]monɐ	kɾ[e]monɐ	0
cretense	krɨtẽsɨ	kɾetẽŋsɨ	kr[ɨ]tẽsɨ	kɾ[e]tẽŋs	0
cretinice	krɨtinisɨ	kɾetinisɨ	kr[ɨ]tinisɨ	kɾ[e]tinisɨ	0
decote	dɨkɔtɨ	dekɔtɨ	d[ɨ]kɔtɨ	d[e]kɔtɨ	0
defesa	dɨfezɐ	defezɐ	d[ɨ]fezɐ	d[e]fezɐ	0
deperecimento	dɨpɨrɨsimẽtu	dɨpɨɾesimẽŋtʊ	dɨpɨr[ɨ]simẽtu	dɨpɨɾ[e]simẽŋt	0
desabelhamento	dɨzɐbɨʎɐmẽtu	dɨzɐβeʎɐmẽŋtʊ	dɨzɐb[ɨ]ʎɐmẽtu	dɨzɐβ[e]ʎɐmẽŋt	0
desate	dɨzatɨ	dezatɨ	d[ɨ]zatɨ	d[e]zatɨ	0
desblindar	dɨʒblĩdar	deʒblĩndaɾ	d[ɨ]ʒblĩdar	d[e]ʒblĩnda	0
desenvenenar	dɨzẽvɨnɨnar	dɨzẽŋvenɨnaɾ	dɨzẽvɨn[ɨ]nar	dɨzẽŋv[e]nɨna	0
deslembrar	dɨʒlẽbrar	deʒlẽmbɾaɾ	d[ɨ]ʒlẽbrar	d[e]ʒlẽmbɾa	0
deslembrativo	dɨʒlẽbrɐtivu	deʒlẽmbɾɐtivʊ	d[ɨ]ʒlẽbrɐtivu	d[e]ʒlẽmbɾɐtiv	0
deslembrável	dɨʒlẽbravεł	deʒlẽmbɾavɛɫ	d[ɨ]ʒlẽbravεł	d[e]ʒlẽmbɾavɛ	0
deslumbrado	dɨʒlũbradu	deʒlũmbɾaðʊ	d[ɨ]ʒlũbradu	d[e]ʒlũmbɾað	0
deslumbrador	dɨʒlũbrɐdor	deʒlũmbɾɐðoɾ	d[ɨ]ʒlũbrɐdor	d[e]ʒlũmbɾɐðo	0
deslumbramento	dɨʒlũbrɐmẽtu	deʒlũmbɾɐmẽŋtʊ	d[ɨ]ʒlũbrɐmẽtu	d[e]ʒlũmbɾɐmẽ	0
deslumbrar	dɨʒlũbrar	deʒlũmbɾaɾ	d[ɨ]ʒlũbrar	d[e]ʒlũmbɾa	0
deslumbrativo	dɨʒlũbrɐtivu	deʒlũmbɾɐtivʊ	d[ɨ]ʒlũbrɐtivu	d[e]ʒlũmbɾɐtiv	0
deslumbre	dɨʒlũbrɨ	deʒlũmbɾɨ	d[ɨ]ʒlũbrɨ	d[e]ʒlũmbɾ	0
deslumbroso	dɨʒlũbrozu	deʒlũmbɾozʊ	d[ɨ]ʒlũbrozu	d[e]ʒlũmbɾoz	0
desmazelamento	dɨʒmɐzɨlɐmẽtu	dɨʒmɐzelɐmẽŋtʊ	dɨʒmɐz[ɨ]lɐmẽtu	dɨʒmɐz[e]lɐmẽŋt	0
desmembrado	dɨʒmẽbradu	deʒmẽmbɾaðʊ	d[ɨ]ʒmẽbradu	d[e]ʒmẽmbɾað	0
desmembrador	dɨʒmẽbrɐdor	deʒmẽmbɾɐðoɾ	d[ɨ]ʒmẽbrɐdor	d[e]ʒmẽmbɾɐðo	0
desmembramento	dɨʒmẽbrɐmẽtu	deʒmẽmbɾɐmẽŋtʊ	d[ɨ]ʒmẽbrɐmẽtu	d[e]ʒmẽmbɾɐmẽ	0
desmembrar	dɨʒmẽbrar	deʒmẽmbɾaɾ	d[ɨ]ʒmẽbrar	d[e]ʒmẽmbɾa	0
desmerecimento	dɨʒmɨrɨsimẽtu	dɨʒmɨɾesimẽŋtʊ	dɨʒmɨr[ɨ]simẽtu	dɨʒmɨɾ[e]simẽŋt	0
desnivelamento	dɨʒnivɨlɐmẽtu	dɨʒnivelɐmẽŋtʊ	dɨʒniv[ɨ]lɐmẽtu	dɨʒniv[e]lɐmẽŋt	0
desorelhamento	dɨzorɨʎɐmẽtu	dɨzuɾeʎɐmẽŋtʊ	dɨzor[ɨ]ʎɐmẽtu	dɨzuɾ[e]ʎɐmẽŋt	0
desova	dɨzɔvɐ	dezɔvɐ	d[ɨ]zɔvɐ	d[e]zɔvɐ	0
desvanecimento	dɨʒvɐnɨsimẽtu	dɨʒvɐnesimẽŋtʊ	dɨʒvɐn[ɨ]simẽtu	dɨʒvɐn[e]simẽŋt	0
desventrar	dɨʒvẽtrar	deʒvẽŋtɾaɾ	d[ɨ]ʒvẽtrar	d[e]ʒvẽŋtɾa	0
devesa	dɨvezɐ	devezɐ	d[ɨ]vezɐ	d[e]vezɐ	0
devotamente	dɨvɔtɐmẽtɨ	devɔtɐmẽŋtɨ	d[ɨ]vɔtɐmẽtɨ	d[e]vɔtɐmẽŋt	0
dezena	dɨzenɐ	dezenɐ	d[ɨ]zenɐ	d[e]zenɐ	0
epicefalia	episɨfɐliɐ	episefɐliɐ	epis[ɨ]fɐliɐ	epis[e]fɐliɐ	0
favorecimento	fɐvurɨsimẽtu	fɐvuɾesimẽŋtʊ	fɐvur[ɨ]simẽtu	fɐvuɾ[e]simẽŋt	0
feculência	fɨkulẽsjɐ	fekulẽŋsɪɐ	f[ɨ]kulẽsjɐ	f[e]kulẽŋsɪ	0
feculento	fɨkulẽtu	fekulẽŋtʊ	f[ɨ]kulẽtu	f[e]kulẽŋt	0
fecundar	fɨkũdar	fekũndaɾ	f[ɨ]kũdar	f[e]kũnda	0
fecundativo	fɨkũdɐtivu	fekũndɐtivʊ	f[ɨ]kũdɐtivu	f[e]kũndɐtiv	0
fecundável	fɨkũdavεł	fekũndavɛɫ	f[ɨ]kũdavεł	f[e]kũndavɛ	0
fecúndia	fɨkũdjɐ	fekũndɪɐ	f[ɨ]kũdjɐ	f[e]kũndɪ	0
fecundizar	fɨkũdizar	fekũndizaɾ	f[ɨ]kũdizar	f[e]kũndiza	0
fecundo	fɨkũdu	fekũndʊ	f[ɨ]kũdu	f[e]kũnd	0
felizmente	fɨliʒmẽtɨ	feliʒmẽŋtɨ	f[ɨ]liʒmẽtɨ	f[e]liʒmẽŋt	0
feloca	fɨlɔkɐ	felɔkɐ	f[ɨ]lɔkɐ	f[e]lɔkɐ	0
felonia	fɨluniɐ	feluniɐ	f[ɨ]luniɐ	f[e]luniɐ	0
felosa	fɨlɔzɐ	felɔzɐ	f[ɨ]lɔzɐ	f[e]lɔzɐ	0
felose	fɨlɔzɨ	felɔzɨ	f[ɨ]lɔzɨ	f[e]lɔzɨ	0
felugento	fɨluʒẽtu	feluʒẽŋtʊ	f[ɨ]luʒẽtu	f[e]luʒẽŋt	0
felupe	fɨlupɨ	felupɨ	f[ɨ]lupɨ	f[e]lupɨ	0
fementido	fɨmẽtidu	femẽŋtiðʊ	f[ɨ]mẽtidu	f[e]mẽŋtið	0
fenacetina	fɨnɐsɨtinɐ	fenɐsɨtinɐ	f[ɨ]nɐsɨtinɐ	f[e]nɐsɨtinɐ	0
fenecente	fɨnɨsẽtɨ	fenɨsẽŋtɨ	f[ɨ]nɨsẽtɨ	f[e]nɨsẽŋt	0
fenecimento	fɨnɨsimẽtu	fenɨsimẽŋtʊ	f[ɨ]nɨsimẽtu	f[e]nɨsimẽŋt	0
fenila	fɨnilɐ	fenilɐ	f[ɨ]nilɐ	f[e]nilɐ	0
fenilalanina	fɨnilɐlɐninɐ	fenilɐlɐninɐ	f[ɨ]nilɐlɐninɐ	f[e]nilɐlɐninɐ	0
feninha	fɨniɲɐ	feniɲɐ	f[ɨ]niɲɐ	f[e]niɲɐ	0
fenologia	fɨnuluʒiɐ	fenuluʒiɐ	f[ɨ]nuluʒiɐ	f[e]nuluʒiɐ	0
flamejamento	flɐmɨʒɐmẽtu	flɐmeʒɐmẽŋtʊ	flɐm[ɨ]ʒɐmẽtu	flɐm[e]ʒɐmẽŋt	0
fremebundo	frɨmɨbũdu	fɾemɨβũndʊ	fr[ɨ]mɨbũdu	fɾ[e]mɨβũnd	0
fremência	frɨmẽsjɐ	fɾemẽŋsɪɐ	fr[ɨ]mẽsjɐ	fɾ[e]mẽŋsɪ	0
fremente	frɨmẽtɨ	fɾemẽŋtɨ	fr[ɨ]mẽtɨ	fɾ[e]mẽŋt	0
frenesi	frɨnɨzi	fɾenɨzi	fr[ɨ]nɨzi	fɾ[e]nɨzi	0
frenesim	frɨnɨzĩ	fɾenɨzĩŋ	fr[ɨ]nɨzĩ	fɾ[e]nɨzĩ	0
frenite	frɨnitɨ	fɾenitɨ	fr[ɨ]nitɨ	fɾ[e]nitɨ	0
frenologia	frɨnuluʒiɐ	fɾenuluʒiɐ	fr[ɨ]nuluʒiɐ	fɾ[e]nuluʒiɐ	0
frequência	frɨkwẽsjɐ	fɾekwẽŋsɪɐ	fr[ɨ]kwẽsjɐ	fɾ[e]kwẽŋsɪ	0
freqüência	frɨkwẽsjɐ	fɾekwẽŋsɪɐ	fr[ɨ]kwẽsjɐ	fɾ[e]kwẽŋsɪ	0
freqüencímetro	frɨkwẽsimɨtru	fɾekwẽŋsimɨtɾʊ	fr[ɨ]kwẽsimɨtru	fɾ[e]kwẽŋsimɨtɾ	0
frequentado	frɨkwẽtadu	fɾekwẽŋtaðʊ	fr[ɨ]kwẽtadu	fɾ[e]kwẽŋtað	0
freqüentado	frɨkwẽtadu	fɾekwẽŋtaðʊ	fr[ɨ]kwẽtadu	fɾ[e]kwẽŋtað	0
frequentador	frɨkwẽtɐdor	fɾekwẽŋtɐðoɾ	fr[ɨ]kwẽtɐdor	fɾ[e]kwẽŋtɐðo	0
freqüentador	frɨkwẽtɐdor	fɾekwẽŋtɐðoɾ	fr[ɨ]kwẽtɐdor	fɾ[e]kwẽŋtɐðo	0
frequentar	frɨkwẽtar	fɾekwẽŋtaɾ	fr[ɨ]kwẽtar	fɾ[e]kwẽŋta	0
freqüentar	frɨkwẽtar	fɾekwẽŋtaɾ	fr[ɨ]kwẽtar	fɾ[e]kwẽŋta	0
frequentável	frɨkwẽtavεł	fɾekwẽŋtavɛɫ	fr[ɨ]kwẽtavεł	fɾ[e]kwẽŋtavɛ	0
freqüentável	frɨkwẽtavεł	fɾekwẽŋtavɛɫ	fr[ɨ]kwẽtavεł	fɾ[e]kwẽŋtavɛ	0
frequente	frɨkwẽtɨ	fɾekwẽŋtɨ	fr[ɨ]kwẽtɨ	fɾ[e]kwẽŋt	0
freqüente	frɨkwẽtɨ	fɾekwẽŋtɨ	fr[ɨ]kwẽtɨ	fɾ[e]kwẽŋt	0
frequentemente	frɨkwẽtɨmẽtɨ	fɾekwẽŋtɨmẽŋtɨ	fr[ɨ]kwẽtɨmẽtɨ	fɾ[e]kwẽŋtɨmẽ	0
freqüentemente	frɨkwẽtɨmẽtɨ	fɾekwẽŋtɨmẽŋtɨ	fr[ɨ]kwẽtɨmẽtɨ	fɾ[e]kwẽŋtɨmẽ	0
fretamento	frɨtɐmẽtu	fɾetɐmẽŋtʊ	fr[ɨ]tɐmẽtu	fɾ[e]tɐmẽŋt	0
gelasina	ʒɨlɐzinɐ	ʒelɐzinɐ	ʒ[ɨ]lɐzinɐ	ʒ[e]lɐzinɐ	0
gelatina	ʒɨlɐtinɐ	ʒelɐtinɐ	ʒ[ɨ]lɐtinɐ	ʒ[e]lɐtinɐ	0
gelícola	ʒɨlikulɐ	ʒelikulɐ	ʒ[ɨ]likulɐ	ʒ[e]likulɐ	0
gelose	ʒɨlɔzɨ	ʒelɔzɨ	ʒ[ɨ]lɔzɨ	ʒ[e]lɔzɨ	0
gelosia	ʒɨluziɐ	ʒeluziɐ	ʒ[ɨ]luziɐ	ʒ[e]luziɐ	0
gemebundo	ʒɨmɨbũdu	ʒemɨβũndʊ	ʒ[ɨ]mɨbũdu	ʒ[e]mɨβũnd	0
gemente	ʒɨmẽtɨ	ʒemẽŋtɨ	ʒ[ɨ]mẽtɨ	ʒ[e]mẽŋt	0
gemologia	ʒɨmuluʒiɐ	ʒemuluʒiɐ	ʒ[ɨ]muluʒiɐ	ʒ[e]muluʒiɐ	0
genebrense	ʒɨnɨbrẽsɨ	ʒenɨβɾẽŋsɨ	ʒ[ɨ]nɨbrẽsɨ	ʒ[e]nɨβɾẽŋs	0
genepi	ʒɨnɨpi	ʒenɨpi	ʒ[ɨ]nɨpi	ʒ[e]nɨpi	0
genequim	ʒɨnɨkĩ	ʒenɨkĩŋ	ʒ[ɨ]nɨkĩ	ʒ[e]nɨkĩ	0
geneta	ʒɨnetɐ	ʒenetɐ	ʒ[ɨ]netɐ	ʒ[e]netɐ	0
genica	ʒɨnikɐ	ʒenikɐ	ʒ[ɨ]nikɐ	ʒ[e]nikɐ	0
genologia	ʒɨnuluʒiɐ	ʒenuluʒiɐ	ʒ[ɨ]nuluʒiɐ	ʒ[e]nuluʒiɐ	0
genoma	ʒɨnomɐ	ʒenomɐ	ʒ[ɨ]nomɐ	ʒ[e]nomɐ	0
genômica	ʒɨnomikɐ	ʒenomikɐ	ʒ[ɨ]nomikɐ	ʒ[e]nomikɐ	0
genómica	ʒɨnɔmikɐ	ʒenɔmikɐ	ʒ[ɨ]nɔmikɐ	ʒ[e]nɔmikɐ	0
genovense	ʒɨnuvẽsɨ	ʒenuvẽŋsɨ	ʒ[ɨ]nuvẽsɨ	ʒ[e]nuvẽŋs	0
genuense	ʒɨnwẽsɨ	ʒenuẽŋsɨ	ʒ[ɨ]nwẽsɨ	ʒ[e]nuẽŋs	0
genuinamente	ʒɨnwinɐmẽtɨ	ʒenwinɐmẽŋtɨ	ʒ[ɨ]nwinɐmẽtɨ	ʒ[e]nwinɐmẽŋt	0
georreferenciar	ʒεɔʀɨfɨrẽsjar	ʒiuʁefɨɾẽŋsiaɾ	ʒεɔʀ[ɨ]fɨrẽsjar	ʒiuʁ[e]fɨɾẽŋsia	0
georreferência	ʒεɔʀɨfɨrẽsjɐ	ʒiuʁefɨɾẽŋsɪɐ	ʒεɔʀ[ɨ]fɨrẽsjɐ	ʒiuʁ[e]fɨɾẽŋsɪ	0
gremilha	grɨmiʎɐ	ɡɾemiʎɐ	gr[ɨ]miʎɐ	ɡɾ[e]miʎɐ	0
grenetina	grɨnɨtinɐ	ɡɾenɨtinɐ	gr[ɨ]nɨtinɐ	ɡɾ[e]nɨtinɐ	0
gretamento	grɨtɐmẽtu	ɡɾetɐmẽŋtʊ	gr[ɨ]tɐmẽtu	ɡɾ[e]tɐmẽŋt	0
guelengue	gɨlẽgɨ	ɡelẽŋɡwɨ	g[ɨ]lẽgɨ	ɡ[e]lẽŋɡ	0
hidrorrepelente	idrɔʀɨpɨlẽtɨ	iðɾuʁepɨlẽŋtɨ	idrɔʀ[ɨ]pɨlẽtɨ	iðɾuʁ[e]pɨlẽŋt	0
homogenesia	ɔmɔʒɨnɨziɐ	ɔmɔʒenɨziɐ	ɔmɔʒ[ɨ]nɨziɐ	ɔmɔʒ[e]nɨziɐ	0
inapresentável	inɐprɨzẽtavεł	inɐpɾezẽŋtavɛɫ	inɐpr[ɨ]zẽtavεł	inɐpɾ[e]zẽŋtavɛ	0
jenolim	ʒɨnulĩ	ʒenulĩŋ	ʒ[ɨ]nulĩ	ʒ[e]nulĩ	0
jessaí	ʒɨsɐi	ʒesɐi	ʒ[ɨ]sɐi	ʒ[e]sɐi	0
jetica	ʒɨtikɐ	ʒetikɐ	ʒ[ɨ]tikɐ	ʒ[e]tikɐ	0
lecitina	lɨsitinɐ	lesitinɐ	l[ɨ]sitinɐ	l[e]sitinɐ	0
legenda	lɨʒẽdɐ	leʒẽŋdɐ	l[ɨ]ʒẽdɐ	l[e]ʒẽŋd	0
legendário	lɨʒẽdarju	leʒẽŋdaɾɪʊ	l[ɨ]ʒẽdarju	l[e]ʒẽŋdaɾɪ	0
legendar	lɨʒẽdar	leʒẽŋdaɾ	l[ɨ]ʒẽdar	l[e]ʒẽŋda	0
legítima	lɨʒitimɐ	leʒitimɐ	l[ɨ]ʒitimɐ	l[e]ʒitimɐ	0
lenhina	lɨɲinɐ	leɲinɐ	l[ɨ]ɲinɐ	l[e]ɲinɐ	0
lenhita	lɨɲitɐ	leɲitɐ	l[ɨ]ɲitɐ	l[e]ɲitɐ	0
lenhite	lɨɲitɨ	leɲitɨ	l[ɨ]ɲitɨ	l[e]ɲitɨ	0
lenhose	lɨɲɔzɨ	leɲɔzɨ	l[ɨ]ɲɔzɨ	l[e]ɲɔzɨ	0
leniente	lɨnjẽtɨ	leniẽŋtɨ	l[ɨ]njẽtɨ	l[e]niẽŋt	0
lenimento	lɨnimẽtu	lenimẽŋtʊ	l[ɨ]nimẽtu	l[e]nimẽŋt	0
lenimentoso	lɨnimẽtozu	lenimẽŋtozʊ	l[ɨ]nimẽtozu	l[e]nimẽŋtoz	0
lepisma	lɨpiʒmɐ	lepiʒmɐ	l[ɨ]piʒmɐ	l[e]piʒmɐ	0
lesmento	lɨʒmẽtu	leʒmẽŋtʊ	l[ɨ]ʒmẽtu	l[e]ʒmẽŋt	0
levamento	lɨvɐmẽtu	levɐmẽŋtʊ	l[ɨ]vɐmẽtu	l[e]vɐmẽŋt	0
leveza	lɨvezɐ	levezɐ	l[ɨ]vezɐ	l[e]vezɐ	0
levulose	lɨvulɔzɨ	levulɔzɨ	l[ɨ]vulɔzɨ	l[e]vulɔzɨ	0
mecota	mɨkɔtɐ	mekɔtɐ	m[ɨ]kɔtɐ	m[e]kɔtɐ	0
mejengra	mɨʒẽgrɐ	meʒẽŋɡɾɐ	m[ɨ]ʒẽgrɐ	m[e]ʒẽŋɡɾ	0
melamina	mɨlɐminɐ	melɐminɐ	m[ɨ]lɐminɐ	m[e]lɐminɐ	0
melanemia	mɨlɐnɨmiɐ	melɐnɨmiɐ	m[ɨ]lɐnɨmiɐ	m[e]lɐnɨmiɐ	0
melanina	mɨlɐninɐ	melɐninɐ	m[ɨ]lɐninɐ	m[e]lɐninɐ	0
melanita	mɨlɐnitɐ	melɐnitɐ	m[ɨ]lɐnitɐ	m[e]lɐnitɐ	0
melanite	mɨlɐnitɨ	melɐnitɨ	m[ɨ]lɐnitɨ	m[e]lɐnitɨ	0
melanodoncia	mɨlɐnɔdõsiɐ	melɐnuðõnsiɐ	m[ɨ]lɐnɔdõsiɐ	m[e]lɐnuðõnsi	0
melanoma	mɨlɐnomɐ	melɐnomɐ	m[ɨ]lɐnomɐ	m[e]lɐnomɐ	0
melanope	mɨlɐnɔpɨ	melɐnɔpɨ	m[ɨ]lɐnɔpɨ	m[e]lɐnɔpɨ	0
melanose	mɨlɐnɔzɨ	melɐnɔzɨ	m[ɨ]lɐnɔzɨ	m[e]lɐnɔzɨ	0
melasma	mɨlaʒmɐ	melaʒmɐ	m[ɨ]laʒmɐ	m[e]laʒmɐ	0
melatonina	mɨlɐtuninɐ	melɐtuninɐ	m[ɨ]lɐtuninɐ	m[e]lɐtuninɐ	0
melifluentar	mɨlifluẽtar	melifluẽŋtaɾ	m[ɨ]lifluẽtar	m[e]lifluẽŋta	0
melindrar	mɨlĩdrar	melĩndɾaɾ	m[ɨ]lĩdrar	m[e]lĩndɾa	0
melindrável	mɨlĩdravεł	melĩndɾavɛɫ	m[ɨ]lĩdravεł	m[e]lĩndɾavɛ	0
melindre	mɨlĩdrɨ	melĩndɾɨ	m[ɨ]lĩdrɨ	m[e]lĩndɾ	0
melindrosamente	mɨlĩdrɔzɐmẽtɨ	melĩndɾɔzɐmẽŋtɨ	m[ɨ]lĩdrɔzɐmẽtɨ	m[e]lĩndɾɔzɐmẽ	0
melindroso	mɨlĩdrozu	melĩndɾozʊ	m[ɨ]lĩdrozu	m[e]lĩndɾoz	0
melinite	mɨlinitɨ	melinitɨ	m[ɨ]linitɨ	m[e]linitɨ	0
melípona	mɨlipunɐ	melipunɐ	m[ɨ]lipunɐ	m[e]lipunɐ	0
melissa	mɨlisɐ	melisɐ	m[ɨ]lisɐ	m[e]lisɐ	0
meloa	mɨloɐ	meloɐ	m[ɨ]loɐ	m[e]loɐ	0
melolonta	mɨlulõtɐ	melulõntɐ	m[ɨ]lulõtɐ	m[e]lulõnt	0
melonita	mɨlunitɐ	melunitɐ	m[ɨ]lunitɐ	m[e]lunitɐ	0
melonite	mɨlunitɨ	melunitɨ	m[ɨ]lunitɨ	m[e]lunitɨ	0
melope	mɨlɔpɨ	melɔpɨ	m[ɨ]lɔpɨ	m[e]lɔpɨ	0
melota	mɨlɔtɐ	melɔtɐ	m[ɨ]lɔtɐ	m[e]lɔtɐ	0
melote	mɨlɔtɨ	melɔtɨ	m[ɨ]lɔtɨ	m[e]lɔtɨ	0
melusina	mɨluzinɐ	meluzinɐ	m[ɨ]luzinɐ	m[e]luzinɐ	0
menacma	mɨnakmɐ	menakmɐ	m[ɨ]nakmɐ	m[e]nakmɐ	0
menina	mɨninɐ	meninɐ	m[ɨ]ninɐ	m[e]ninɐ	0
meninata	mɨninatɐ	meninatɐ	m[ɨ]ninatɐ	m[e]ninatɐ	0
meninência	mɨninẽsjɐ	meninẽŋsɪɐ	m[ɨ]ninẽsjɐ	m[e]ninẽŋsɪ	0
meninge	mɨnĩʒɨ	menĩnʒɨ	m[ɨ]nĩʒɨ	m[e]nĩnʒ	0
meningencefálico	mɨnĩʒẽsɨfaliku	menĩnʒẽŋsɨfalikʊ	m[ɨ]nĩʒẽsɨfaliku	m[e]nĩnʒẽŋsɨfal	0
meningencefalite	mɨnĩʒẽsɨfɐlitɨ	menĩnʒẽŋsɨfɐlitɨ	m[ɨ]nĩʒẽsɨfɐlitɨ	m[e]nĩnʒẽŋsɨfɐl	0
meningencefalítico	mɨnĩʒẽsɨfɐlitiku	menĩnʒẽŋsɨfɐlitikʊ	m[ɨ]nĩʒẽsɨfɐlitiku	m[e]nĩnʒẽŋsɨfɐlit	0
meníngeo	mɨnĩʒju	menĩnʒiʊ	m[ɨ]nĩʒju	m[e]nĩnʒi	0
meningioma	mɨnĩʒjomɐ	menĩnʒiomɐ	m[ɨ]nĩʒjomɐ	m[e]nĩnʒiom	0
meningite	mɨnĩʒitɨ	menĩnʒitɨ	m[ɨ]nĩʒitɨ	m[e]nĩnʒit	0
meningoencefalite	mɨnĩgɔẽsɨfɐlitɨ	menĩŋɡuẽŋsefɐlitɨ	m[ɨ]nĩgɔẽsɨfɐlitɨ	m[e]nĩŋɡuẽŋsefɐl	0
meningoencefalítico	mɨnĩgɔẽsɨfɐlitiku	menĩŋɡuẽŋsefɐlitikʊ	m[ɨ]nĩgɔẽsɨfɐlitiku	m[e]nĩŋɡuẽŋsefɐlit	0
meninice	mɨninisɨ	meninisɨ	m[ɨ]ninisɨ	m[e]ninisɨ	0
meninó	mɨninɔ	meninɔ	m[ɨ]ninɔ	m[e]ninɔ	0
mesencéfalo	mɨzẽsεfɐlu	mezẽŋsɛfɐlʊ	m[ɨ]zẽsεfɐlu	m[e]zẽŋsɛfɐl	0
mesenquimal	mɨzẽkimał	mezẽŋkimaɫ	m[ɨ]zẽkimał	m[e]zẽŋkima	0
mesênquima	mɨzẽkimɐ	mezẽŋkimɐ	m[ɨ]zẽkimɐ	m[e]zẽŋkim	0
mesenquimático	mɨzẽkimatiku	mezẽŋkimatikʊ	m[ɨ]zẽkimatiku	m[e]zẽŋkimatik	0
mesenquimatoso	mɨzẽkimɐtozu	mezẽŋkimɐtozʊ	m[ɨ]zẽkimɐtozu	m[e]zẽŋkimɐtoz	0
mesentérico	mɨzẽtεriku	mezẽŋtɛɾikʊ	m[ɨ]zẽtεriku	m[e]zẽŋtɛɾik	0
mesentério	mɨzẽtεrju	mezẽŋtɛɾɪʊ	m[ɨ]zẽtεrju	m[e]zẽŋtɛɾɪ	0
mesenterite	mɨzẽtɨritɨ	mezẽŋtɨɾitɨ	m[ɨ]zẽtɨritɨ	m[e]zẽŋtɨɾit	0
meseta	mɨzetɐ	mezetɐ	m[ɨ]zetɐ	m[e]zetɐ	0
mesmamente	mɨʒmɐmẽtɨ	meʒmɐmẽŋtɨ	m[ɨ]ʒmɐmẽtɨ	m[e]ʒmɐmẽŋt	0
mesmice	mɨʒmisɨ	meʒmisɨ	m[ɨ]ʒmisɨ	m[e]ʒmisɨ	0
messalina	mɨsɐlinɐ	mesɐlinɐ	m[ɨ]sɐlinɐ	m[e]sɐlinɐ	0
messanense	mɨsɐnẽsɨ	mesɐnẽŋsɨ	m[ɨ]sɐnẽsɨ	m[e]sɐnẽŋs	0
messassa	mɨsasɐ	mesasɐ	m[ɨ]sasɐ	m[e]sasɐ	0
metáfase	mɨtafɐzɨ	metafɐzɨ	m[ɨ]tafɐzɨ	m[e]tafɐzɨ	0
metáfise	mɨtafizɨ	metafizɨ	m[ɨ]tafizɨ	m[e]tafizɨ	0
metafísica	mɨtɐfizikɐ	metɐfizikɐ	m[ɨ]tɐfizikɐ	m[e]tɐfizikɐ	0
metafonia	mɨtɐfuniɐ	metɐfuniɐ	m[ɨ]tɐfuniɐ	m[e]tɐfuniɐ	0
metalinense	mɨtɐlinẽsɨ	metɐlinẽŋsɨ	m[ɨ]tɐlinẽsɨ	m[e]tɐlinẽŋs	0
metalologia	mɨtɐluluʒiɐ	metɐluluʒiɐ	m[ɨ]tɐluluʒiɐ	m[e]tɐluluʒiɐ	0
metanoia	mɨtɐnɔjɐ	metɐnɔjɐ	m[ɨ]tɐnɔjɐ	m[e]tɐnɔjɐ	0
metátese	mɨtatɨzɨ	metatɨzɨ	m[ɨ]tatɨzɨ	m[e]tatɨzɨ	0
metempsicose	mɨtẽpsikɔzɨ	metẽmpsikɔzɨ	m[ɨ]tẽpsikɔzɨ	m[e]tẽmpsikɔz	0
metempsicótico	mɨtẽpsikɔtiku	metẽmpsikɔtikʊ	m[ɨ]tẽpsikɔtiku	m[e]tẽmpsikɔtik	0
metencéfalo	mɨtẽsεfɐlu	metẽŋsɛfɐlʊ	m[ɨ]tẽsεfɐlu	m[e]tẽŋsɛfɐl	0
meticulosamente	mɨtikulɔzɐmẽtɨ	metikulɔzɐmẽŋtɨ	m[ɨ]tikulɔzɐmẽtɨ	m[e]tikulɔzɐmẽŋt	0
metila	mɨtilɐ	metilɐ	m[ɨ]tilɐ	m[e]tilɐ	0
metionina	mɨtjuninɐ	metjuninɐ	m[ɨ]tjuninɐ	m[e]tjuninɐ	0
metuendo	mɨtwẽdu	metuẽŋdʊ	m[ɨ]twẽdu	m[e]tuẽŋd	0
mezena	mɨzenɐ	mezenɐ	m[ɨ]zenɐ	m[e]zenɐ	0
mezungo	mɨzũgu	mezũŋɡʊ	m[ɨ]zũgu	m[e]zũŋɡ	0
nefelina	nɨfɨlinɐ	nefɨlinɐ	n[ɨ]fɨlinɐ	n[e]fɨlinɐ	0
nelúmbio	nɨlũbju	nelũmbɪʊ	n[ɨ]lũbju	n[e]lũmbɪ	0
nelumbo	nɨlũbu	nelũmbʊ	n[ɨ]lũbu	n[e]lũmb	0
nemetacense	nɨmɨtɐsẽsɨ	nemɨtɐsẽŋsɨ	n[ɨ]mɨtɐsẽsɨ	n[e]mɨtɐsẽŋs	0
nepote	nɨpɔtɨ	nepɔtɨ	n[ɨ]pɔtɨ	n[e]pɔtɨ	0
nevoeirento	nɨvwɐjrẽtu	nevueɪɾẽŋtʊ	n[ɨ]vwɐjrẽtu	n[e]vueɪɾẽŋt	0
nevoentar	nɨvwẽtar	nevuẽŋtaɾ	n[ɨ]vwẽtar	n[e]vuẽŋta	0
nevoento	nɨvwẽtu	nevuẽŋtʊ	n[ɨ]vwẽtu	n[e]vuẽŋt	0
oferecimento	ɔfɨrɨsimẽtu	ɔfɨɾesimẽŋtʊ	ɔfɨr[ɨ]simẽtu	ɔfɨɾ[e]simẽŋt	0
panejamento	pɐnɨʒɐmẽtu	pɐneʒɐmẽŋtʊ	pɐn[ɨ]ʒɐmẽtu	pɐn[e]ʒɐmẽŋt	0
paquimeningite	pɐkimɨnĩʒitɨ	pɐkimenĩnʒitɨ	pɐkim[ɨ]nĩʒitɨ	pɐkim[e]nĩnʒit	0
pecaminosamente	pɨkɐminɔzɐmẽtɨ	pekɐminɔzɐmẽŋtɨ	p[ɨ]kɐminɔzɐmẽtɨ	p[e]kɐminɔzɐmẽŋt	0
pejamento	pɨʒɐmẽtu	peʒɐmẽŋtʊ	p[ɨ]ʒɐmẽtu	p[e]ʒɐmẽŋt	0
pelenense	pɨlɨnẽsɨ	pelɨnẽŋsɨ	p[ɨ]lɨnẽsɨ	p[e]lɨnẽŋs	0
pelense	pɨlẽsɨ	pelẽŋsɨ	p[ɨ]lẽsɨ	p[e]lẽŋs	0
pelica	pɨlikɐ	pelikɐ	p[ɨ]likɐ	p[e]likɐ	0
peliça	pɨlisɐ	pelisɐ	p[ɨ]lisɐ	p[e]lisɐ	0
película	pɨlikulɐ	pelikulɐ	p[ɨ]likulɐ	p[e]likulɐ	0
pelintra	pɨlĩtrɐ	pelĩntɾɐ	p[ɨ]lĩtrɐ	p[e]lĩntɾ	0
pelintrar	pɨlĩtrar	pelĩntɾaɾ	p[ɨ]lĩtrar	p[e]lĩntɾa	0
pelintrice	pɨlĩtrisɨ	pelĩntɾisɨ	p[ɨ]lĩtrisɨ	p[e]lĩntɾis	0
pelintrismo	pɨlĩtriʒmu	pelĩntɾiʒmʊ	p[ɨ]lĩtriʒmu	p[e]lĩntɾiʒm	0
peloponense	pɨlupunẽsɨ	pelupunẽŋsɨ	p[ɨ]lupunẽsɨ	p[e]lupunẽŋs	0
pelota	pɨlɔtɐ	pelɔtɐ	p[ɨ]lɔtɐ	p[e]lɔtɐ	0
pelotense	pɨlutẽsɨ	pelutẽŋsɨ	p[ɨ]lutẽsɨ	p[e]lutẽŋs	0
pelote	pɨlɔtɨ	pelɔtɨ	p[ɨ]lɔtɨ	p[e]lɔtɨ	0
pelotica	pɨlutikɐ	pelutikɐ	p[ɨ]lutikɐ	p[e]lutikɐ	0
pelotiquice	pɨlutikisɨ	pelutikisɨ	p[ɨ]lutikisɨ	p[e]lutikisɨ	0
penacovense	pɨnɐkuvẽsɨ	penɐkuvẽŋsɨ	p[ɨ]nɐkuvẽsɨ	p[e]nɐkuvẽŋs	0
penaguiense	pɨnɐgjẽsɨ	penɐɣiẽŋsɨ	p[ɨ]nɐgjẽsɨ	p[e]nɐɣiẽŋs	0
penamacorense	pɨnɐmɐkurẽsɨ	penɐmɐkuɾẽŋsɨ	p[ɨ]nɐmɐkurẽsɨ	p[e]nɐmɐkuɾẽŋs	0
peneirento	pɨnɐjrẽtu	peneɪɾẽŋtʊ	p[ɨ]nɐjrẽtu	p[e]neɪɾẽŋt	0
penelense	pɨnɨlẽsɨ	penɨlẽŋsɨ	p[ɨ]nɨlẽsɨ	p[e]nɨlẽŋs	0
penembe	pɨnẽbɨ	penẽmbɨ	p[ɨ]nẽbɨ	p[e]nẽmb	0
peneta	pɨnetɐ	penetɐ	p[ɨ]netɐ	p[e]netɐ	0
penicilina	pɨnisilinɐ	penisilinɐ	p[ɨ]nisilinɐ	p[e]nisilinɐ	0
penina	pɨninɐ	peninɐ	p[ɨ]ninɐ	p[e]ninɐ	0
peninita	pɨninitɐ	peninitɐ	p[ɨ]ninitɐ	p[e]ninitɐ	0
peninite	pɨninitɨ	peninitɨ	p[ɨ]ninitɨ	p[e]ninitɨ	0
península	pɨnĩsulɐ	penĩnsulɐ	p[ɨ]nĩsulɐ	p[e]nĩnsul	0
peninsular	pɨnĩsular	penĩnsulaɾ	p[ɨ]nĩsular	p[e]nĩnsula	0
penitenciado	pɨnitẽsjadu	penitẽŋsiaðʊ	p[ɨ]nitẽsjadu	p[e]nitẽŋsiað	0
penitencial	pɨnitẽsjał	penitẽŋsiaɫ	p[ɨ]nitẽsjał	p[e]nitẽŋsia	0
penitência	pɨnitẽsjɐ	penitẽŋsɪɐ	p[ɨ]nitẽsjɐ	p[e]nitẽŋsɪ	0
penitenciária	pɨnitẽsjarjɐ	penitẽŋsiaɾɪɐ	p[ɨ]nitẽsjarjɐ	p[e]nitẽŋsiaɾɪ	0
penitenciário	pɨnitẽsjarju	penitẽŋsiaɾɪʊ	p[ɨ]nitẽsjarju	p[e]nitẽŋsiaɾɪ	0
penitenciar	pɨnitẽsjar	penitẽŋsiaɾ	p[ɨ]nitẽsjar	p[e]nitẽŋsia	0
penitencieiro	pɨnitẽsjɐjru	penitẽŋsieɪɾʊ	p[ɨ]nitẽsjɐjru	p[e]nitẽŋsieɪɾ	0
penitente	pɨnitẽtɨ	penitẽŋtɨ	p[ɨ]nitẽtɨ	p[e]nitẽŋt	0
penologia	pɨnuluʒiɐ	penuluʒiɐ	p[ɨ]nuluʒiɐ	p[e]nuluʒiɐ	0
penosa	pɨnɔzɐ	penɔzɐ	p[ɨ]nɔzɐ	p[e]nɔzɐ	0
penugento	pɨnuʒẽtu	penuʒẽŋtʊ	p[ɨ]nuʒẽtu	p[e]nuʒẽŋt	0
penumbra	pɨnũbrɐ	penũmbɾɐ	p[ɨ]nũbrɐ	p[e]nũmbɾ	0
penumbrar	pɨnũbrar	penũmbɾaɾ	p[ɨ]nũbrar	p[e]nũmbɾa	0
penumbroso	pɨnũbrozu	penũmbɾozʊ	p[ɨ]nũbrozu	p[e]nũmbɾoz	0
pepita	pɨpitɐ	pepitɐ	p[ɨ]pitɐ	p[e]pitɐ	0
pequena	pɨkenɐ	pekenɐ	p[ɨ]kenɐ	p[e]kenɐ	0
pequeneza	pɨkɨnezɐ	pekɨnezɐ	p[ɨ]kɨnezɐ	p[e]kɨnezɐ	0
pequenitote	pɨkɨnitɔtɨ	pekɨnitɔtɨ	p[ɨ]kɨnitɔtɨ	p[e]kɨnitɔtɨ	0
pequenote	pɨkɨnɔtɨ	pekɨnɔtɨ	p[ɨ]kɨnɔtɨ	p[e]kɨnɔtɨ	0
pequice	pɨkisɨ	pekisɨ	p[ɨ]kisɨ	p[e]kisɨ	0
peseta	pɨzetɐ	pezetɐ	p[ɨ]zetɐ	p[e]zetɐ	0
pessinúncio	pɨsinũsju	pesinũnsɪʊ	p[ɨ]sinũsju	p[e]sinũnsɪ	0
pessoense	pɨswẽsɨ	pesuẽŋsɨ	p[ɨ]swẽsɨ	p[e]suẽŋs	0
petalita	pɨtɐlitɐ	petɐlitɐ	p[ɨ]tɐlitɐ	p[e]tɐlitɐ	0
petalite	pɨtɐlitɨ	petɐlitɨ	p[ɨ]tɐlitɨ	p[e]tɐlitɨ	0
petavionense	pɨtɐvjunẽsɨ	petɐvjunẽŋsɨ	p[ɨ]tɐvjunẽsɨ	p[e]tɐvjunẽŋs	0
petinga	pɨtĩgɐ	petĩŋɡɐ	p[ɨ]tĩgɐ	p[e]tĩŋɡ	0
petinha	pɨtiɲɐ	petiɲɐ	p[ɨ]tiɲɐ	p[e]tiɲɐ	0
petintal	pɨtĩtał	petĩntaɫ	p[ɨ]tĩtał	p[e]tĩnta	0
planejamento	plɐnɨʒɐmẽtu	plɐneʒɐmẽŋtʊ	plɐn[ɨ]ʒɐmẽtu	plɐn[e]ʒɐmẽŋt	0
planetologia	plɐnɨtuluʒiɐ	plɐnetuluʒiɐ	plɐn[ɨ]tuluʒiɐ	plɐn[e]tuluʒiɐ	0
precedência	prɨsɨdẽsjɐ	pɾesɨðẽŋsɪɐ	pr[ɨ]sɨdẽsjɐ	pɾ[e]sɨðẽŋsɪ	0
precedentemente	prɨsɨdẽtɨmẽtɨ	pɾesɨðẽŋtɨmẽŋtɨ	pr[ɨ]sɨdẽtɨmẽtɨ	pɾ[e]sɨðẽŋtɨmẽ	0
precedente	prɨsɨdẽtɨ	pɾesɨðẽŋtɨ	pr[ɨ]sɨdẽtɨ	pɾ[e]sɨðẽŋt	0
precingir	prɨsĩʒir	pɾesĩnʒiɾ	pr[ɨ]sĩʒir	pɾ[e]sĩnʒi	0
precinta	prɨsĩtɐ	pɾesĩntɐ	pr[ɨ]sĩtɐ	pɾ[e]sĩnt	0
precintar	prɨsĩtar	pɾesĩntaɾ	pr[ɨ]sĩtar	pɾ[e]sĩnta	0
precinto	prɨsĩtu	pɾesĩntʊ	pr[ɨ]sĩtu	pɾ[e]sĩnt	0
precípite	prɨsipitɨ	pɾesipitɨ	pr[ɨ]sipitɨ	pɾ[e]sipitɨ	0
precipitina	prɨsipitinɐ	pɾesipitinɐ	pr[ɨ]sipitinɐ	pɾ[e]sipitinɐ	0
precocemente	prɨkɔsɨmẽtɨ	pɾekɔsɨmẽŋtɨ	pr[ɨ]kɔsɨmẽtɨ	pɾ[e]kɔsɨmẽŋt	0
precoce	prɨkɔsɨ	pɾekɔsɨ	pr[ɨ]kɔsɨ	pɾ[e]kɔsɨ	0
preconceber	prɨkõsɨber	pɾekõnsɨβeɾ	pr[ɨ]kõsɨber	pɾ[e]kõnsɨβe	0
preconcebido	prɨkõsɨbidu	pɾekõnsɨβiðʊ	pr[ɨ]kõsɨbidu	pɾ[e]kõnsɨβið	0
preconceito	prɨkõsɐjtu	pɾekõnseɪtʊ	pr[ɨ]kõsɐjtu	pɾ[e]kõnseɪt	0
preconceituoso	prɨkõsɐjtwozu	pɾekõnseɪtwozʊ	pr[ɨ]kõsɐjtwozu	pɾ[e]kõnseɪtwoz	0
prelacia	prɨlɐsiɐ	pɾelɐsiɐ	pr[ɨ]lɐsiɐ	pɾ[e]lɐsiɐ	0
prelazia	prɨlɐziɐ	pɾelɐziɐ	pr[ɨ]lɐziɐ	pɾ[e]lɐziɐ	0
preluzente	prɨluzẽtɨ	pɾeluzẽŋtɨ	pr[ɨ]luzẽtɨ	pɾ[e]luzẽŋt	0
premência	prɨmẽsjɐ	pɾemẽŋsɪɐ	pr[ɨ]mẽsjɐ	pɾ[e]mẽŋsɪ	0
premente	prɨmẽtɨ	pɾemẽŋtɨ	pr[ɨ]mẽtɨ	pɾ[e]mẽŋt	0
prenome	prɨnomɨ	pɾenomɨ	pr[ɨ]nomɨ	pɾ[e]nomɨ	0
prenunciador	prɨnũsjɐdor	pɾenũnsiɐðoɾ	pr[ɨ]nũsjɐdor	pɾ[e]nũnsiɐðo	0
prenunciar	prɨnũsjar	pɾenũnsiaɾ	pr[ɨ]nũsjar	pɾ[e]nũnsia	0
prenúncio	prɨnũsju	pɾenũnsɪʊ	pr[ɨ]nũsju	pɾ[e]nũnsɪ	0
preponderar	prɨpõdɨrar	pɾepõndɨɾaɾ	pr[ɨ]põdɨrar	pɾ[e]põndɨɾa	0
preponente	prɨpunẽtɨ	pɾepunẽŋtɨ	pr[ɨ]punẽtɨ	pɾ[e]punẽŋt	0
prepotência	prɨputẽsjɐ	pɾeputẽŋsɪɐ	pr[ɨ]putẽsjɐ	pɾ[e]putẽŋsɪ	0
prepotente	prɨputẽtɨ	pɾeputẽŋtɨ	pr[ɨ]putẽtɨ	pɾ[e]putẽŋt	0
presbita	prɨʒbitɐ	pɾeʒbitɐ	pr[ɨ]ʒbitɐ	pɾ[e]ʒbitɐ	0
presbitia	prɨʒbitiɐ	pɾeʒbitiɐ	pr[ɨ]ʒbitiɐ	pɾ[e]ʒbitiɐ	0
presença	prɨzẽsɐ	pɾezẽŋsɐ	pr[ɨ]zẽsɐ	pɾ[e]zẽŋs	0
presencialmente	prɨzẽsjałmẽtɨ	pɾezẽŋsiaɫmẽŋtɨ	pr[ɨ]zẽsjałmẽtɨ	pɾ[e]zẽŋsiaɫmẽ	0
presencial	prɨzẽsjał	pɾezẽŋsiaɫ	pr[ɨ]zẽsjał	pɾ[e]zẽŋsia	0
presenciar	prɨzẽsjar	pɾezẽŋsiaɾ	pr[ɨ]zẽsjar	pɾ[e]zẽŋsia	0
presencismo	prɨzẽsiʒmu	pɾezẽŋsiʒmʊ	pr[ɨ]zẽsiʒmu	pɾ[e]zẽŋsiʒm	0
presentâneo	prɨzẽtɐnju	pɾezẽŋtɐ̃niʊ	pr[ɨ]zẽtɐnju	pɾ[e]zẽŋtɐ̃n	0
presentar	prɨzẽtar	pɾezẽŋtaɾ	pr[ɨ]zẽtar	pɾ[e]zẽŋta	0
presenteado	prɨzẽtjadu	pɾezẽŋtiaðʊ	pr[ɨ]zẽtjadu	pɾ[e]zẽŋtiað	0
presenteador	prɨzẽtjɐdor	pɾezẽŋtiɐðoɾ	pr[ɨ]zẽtjɐdor	pɾ[e]zẽŋtiɐðo	0
presentear	prɨzẽtjar	pɾezẽŋtiaɾ	pr[ɨ]zẽtjar	pɾ[e]zẽŋtia	0
presentemente	prɨzẽtɨmẽtɨ	pɾezẽŋtɨmẽŋtɨ	pr[ɨ]zẽtɨmẽtɨ	pɾ[e]zẽŋtɨmẽ	0
presente	prɨzẽtɨ	pɾezẽŋtɨ	pr[ɨ]zẽtɨ	pɾ[e]zẽŋt	0
presidência	prɨzidẽsjɐ	pɾeziðẽŋsɪɐ	pr[ɨ]zidẽsjɐ	pɾ[e]ziðẽŋsɪ	0
presidenta	prɨzidẽtɐ	pɾeziðẽŋtɐ	pr[ɨ]zidẽtɐ	pɾ[e]ziðẽŋt	0
presidente	prɨzidẽtɨ	pɾeziðẽŋtɨ	pr[ɨ]zidẽtɨ	pɾ[e]ziðẽŋt	0
presilha	prɨziʎɐ	pɾeziʎɐ	pr[ɨ]ziʎɐ	pɾ[e]ziʎɐ	0
pressentido	prɨsẽtidu	pɾesẽŋtiðʊ	pr[ɨ]sẽtidu	pɾ[e]sẽŋtið	0
pressentimento	prɨsẽtimẽtu	pɾesẽŋtimẽŋtʊ	pr[ɨ]sẽtimẽtu	pɾ[e]sẽŋtimẽ	0
pressentir	prɨsẽtir	pɾesẽŋtiɾ	pr[ɨ]sẽtir	pɾ[e]sẽŋti	0
pressentível	prɨsẽtivεł	pɾesẽŋtivɛɫ	pr[ɨ]sẽtivεł	pɾ[e]sẽŋtivɛ	0
presunçoso	prɨzũsozu	pɾezũnsozʊ	pr[ɨ]zũsozu	pɾ[e]zũnsoz	0
presuntivo	prɨzũtivu	pɾezũntivʊ	pr[ɨ]zũtivu	pɾ[e]zũntiv	0
presunto	prɨzũtu	pɾezũntʊ	pr[ɨ]zũtu	pɾ[e]zũnt	0
presuntuoso	prɨzũtwozu	pɾezũntwozʊ	pr[ɨ]zũtwozu	pɾ[e]zũntwoz	0
pretendente	prɨtẽdẽtɨ	pɾetẽŋdẽŋtɨ	pr[ɨ]tẽdẽtɨ	pɾ[e]tẽŋdẽ	0
pretender	prɨtẽder	pɾetẽŋdeɾ	pr[ɨ]tẽder	pɾ[e]tẽŋde	0
pretensamente	prɨtẽsɐmẽtɨ	pɾetẽŋsɐmẽŋtɨ	pr[ɨ]tẽsɐmẽtɨ	pɾ[e]tẽŋsɐmẽ	0
pretensioso	prɨtẽsjozu	pɾetẽŋsiozʊ	pr[ɨ]tẽsjozu	pɾ[e]tẽŋsioz	0
pretenso	prɨtẽsu	pɾetẽŋsʊ	pr[ɨ]tẽsu	pɾ[e]tẽŋs	0
pretensor	prɨtẽsor	pɾetẽŋsoɾ	pr[ɨ]tẽsor	pɾ[e]tẽŋso	0
preterência	prɨtɨrẽsjɐ	pɾetɨɾẽŋsɪɐ	pr[ɨ]tɨrẽsjɐ	pɾ[e]tɨɾẽŋsɪ	0
pretinha	prɨtiɲɐ	pɾetiɲɐ	pr[ɨ]tiɲɐ	pɾ[e]tiɲɐ	0
prevalecente	prɨvɐlɨsẽtɨ	pɾevɐlɨsẽŋtɨ	pr[ɨ]vɐlɨsẽtɨ	pɾ[e]vɐlɨsẽŋt	0
prevalência	prɨvɐlẽsjɐ	pɾevɐlẽŋsɪɐ	pr[ɨ]vɐlẽsjɐ	pɾ[e]vɐlẽŋsɪ	0
preveniente	prɨvɨnjẽtɨ	pɾevɨniẽŋtɨ	pr[ɨ]vɨnjẽtɨ	pɾ[e]vɨniẽŋt	0
preventivamente	prɨvẽtivɐmẽtɨ	pɾevẽŋtivɐmẽŋtɨ	pr[ɨ]vẽtivɐmẽtɨ	pɾ[e]vẽŋtivɐmẽ	0
preventivo	prɨvẽtivu	pɾevẽŋtivʊ	pr[ɨ]vẽtivu	pɾ[e]vẽŋtiv	0
preventório	prɨvẽtɔrju	pɾevẽŋtɔɾɪʊ	pr[ɨ]vẽtɔrju	pɾ[e]vẽŋtɔɾɪ	0
preventor	prɨvẽtor	pɾevẽŋtoɾ	pr[ɨ]vẽtor	pɾ[e]vẽŋto	0
previdência	prɨvidẽsjɐ	pɾeviðẽŋsɪɐ	pr[ɨ]vidẽsjɐ	pɾ[e]viðẽŋsɪ	0
previdente	prɨvidẽtɨ	pɾeviðẽŋtɨ	pr[ɨ]vidẽtɨ	pɾ[e]viðẽŋt	0
quelembequeta	kɨlẽbɨketɐ	kelẽmbɨketɐ	k[ɨ]lẽbɨketɐ	k[e]lẽmbɨket	0
quezila	kɨzilɐ	kezilɐ	k[ɨ]zilɐ	k[e]zilɐ	0
quezilento	kɨzilẽtu	kezilẽŋtʊ	k[ɨ]zilẽtu	k[e]zilẽŋt	0
recendência	ʀɨsẽdẽsjɐ	ʁesẽŋdẽŋsɪɐ	ʀ[ɨ]sẽdẽsjɐ	ʁ[e]sẽŋdẽŋ	0
recendente	ʀɨsẽdẽtɨ	ʁesẽŋdẽŋtɨ	ʀ[ɨ]sẽdẽtɨ	ʁ[e]sẽŋdẽ	0
recender	ʀɨsẽder	ʁesẽŋdeɾ	ʀ[ɨ]sẽder	ʁ[e]sẽŋde	0
recenseador	ʀɨsẽsjɐdor	ʁesẽŋsiɐðoɾ	ʀ[ɨ]sẽsjɐdor	ʁ[e]sẽŋsiɐðo	0
recenseado	ʀɨsẽsjadu	ʁesẽŋsiaðʊ	ʀ[ɨ]sẽsjadu	ʁ[e]sẽŋsiað	0
recenseamento	ʀɨsẽsjɐmẽtu	ʁesẽŋsiɐmẽŋtʊ	ʀ[ɨ]sẽsjɐmẽtu	ʁ[e]sẽŋsiɐmẽ	0
recensear	ʀɨsẽsjar	ʁesẽŋsiaɾ	ʀ[ɨ]sẽsjar	ʁ[e]sẽŋsia	0
recenseio	ʀɨsẽsɐju	ʁesẽŋsejʊ	ʀ[ɨ]sẽsɐju	ʁ[e]sẽŋsej	0
recental	ʀɨsẽtał	ʁesẽŋtaɫ	ʀ[ɨ]sẽtał	ʁ[e]sẽŋta	0
recentemente	ʀɨsẽtɨmẽtɨ	ʁesẽŋtɨmẽŋtɨ	ʀ[ɨ]sẽtɨmẽtɨ	ʁ[e]sẽŋtɨmẽ	0
recente	ʀɨsẽtɨ	ʁesẽŋtɨ	ʀ[ɨ]sẽtɨ	ʁ[e]sẽŋt	0
recifense	ʀɨsifẽsɨ	ʁesifẽŋsɨ	ʀ[ɨ]sifẽsɨ	ʁ[e]sifẽŋs	0
recife	ʀɨsifɨ	ʁesifɨ	ʀ[ɨ]sifɨ	ʁ[e]sifɨ	0
recingir	ʀɨsĩʒir	ʁesĩnʒiɾ	ʀ[ɨ]sĩʒir	ʁ[e]sĩnʒi	0
recinto	ʀɨsĩtu	ʁesĩntʊ	ʀ[ɨ]sĩtu	ʁ[e]sĩnt	0
recipiendário	ʀɨsipjẽdarju	ʁesipiẽŋdaɾɪʊ	ʀ[ɨ]sipjẽdarju	ʁ[e]sipiẽŋdaɾɪ	0
recipiente	ʀɨsipjẽtɨ	ʁesipiẽŋtɨ	ʀ[ɨ]sipjẽtɨ	ʁ[e]sipiẽŋt	0
recolha	ʀɨkoʎɐ	ʁekoʎɐ	ʀ[ɨ]koʎɐ	ʁ[e]koʎɐ	0
recolhimento	ʀɨkuʎimẽtu	ʁekuʎimẽŋtʊ	ʀ[ɨ]kuʎimẽtu	ʁ[e]kuʎimẽŋt	0
recombinar	ʀɨkõbinar	ʁekõmbinaɾ	ʀ[ɨ]kõbinar	ʁ[e]kõmbina	0
recomendar	ʀɨkumẽdar	ʁekumẽŋdaɾ	ʀ[ɨ]kumẽdar	ʁ[e]kumẽŋda	0
recomendatório	ʀɨkumẽdɐtɔrju	ʁekumẽŋdɐtɔɾɪʊ	ʀ[ɨ]kumẽdɐtɔrju	ʁ[e]kumẽŋdɐtɔɾɪ	0
recomendável	ʀɨkumẽdavεł	ʁekumẽŋdavɛɫ	ʀ[ɨ]kumẽdavεł	ʁ[e]kumẽŋdavɛ	0
recompensador	ʀɨkõpẽsɐdor	ʁekõmpẽŋsɐðoɾ	ʀ[ɨ]kõpẽsɐdor	ʁ[e]kõmpẽŋsɐ	0
recompensado	ʀɨkõpẽsadu	ʁekõmpẽŋsaðʊ	ʀ[ɨ]kõpẽsadu	ʁ[e]kõmpẽŋs	0
recompensar	ʀɨkõpẽsar	ʁekõmpẽŋsaɾ	ʀ[ɨ]kõpẽsar	ʁ[e]kõmpẽŋ	0
recompensa	ʀɨkõpẽsɐ	ʁekõmpẽŋsɐ	ʀ[ɨ]kõpẽsɐ	ʁ[e]kõmpẽ	0
recompensável	ʀɨkõpẽsavεł	ʁekõmpẽŋsavɛɫ	ʀ[ɨ]kõpẽsavεł	ʁ[e]kõmpẽŋsa	0
recompilador	ʀɨkõpilɐdor	ʁekõmpilɐðoɾ	ʀ[ɨ]kõpilɐdor	ʁ[e]kõmpilɐðo	0
recompilar	ʀɨkõpilar	ʁekõmpilaɾ	ʀ[ɨ]kõpilar	ʁ[e]kõmpila	0
recompilatório	ʀɨkõpilɐtɔrju	ʁekõmpilɐtɔɾɪʊ	ʀ[ɨ]kõpilɐtɔrju	ʁ[e]kõmpilɐtɔɾɪ	0
recomponente	ʀɨkõpunẽtɨ	ʁekõmpunẽŋtɨ	ʀ[ɨ]kõpunẽtɨ	ʁ[e]kõmpunẽ	0
recompor	ʀɨkõpor	ʁekõmpoɾ	ʀ[ɨ]kõpor	ʁ[e]kõmpo	0
recomprar	ʀɨkõprar	ʁekõmpɾaɾ	ʀ[ɨ]kõprar	ʁ[e]kõmpɾa	0
recôncavo	ʀɨkõkɐvu	ʁekõŋkɐvʊ	ʀ[ɨ]kõkɐvu	ʁ[e]kõŋkɐv	0
reconcentrar	ʀɨkõsẽtrar	ʁekõnsẽŋtɾaɾ	ʀ[ɨ]kõsẽtrar	ʁ[e]kõnsẽŋt	0
reconcertar	ʀɨkõsɨrtar	ʁekõnsɨɾtaɾ	ʀ[ɨ]kõsɨrtar	ʁ[e]kõnsɨɾta	0
reconcerto	ʀɨkõsertu	ʁekõnsɛɾtʊ	ʀ[ɨ]kõsertu	ʁ[e]kõnsɛɾt	0
reconciliador	ʀɨkõsiljɐdor	ʁekõnsiliɐðoɾ	ʀ[ɨ]kõsiljɐdor	ʁ[e]kõnsiliɐðo	0
reconciliado	ʀɨkõsiljadu	ʁekõnsiliaðʊ	ʀ[ɨ]kõsiljadu	ʁ[e]kõnsiliað	0
reconciliar	ʀɨkõsiljar	ʁekõnsiliaɾ	ʀ[ɨ]kõsiljar	ʁ[e]kõnsilia	0
reconciliatório	ʀɨkõsiljɐtɔrju	ʁekõnsiliɐtɔɾɪʊ	ʀ[ɨ]kõsiljɐtɔrju	ʁ[e]kõnsiliɐtɔɾɪ	0
reconciliável	ʀɨkõsiljavεł	ʁekõnsiliavɛɫ	ʀ[ɨ]kõsiljavεł	ʁ[e]kõnsiliavɛ	0
recondicionamento	ʀɨkõdisjunɐmẽtu	ʁekõndisjunɐmẽŋtʊ	ʀ[ɨ]kõdisjunɐmẽtu	ʁ[e]kõndisjunɐmẽ	0
recondicionar	ʀɨkõdisjunar	ʁekõndisjunaɾ	ʀ[ɨ]kõdisjunar	ʁ[e]kõndisjuna	0
recondicionável	ʀɨkõdisjunavεł	ʁekõndisjunavɛɫ	ʀ[ɨ]kõdisjunavεł	ʁ[e]kõndisjunavɛ	0
reconditório	ʀɨkõditɔrju	ʁekõnditɔɾɪʊ	ʀ[ɨ]kõditɔrju	ʁ[e]kõnditɔɾɪ	0
recôndito	ʀɨkõditu	ʁekõnditʊ	ʀ[ɨ]kõditu	ʁ[e]kõndit	0
recondutível	ʀɨkõdutivεł	ʁekõndutivɛɫ	ʀ[ɨ]kõdutivεł	ʁ[e]kõndutivɛ	0
reconduzir	ʀɨkõduzir	ʁekõnduziɾ	ʀ[ɨ]kõduzir	ʁ[e]kõnduzi	0
reconduzível	ʀɨkõduzivεł	ʁekõnduzivɛɫ	ʀ[ɨ]kõduzivεł	ʁ[e]kõnduzivɛ	0
reconfessar	ʀɨkõfɨsar	ʁekõnfɨsaɾ	ʀ[ɨ]kõfɨsar	ʁ[e]kõnfɨsa	0
reconfigurar	ʀɨkõfigurar	ʁekõnfiɣuɾaɾ	ʀ[ɨ]kõfigurar	ʁ[e]kõnfiɣuɾa	0
reconfortador	ʀɨkõfurtɐdor	ʁekõnfuɾtɐðoɾ	ʀ[ɨ]kõfurtɐdor	ʁ[e]kõnfuɾtɐðo	0
reconfortar	ʀɨkõfurtar	ʁekõnfuɾtaɾ	ʀ[ɨ]kõfurtar	ʁ[e]kõnfuɾta	0
reconfortável	ʀɨkõfurtavεł	ʁekõnfuɾtavɛɫ	ʀ[ɨ]kõfurtavεł	ʁ[e]kõnfuɾtavɛ	0
reconforto	ʀɨkõfortu	ʁekõnfoɾtʊ	ʀ[ɨ]kõfortu	ʁ[e]kõnfoɾt	0
recongraçar	ʀɨkõgrɐsar	ʁekõŋɡɾɐsaɾ	ʀ[ɨ]kõgrɐsar	ʁ[e]kõŋɡɾɐsa	0
reconsagrar	ʀɨkõsɐgrar	ʁekõnsɐɣɾaɾ	ʀ[ɨ]kõsɐgrar	ʁ[e]kõnsɐɣɾa	0
reconsertar	ʀɨkõsɨrtar	ʁekõnsɨɾtaɾ	ʀ[ɨ]kõsɨrtar	ʁ[e]kõnsɨɾta	0
reconserto	ʀɨkõsertu	ʁekõnsɛɾtʊ	ʀ[ɨ]kõsertu	ʁ[e]kõnsɛɾt	0
reconsiderado	ʀɨkõsidɨradu	ʁekõnsiðɨɾaðʊ	ʀ[ɨ]kõsidɨradu	ʁ[e]kõnsiðɨɾað	0
reconsiderar	ʀɨkõsidɨrar	ʁekõnsiðɨɾaɾ	ʀ[ɨ]kõsidɨrar	ʁ[e]kõnsiðɨɾa	0
reconsolidar	ʀɨkõsulidar	ʁekõnsuliðaɾ	ʀ[ɨ]kõsulidar	ʁ[e]kõnsuliða	0
recontamento	ʀɨkõtɐmẽtu	ʁekõntɐmẽŋtʊ	ʀ[ɨ]kõtɐmẽtu	ʁ[e]kõntɐmẽ	0
recontro	ʀɨkõtru	ʁekõntɾʊ	ʀ[ɨ]kõtru	ʁ[e]kõntɾ	0
reconverter	ʀɨkõvɨrter	ʁekõnvɨɾteɾ	ʀ[ɨ]kõvɨrter	ʁ[e]kõnvɨɾte	0
reconvindo	ʀɨkõvĩdu	ʁekõnvĩndʊ	ʀ[ɨ]kõvĩdu	ʁ[e]kõnvĩ	0
reconvir	ʀɨkõvir	ʁekõnviɾ	ʀ[ɨ]kõvir	ʁ[e]kõnvi	0
reconvocar	ʀɨkõvukar	ʁekõnvukaɾ	ʀ[ɨ]kõvukar	ʁ[e]kõnvuka	0
reconvocável	ʀɨkõvukavεł	ʁekõnvukavɛɫ	ʀ[ɨ]kõvukavεł	ʁ[e]kõnvukavɛ	0
recova	ʀɨkɔvɐ	ʁekɔvɐ	ʀ[ɨ]kɔvɐ	ʁ[e]kɔvɐ	0
recozimento	ʀɨkuzimẽtu	ʁekuzimẽŋtʊ	ʀ[ɨ]kuzimẽtu	ʁ[e]kuzimẽŋt	0
recua	ʀɨkuɐ	ʁekuɐ	ʀ[ɨ]kuɐ	ʁ[e]kuɐ	0
recumbente	ʀɨkũbẽtɨ	ʁekũmbẽŋtɨ	ʀ[ɨ]kũbẽtɨ	ʁ[e]kũmbẽ	0
recumbir	ʀɨkũbir	ʁekũmbiɾ	ʀ[ɨ]kũbir	ʁ[e]kũmbi	0
recusa	ʀɨkuzɐ	ʁekuzɐ	ʀ[ɨ]kuzɐ	ʁ[e]kuzɐ	0
refazimento	ʀɨfɐzimẽtu	ʁefɐzimẽŋtʊ	ʀ[ɨ]fɐzimẽtu	ʁ[e]fɐzimẽŋt	0
refecundar	ʀɨfɨkũdar	ʁefɨkũndaɾ	ʀ[ɨ]fɨkũdar	ʁ[e]fɨkũnda	0
refender	ʀɨfẽder	ʁefẽŋdeɾ	ʀ[ɨ]fẽder	ʁ[e]fẽŋde	0
refendimento	ʀɨfẽdimẽtu	ʁefẽŋdimẽŋtʊ	ʀ[ɨ]fẽdimẽtu	ʁ[e]fẽŋdimẽ	0
refentar	ʀɨfẽtar	ʁefẽŋtaɾ	ʀ[ɨ]fẽtar	ʁ[e]fẽŋta	0
referencial	ʀɨfɨrẽsjał	ʁefɨɾẽŋsiaɫ	ʀ[ɨ]fɨrẽsjał	ʁ[e]fɨɾẽŋsia	0
referenciar	ʀɨfɨrẽsjar	ʁefɨɾẽŋsiaɾ	ʀ[ɨ]fɨrẽsjar	ʁ[e]fɨɾẽŋsia	0
referência	ʀɨfɨrẽsjɐ	ʁefɨɾẽŋsɪɐ	ʀ[ɨ]fɨrẽsjɐ	ʁ[e]fɨɾẽŋsɪ	0
referendário	ʀɨfɨrẽdarju	ʁefɨɾẽŋdaɾɪʊ	ʀ[ɨ]fɨrẽdarju	ʁ[e]fɨɾẽŋdaɾɪ	0
referendar	ʀɨfɨrẽdar	ʁefɨɾẽŋdaɾ	ʀ[ɨ]fɨrẽdar	ʁ[e]fɨɾẽŋda	0
referenda	ʀɨfɨrẽdɐ	ʁefɨɾẽŋdɐ	ʀ[ɨ]fɨrẽdɐ	ʁ[e]fɨɾẽŋd	0
referendo	ʀɨfɨrẽdu	ʁefɨɾẽŋdʊ	ʀ[ɨ]fɨrẽdu	ʁ[e]fɨɾẽŋd	0
referente	ʀɨfɨrẽtɨ	ʁefɨɾẽŋtɨ	ʀ[ɨ]fɨrẽtɨ	ʁ[e]fɨɾẽŋt	0
refinamento	ʀɨfinɐmẽtu	ʁefinɐmẽŋtʊ	ʀ[ɨ]finɐmẽtu	ʁ[e]finɐmẽŋt	0
refincar	ʀɨfĩkar	ʁefĩŋkaɾ	ʀ[ɨ]fĩkar	ʁ[e]fĩŋka	0
refluência	ʀɨflwẽsjɐ	ʁefluẽŋsɪɐ	ʀ[ɨ]flwẽsjɐ	ʁ[e]fluẽŋsɪ	0
refluente	ʀɨflwẽtɨ	ʁefluẽŋtɨ	ʀ[ɨ]flwẽtɨ	ʁ[e]fluẽŋt	0
refocilamento	ʀɨfusilɐmẽtu	ʁefusilɐmẽŋtʊ	ʀ[ɨ]fusilɐmẽtu	ʁ[e]fusilɐmẽŋt	0
refolhamento	ʀɨfuʎɐmẽtu	ʁefuʎɐmẽŋtʊ	ʀ[ɨ]fuʎɐmẽtu	ʁ[e]fuʎɐmẽŋt	0
refringência	ʀɨfrĩʒẽsjɐ	ʁefɾĩnʒẽŋsɪɐ	ʀ[ɨ]frĩʒẽsjɐ	ʁ[e]fɾĩnʒẽŋ	0
refringente	ʀɨfrĩʒẽtɨ	ʁefɾĩnʒẽŋtɨ	ʀ[ɨ]frĩʒẽtɨ	ʁ[e]fɾĩnʒẽ	0
refundar	ʀɨfũdar	ʁefũndaɾ	ʀ[ɨ]fũdar	ʁ[e]fũnda	0
refundir	ʀɨfũdir	ʁefũndiɾ	ʀ[ɨ]fũdir	ʁ[e]fũndi	0
regencial	ʀɨʒẽsjał	ʁeʒẽŋsiaɫ	ʀ[ɨ]ʒẽsjał	ʁ[e]ʒẽŋsia	0
regência	ʀɨʒẽsjɐ	ʁeʒẽŋsɪɐ	ʀ[ɨ]ʒẽsjɐ	ʁ[e]ʒẽŋsɪ	0
regente	ʀɨʒẽtɨ	ʁeʒẽŋtɨ	ʀ[ɨ]ʒẽtɨ	ʁ[e]ʒẽŋt	0
regimental	ʀɨʒimẽtał	ʁeʒimẽŋtaɫ	ʀ[ɨ]ʒimẽtał	ʁ[e]ʒimẽŋta	0
regimentar	ʀɨʒimẽtar	ʁeʒimẽŋtaɾ	ʀ[ɨ]ʒimẽtar	ʁ[e]ʒimẽŋta	0
regimento	ʀɨʒimẽtu	ʁeʒimẽŋtʊ	ʀ[ɨ]ʒimẽtu	ʁ[e]ʒimẽŋt	0
regime	ʀɨʒimɨ	ʁeʒimɨ	ʀ[ɨ]ʒimɨ	ʁ[e]ʒimɨ	0
regina	ʀɨʒinɐ	ʁeʒinɐ	ʀ[ɨ]ʒinɐ	ʁ[e]ʒinɐ	0
reginense	ʀɨʒinẽsɨ	ʁeʒinẽŋsɨ	ʀ[ɨ]ʒinẽsɨ	ʁ[e]ʒinẽŋs	0
rejuntamento	ʀɨʒũtɐmẽtu	ʁeʒũntɐmẽŋtʊ	ʀ[ɨ]ʒũtɐmẽtu	ʁ[e]ʒũntɐmẽ	0
rejuntar	ʀɨʒũtar	ʁeʒũntaɾ	ʀ[ɨ]ʒũtar	ʁ[e]ʒũnta	0
rejuntável	ʀɨʒũtavεł	ʁeʒũntavɛɫ	ʀ[ɨ]ʒũtavεł	ʁ[e]ʒũntavɛ	0
relacionamento	ʀɨlɐsjunɐmẽtu	ʁelɐsjunɐmẽŋtʊ	ʀ[ɨ]lɐsjunɐmẽtu	ʁ[e]lɐsjunɐmẽŋt	0
relapsia	ʀɨlɐpsiɐ	ʁelɐpsiɐ	ʀ[ɨ]lɐpsiɐ	ʁ[e]lɐpsiɐ	0
relativamente	ʀɨlɐtivɐmẽtɨ	ʁelɐtivɐmẽŋtɨ	ʀ[ɨ]lɐtivɐmẽtɨ	ʁ[e]lɐtivɐmẽŋt	0
relembrar	ʀɨlẽbrar	ʁelẽmbɾaɾ	ʀ[ɨ]lẽbrar	ʁ[e]lẽmbɾa	0
relembrativo	ʀɨlẽbrɐtivu	ʁelẽmbɾɐtivʊ	ʀ[ɨ]lẽbrɐtivu	ʁ[e]lẽmbɾɐtiv	0
relembrável	ʀɨlẽbravεł	ʁelẽmbɾavɛɫ	ʀ[ɨ]lẽbravεł	ʁ[e]lẽmbɾavɛ	0
relengo	ʀɨlẽgu	ʁelẽŋɡʊ	ʀ[ɨ]lẽgu	ʁ[e]lẽŋɡ	0
relentar	ʀɨlẽtar	ʁelẽŋtaɾ	ʀ[ɨ]lẽtar	ʁ[e]lẽŋta	0
relento	ʀɨlẽtu	ʁelẽŋtʊ	ʀ[ɨ]lẽtu	ʁ[e]lẽŋt	0
relevamento	ʀɨlɨvɐmẽtu	ʁelɨvɐmẽŋtʊ	ʀ[ɨ]lɨvɐmẽtu	ʁ[e]lɨvɐmẽŋt	0
relhota	ʀɨʎɔtɐ	ʁeʎɔtɐ	ʀ[ɨ]ʎɔtɐ	ʁ[e]ʎɔtɐ	0
relhote	ʀɨʎɔtɨ	ʁeʎɔtɨ	ʀ[ɨ]ʎɔtɨ	ʁ[e]ʎɔtɨ	0
relice	ʀɨlisɨ	ʁelisɨ	ʀ[ɨ]lisɨ	ʁ[e]lisɨ	0
relingar	ʀɨlĩgar	ʁelĩŋɡaɾ	ʀ[ɨ]lĩgar	ʁ[e]lĩŋɡa	0
relinga	ʀɨlĩgɐ	ʁelĩŋɡɐ	ʀ[ɨ]lĩgɐ	ʁ[e]lĩŋɡ	0
relumbrar	ʀɨlũbrar	ʁelũmbɾaɾ	ʀ[ɨ]lũbrar	ʁ[e]lũmbɾa	0
remanência	ʀɨmɐnẽsjɐ	ʁemɐnẽŋsɪɐ	ʀ[ɨ]mɐnẽsjɐ	ʁ[e]mɐnẽŋsɪ	0
remanente	ʀɨmɐnẽtɨ	ʁemɐnẽŋtɨ	ʀ[ɨ]mɐnẽtɨ	ʁ[e]mɐnẽŋt	0
remasse	ʀɨmasɨ	ʁemasɨ	ʀ[ɨ]masɨ	ʁ[e]masɨ	0
remate	ʀɨmatɨ	ʁematɨ	ʀ[ɨ]matɨ	ʁ[e]matɨ	0
remelento	ʀɨmɨlẽtu	ʁemɨlẽŋtʊ	ʀ[ɨ]mɨlẽtu	ʁ[e]mɨlẽŋt	0
remembrar	ʀɨmẽbrar	ʁemẽmbɾaɾ	ʀ[ɨ]mẽbrar	ʁ[e]mẽmbɾa	0
remendar	ʀɨmẽdar	ʁemẽŋdaɾ	ʀ[ɨ]mẽdar	ʁ[e]mẽŋda	0
remendeiro	ʀɨmẽdɐjru	ʁemẽŋdeɪɾʊ	ʀ[ɨ]mẽdɐjru	ʁ[e]mẽŋdeɪɾ	0
remendo	ʀɨmẽdu	ʁemẽŋdʊ	ʀ[ɨ]mẽdu	ʁ[e]mẽŋd	0
remense	ʀɨmẽsɨ	ʁemẽŋsɨ	ʀ[ɨ]mẽsɨ	ʁ[e]mẽŋs	0
remetente	ʀɨmɨtẽtɨ	ʁemɨtẽŋtɨ	ʀ[ɨ]mɨtẽtɨ	ʁ[e]mɨtẽŋt	0
remetimento	ʀɨmɨtimẽtu	ʁemɨtimẽŋtʊ	ʀ[ɨ]mɨtimẽtu	ʁ[e]mɨtimẽŋt	0
remissa	ʀɨmisɐ	ʁemisɐ	ʀ[ɨ]misɐ	ʁ[e]misɐ	0
remitência	ʀɨmitẽsjɐ	ʁemitẽŋsɪɐ	ʀ[ɨ]mitẽsjɐ	ʁ[e]mitẽŋsɪ	0
remitente	ʀɨmitẽtɨ	ʁemitẽŋtɨ	ʀ[ɨ]mitẽtɨ	ʁ[e]mitẽŋt	0
remondar	ʀɨmõdar	ʁemõndaɾ	ʀ[ɨ]mõdar	ʁ[e]mõnda	0
remontado	ʀɨmõtadu	ʁemõntaðʊ	ʀ[ɨ]mõtadu	ʁ[e]mõntað	0
remontar	ʀɨmõtar	ʁemõntaɾ	ʀ[ɨ]mõtar	ʁ[e]mõnta	0
remonta	ʀɨmõtɐ	ʁemõntɐ	ʀ[ɨ]mõtɐ	ʁ[e]mõnt	0
remonte	ʀɨmõtɨ	ʁemõntɨ	ʀ[ɨ]mõtɨ	ʁ[e]mõnt	0
remoque	ʀɨmɔkɨ	ʁemɔkɨ	ʀ[ɨ]mɔkɨ	ʁ[e]mɔkɨ	0
removimento	ʀɨmuvimẽtu	ʁemuvimẽŋtʊ	ʀ[ɨ]muvimẽtu	ʁ[e]muvimẽŋt	0
renete	ʀɨnetɨ	ʁenetɨ	ʀ[ɨ]netɨ	ʁ[e]netɨ	0
renhimento	ʀɨɲimẽtu	ʁeɲimẽŋtʊ	ʀ[ɨ]ɲimẽtu	ʁ[e]ɲimẽŋt	0
renidente	ʀɨnidẽtɨ	ʁeniðẽŋtɨ	ʀ[ɨ]nidẽtɨ	ʁ[e]niðẽŋt	0
renina	ʀɨninɐ	ʁeninɐ	ʀ[ɨ]ninɐ	ʁ[e]ninɐ	0
renitência	ʀɨnitẽsjɐ	ʁenitẽŋsɪɐ	ʀ[ɨ]nitẽsjɐ	ʁ[e]nitẽŋsɪ	0
renitente	ʀɨnitẽtɨ	ʁenitẽŋtɨ	ʀ[ɨ]nitẽtɨ	ʁ[e]nitẽŋt	0
renome	ʀɨnomɨ	ʁenomɨ	ʀ[ɨ]nomɨ	ʁ[e]nomɨ	0
renovamento	ʀɨnuvɐmẽtu	ʁenuvɐmẽŋtʊ	ʀ[ɨ]nuvɐmẽtu	ʁ[e]nuvɐmẽŋt	0
renova	ʀɨnɔvɐ	ʁenɔvɐ	ʀ[ɨ]nɔvɐ	ʁ[e]nɔvɐ	0
renuente	ʀɨnwẽtɨ	ʁenuẽŋtɨ	ʀ[ɨ]nwẽtɨ	ʁ[e]nuẽŋt	0
renunciador	ʀɨnũsjɐdor	ʁenũnsiɐðoɾ	ʀ[ɨ]nũsjɐdor	ʁ[e]nũnsiɐðo	0
renunciado	ʀɨnũsjadu	ʁenũnsiaðʊ	ʀ[ɨ]nũsjadu	ʁ[e]nũnsiað	0
renunciar	ʀɨnũsjar	ʁenũnsiaɾ	ʀ[ɨ]nũsjar	ʁ[e]nũnsia	0
renúncia	ʀɨnũsjɐ	ʁenũnsɪɐ	ʀ[ɨ]nũsjɐ	ʁ[e]nũnsɪ	0
renunciatório	ʀɨnũsjɐtɔrju	ʁenũnsiɐtɔɾɪʊ	ʀ[ɨ]nũsjɐtɔrju	ʁ[e]nũnsiɐtɔɾɪ	0
renunciável	ʀɨnũsjavεł	ʁenũnsiavɛɫ	ʀ[ɨ]nũsjavεł	ʁ[e]nũnsiavɛ	0
repasse	ʀɨpasɨ	ʁepasɨ	ʀ[ɨ]pasɨ	ʁ[e]pasɨ	0
repavimentar	ʀɨpɐvimẽtar	ʁepɐvimẽŋtaɾ	ʀ[ɨ]pɐvimẽtar	ʁ[e]pɐvimẽŋta	0
repelência	ʀɨpɨlẽsjɐ	ʁepɨlẽŋsɪɐ	ʀ[ɨ]pɨlẽsjɐ	ʁ[e]pɨlẽŋsɪ	0
repelente	ʀɨpɨlẽtɨ	ʁepɨlẽŋtɨ	ʀ[ɨ]pɨlẽtɨ	ʁ[e]pɨlẽŋt	0
repenique	ʀɨpɨnikɨ	ʁepɨnikɨ	ʀ[ɨ]pɨnikɨ	ʁ[e]pɨnikɨ	0
repensar	ʀɨpẽsar	ʁepẽŋsaɾ	ʀ[ɨ]pẽsar	ʁ[e]pẽŋsa	0
repentemente	ʀɨpẽtɨmẽtɨ	ʁepẽŋtɨmẽŋtɨ	ʀ[ɨ]pẽtɨmẽtɨ	ʁ[e]pẽŋtɨmẽ	0
repente	ʀɨpẽtɨ	ʁepẽŋtɨ	ʀ[ɨ]pẽtɨ	ʁ[e]pẽŋt	0
repentinamente	ʀɨpẽtinɐmẽtɨ	ʁepẽŋtinɐmẽŋtɨ	ʀ[ɨ]pẽtinɐmẽtɨ	ʁ[e]pẽŋtinɐmẽ	0
repentinar	ʀɨpẽtinar	ʁepẽŋtinaɾ	ʀ[ɨ]pẽtinar	ʁ[e]pẽŋtina	0
repentino	ʀɨpẽtinu	ʁepẽŋtinʊ	ʀ[ɨ]pẽtinu	ʁ[e]pẽŋtin	0
reperguntar	ʀɨpɨrgũtar	ʁepɨɾɡũntaɾ	ʀ[ɨ]pɨrgũtar	ʁ[e]pɨɾɡũnta	0
repergunta	ʀɨpɨrgũtɐ	ʁepɨɾɡũntɐ	ʀ[ɨ]pɨrgũtɐ	ʁ[e]pɨɾɡũnt	0
repetência	ʀɨpɨtẽsjɐ	ʁepɨtẽŋsɪɐ	ʀ[ɨ]pɨtẽsjɐ	ʁ[e]pɨtẽŋsɪ	0
repetente	ʀɨpɨtẽtɨ	ʁepɨtẽŋtɨ	ʀ[ɨ]pɨtẽtɨ	ʁ[e]pɨtẽŋt	0
repica-ponto	ʀɨpikɐpõtu	ʁepikɐpõntʊ	ʀ[ɨ]pikɐpõtu	ʁ[e]pikɐpõnt	0
repiento	ʀɨpjẽtu	ʁepiẽŋtʊ	ʀ[ɨ]pjẽtu	ʁ[e]piẽŋt	0
repimpado	ʀɨpĩpadu	ʁepĩmpaðʊ	ʀ[ɨ]pĩpadu	ʁ[e]pĩmpað	0
repimpar	ʀɨpĩpar	ʁepĩmpaɾ	ʀ[ɨ]pĩpar	ʁ[e]pĩmpa	0
repimpim	ʀɨpĩpĩ	ʁepĩmpĩŋ	ʀ[ɨ]pĩpĩ	ʁ[e]pĩmp	0
repintar	ʀɨpĩtar	ʁepĩntaɾ	ʀ[ɨ]pĩtar	ʁ[e]pĩnta	0
repique	ʀɨpikɨ	ʁepikɨ	ʀ[ɨ]pikɨ	ʁ[e]pikɨ	0
repisa	ʀɨpizɐ	ʁepizɐ	ʀ[ɨ]pizɐ	ʁ[e]pizɐ	0
repôncio	ʀɨpõsju	ʁepõnsɪʊ	ʀ[ɨ]põsju	ʁ[e]põnsɪ	0
repontar	ʀɨpõtar	ʁepõntaɾ	ʀ[ɨ]põtar	ʁ[e]põnta	0
reponta	ʀɨpõtɐ	ʁepõntɐ	ʀ[ɨ]põtɐ	ʁ[e]põnt	0
repontice	ʀɨpõtisɨ	ʁepõntisɨ	ʀ[ɨ]põtisɨ	ʁ[e]põntis	0
repreender	ʀɨprjẽder	ʁepɾiẽŋdeɾ	ʀ[ɨ]prjẽder	ʁ[e]pɾiẽŋde	0
repreensivamente	ʀɨprjẽsivɐmẽtɨ	ʁepɾiẽŋsivɐmẽŋtɨ	ʀ[ɨ]prjẽsivɐmẽtɨ	ʁ[e]pɾiẽŋsivɐmẽ	0
repreensivelmente	ʀɨprjẽsivεłmẽtɨ	ʁepɾiẽŋsivɛɫmẽŋtɨ	ʀ[ɨ]prjẽsivεłmẽtɨ	ʁ[e]pɾiẽŋsivɛɫmẽ	0
repreensível	ʀɨprjẽsivεł	ʁepɾiẽŋsivɛɫ	ʀ[ɨ]prjẽsivεł	ʁ[e]pɾiẽŋsivɛ	0
repreensivo	ʀɨprjẽsivu	ʁepɾiẽŋsivʊ	ʀ[ɨ]prjẽsivu	ʁ[e]pɾiẽŋsiv	0
repreensor	ʀɨprjẽsor	ʁepɾiẽŋsoɾ	ʀ[ɨ]prjẽsor	ʁ[e]pɾiẽŋso	0
reprender	ʀɨprẽder	ʁepɾẽŋdeɾ	ʀ[ɨ]prẽder	ʁ[e]pɾẽŋde	0
reprincipiar	ʀɨprĩsipjar	ʁepɾĩnsipiaɾ	ʀ[ɨ]prĩsipjar	ʁ[e]pɾĩnsipia	0
repungir	ʀɨpũʒir	ʁepũnʒiɾ	ʀ[ɨ]pũʒir	ʁ[e]pũnʒi	0
requentado	ʀɨkẽtadu	ʁekẽŋtaðʊ	ʀ[ɨ]kẽtadu	ʁ[e]kẽŋtað	0
requentar	ʀɨkẽtar	ʁekẽŋtaɾ	ʀ[ɨ]kẽtar	ʁ[e]kẽŋta	0
requerente	ʀɨkɨrẽtɨ	ʁekɨɾẽŋtɨ	ʀ[ɨ]kɨrẽtɨ	ʁ[e]kɨɾẽŋt	0
requife	ʀɨkifɨ	ʁekifɨ	ʀ[ɨ]kifɨ	ʁ[e]kifɨ	0
resentadura	ʀɨzẽtɐdurɐ	ʁezẽŋtɐðuɾɐ	ʀ[ɨ]zẽtɐdurɐ	ʁ[e]zẽŋtɐðuɾ	0
residência	ʀɨzidẽsjɐ	ʁeziðẽŋsɪɐ	ʀ[ɨ]zidẽsjɐ	ʁ[e]ziðẽŋsɪ	0
residente	ʀɨzidẽtɨ	ʁeziðẽŋtɨ	ʀ[ɨ]zidẽtɨ	ʁ[e]ziðẽŋt	0
resiliência	ʀɨziljẽsjɐ	ʁeziljẽŋsɪɐ	ʀ[ɨ]ziljẽsjɐ	ʁ[e]ziljẽŋsɪ	0
resiliente	ʀɨziljẽtɨ	ʁeziliẽŋtɨ	ʀ[ɨ]ziljẽtɨ	ʁ[e]ziliẽŋt	0
resina-de-jalapa	ʀɨzinɐdɨʒɐlapɐ	ʁezinɐdɨʒɐlapɐ	ʀ[ɨ]zinɐdɨʒɐlapɐ	ʁ[e]zinɐdɨʒɐlapɐ	0
resina	ʀɨzinɐ	ʁezinɐ	ʀ[ɨ]zinɐ	ʁ[e]zinɐ	0
resinento	ʀɨzinẽtu	ʁezinẽŋtʊ	ʀ[ɨ]zinẽtu	ʁ[e]zinẽŋt	0
reslumbrar	ʀɨʒlũbrar	ʁeʒlũmbɾaɾ	ʀ[ɨ]ʒlũbrar	ʁ[e]ʒlũmbɾa	0
resolutamente	ʀɨzulutɐmẽtɨ	ʁezulutɐmẽŋtɨ	ʀ[ɨ]zulutɐmẽtɨ	ʁ[e]zulutɐmẽŋt	0
resvalamento	ʀɨʒvɐlɐmẽtu	ʁeʒvɐlɐmẽŋtʊ	ʀ[ɨ]ʒvɐlɐmẽtu	ʁ[e]ʒvɐlɐmẽŋt	0
retalhamento	ʀɨtɐʎɐmẽtu	ʁetɐʎɐmẽŋtʊ	ʀ[ɨ]tɐʎɐmẽtu	ʁ[e]tɐʎɐmẽŋt	0
retemperar	ʀɨtẽpɨrar	ʁetẽmpɨɾaɾ	ʀ[ɨ]tẽpɨrar	ʁ[e]tẽmpɨɾa	0
retêmpera	ʀɨtẽpɨrɐ	ʁetẽmpɨɾɐ	ʀ[ɨ]tẽpɨrɐ	ʁ[e]tẽmpɨɾ	0
retempo	ʀɨtẽpu	ʁetẽmpʊ	ʀ[ɨ]tẽpu	ʁ[e]tẽmp	0
retentiva	ʀɨtẽtivɐ	ʁetẽŋtivɐ	ʀ[ɨ]tẽtivɐ	ʁ[e]tẽŋtiv	0
retentivo	ʀɨtẽtivu	ʁetẽŋtivʊ	ʀ[ɨ]tẽtivu	ʁ[e]tẽŋtiv	0
retentor	ʀɨtẽtor	ʁetẽŋtoɾ	ʀ[ɨ]tẽtor	ʁ[e]tẽŋto	0
retesamento	ʀɨtɨzɐmẽtu	ʁetɨzɐmẽŋtʊ	ʀ[ɨ]tɨzɐmẽtu	ʁ[e]tɨzɐmẽŋt	0
retesia	ʀɨtɨziɐ	ʁetɨziɐ	ʀ[ɨ]tɨziɐ	ʁ[e]tɨziɐ	0
reticenciar	ʀɨtisẽsjar	ʁetisẽŋsiaɾ	ʀ[ɨ]tisẽsjar	ʁ[e]tisẽŋsia	0
reticência	ʀɨtisẽsjɐ	ʁetisẽŋsɪɐ	ʀ[ɨ]tisẽsjɐ	ʁ[e]tisẽŋsɪ	0
reticencioso	ʀɨtisẽsjozu	ʁetisẽŋsiozʊ	ʀ[ɨ]tisẽsjozu	ʁ[e]tisẽŋsioz	0
reticente	ʀɨtisẽtɨ	ʁetisẽŋtɨ	ʀ[ɨ]tisẽtɨ	ʁ[e]tisẽŋt	0
retícula	ʀɨtikulɐ	ʁetikulɐ	ʀ[ɨ]tikulɐ	ʁ[e]tikulɐ	0
reticulina	ʀɨtikulinɐ	ʁetikulinɐ	ʀ[ɨ]tikulinɐ	ʁ[e]tikulinɐ	0
reticuloendotelial	ʀɨtikulɔẽdɔtɨljał	ʁetikuluẽŋduteliaɫ	ʀ[ɨ]tikulɔẽdɔtɨljał	ʁ[e]tikuluẽŋdutelia	0
retinência	ʀɨtinẽsjɐ	ʁetinẽŋsɪɐ	ʀ[ɨ]tinẽsjɐ	ʁ[e]tinẽŋsɪ	0
retinente	ʀɨtinẽtɨ	ʁetinẽŋtɨ	ʀ[ɨ]tinẽtɨ	ʁ[e]tinẽŋt	0
retingir	ʀɨtĩʒir	ʁetĩnʒiɾ	ʀ[ɨ]tĩʒir	ʁ[e]tĩnʒi	0
retinite	ʀɨtinitɨ	ʁetinitɨ	ʀ[ɨ]tinitɨ	ʁ[e]tinitɨ	0
retintim	ʀɨtĩtĩ	ʁetĩntĩŋ	ʀ[ɨ]tĩtĩ	ʁ[e]tĩnt	0
retintório	ʀɨtĩtɔrju	ʁetĩntɔɾɪʊ	ʀ[ɨ]tĩtɔrju	ʁ[e]tĩntɔɾɪ	0
retinto	ʀɨtĩtu	ʁetĩntʊ	ʀ[ɨ]tĩtu	ʁ[e]tĩnt	0
retoque	ʀɨtɔkɨ	ʁetɔkɨ	ʀ[ɨ]tɔkɨ	ʁ[e]tɔkɨ	0
retrincado	ʀɨtrĩkadu	ʁetɾĩŋkaðʊ	ʀ[ɨ]trĩkadu	ʁ[e]tɾĩŋkað	0
retrincar	ʀɨtrĩkar	ʁetɾĩŋkaɾ	ʀ[ɨ]trĩkar	ʁ[e]tɾĩŋka	0
retumbar	ʀɨtũbar	ʁetũmbaɾ	ʀ[ɨ]tũbar	ʁ[e]tũmba	0
retumbo	ʀɨtũbu	ʁetũmbʊ	ʀ[ɨ]tũbu	ʁ[e]tũmb	0
retundir	ʀɨtũdir	ʁetũndiɾ	ʀ[ɨ]tũdir	ʁ[e]tũndi	0
revalenta	ʀɨvɐlẽtɐ	ʁevɐlẽŋtɐ	ʀ[ɨ]vɐlẽtɐ	ʁ[e]vɐlẽŋt	0
revenda	ʀɨvẽdɐ	ʁevẽŋdɐ	ʀ[ɨ]vẽdɐ	ʁ[e]vẽŋd	0
revender	ʀɨvẽder	ʁevẽŋdeɾ	ʀ[ɨ]vẽder	ʁ[e]vẽŋde	0
revendível	ʀɨvẽdivεł	ʁevẽŋdivɛɫ	ʀ[ɨ]vẽdivεł	ʁ[e]vẽŋdivɛ	0
reverenciador	ʀɨvɨrẽsjɐdor	ʁevɨɾẽŋsiɐðoɾ	ʀ[ɨ]vɨrẽsjɐdor	ʁ[e]vɨɾẽŋsiɐðo	0
reverencial	ʀɨvɨrẽsjał	ʁevɨɾẽŋsiaɫ	ʀ[ɨ]vɨrẽsjał	ʁ[e]vɨɾẽŋsia	0
reverenciar	ʀɨvɨrẽsjar	ʁevɨɾẽŋsiaɾ	ʀ[ɨ]vɨrẽsjar	ʁ[e]vɨɾẽŋsia	0
reverência	ʀɨvɨrẽsjɐ	ʁevɨɾẽŋsɪɐ	ʀ[ɨ]vɨrẽsjɐ	ʁ[e]vɨɾẽŋsɪ	0
reverencioso	ʀɨvɨrẽsjozu	ʁevɨɾẽŋsiozʊ	ʀ[ɨ]vɨrẽsjozu	ʁ[e]vɨɾẽŋsioz	0
reverendaço	ʀɨvɨrẽdasu	ʁevɨɾẽŋdasʊ	ʀ[ɨ]vɨrẽdasu	ʁ[e]vɨɾẽŋdas	0
reverendo	ʀɨvɨrẽdu	ʁevɨɾẽŋdʊ	ʀ[ɨ]vɨrẽdu	ʁ[e]vɨɾẽŋd	0
reverente	ʀɨvɨrẽtɨ	ʁevɨɾẽŋtɨ	ʀ[ɨ]vɨrẽtɨ	ʁ[e]vɨɾẽŋt	0
revezamento	ʀɨvɨzɐmẽtu	ʁevɨzɐmẽŋtʊ	ʀ[ɨ]vɨzɐmẽtu	ʁ[e]vɨzɐmẽŋt	0
revienga	ʀɨvjẽgɐ	ʁeviẽŋɡɐ	ʀ[ɨ]vjẽgɐ	ʁ[e]viẽŋɡ	0
revimento	ʀɨvimẽtu	ʁevimẽŋtʊ	ʀ[ɨ]vimẽtu	ʁ[e]vimẽŋt	0
revinda	ʀɨvĩdɐ	ʁevĩndɐ	ʀ[ɨ]vĩdɐ	ʁ[e]vĩnd	0
revindita	ʀɨvĩditɐ	ʁevĩnditɐ	ʀ[ɨ]vĩditɐ	ʁ[e]vĩndit	0
revingar	ʀɨvĩgar	ʁevĩŋɡaɾ	ʀ[ɨ]vĩgar	ʁ[e]vĩŋɡa	0
revivência	ʀɨvivẽsjɐ	ʁevivẽŋsɪɐ	ʀ[ɨ]vivẽsjɐ	ʁ[e]vivẽŋsɪ	0
revivente	ʀɨvivẽtɨ	ʁevivẽŋtɨ	ʀ[ɨ]vivẽtɨ	ʁ[e]vivẽŋt	0
revolucionamento	ʀɨvulusjunɐmẽtu	ʁevulusjunɐmẽŋtʊ	ʀ[ɨ]vulusjunɐmẽtu	ʁ[e]vulusjunɐmẽŋt	0
rezental	ʀɨzẽtał	ʁezẽŋtaɫ	ʀ[ɨ]zẽtał	ʁ[e]zẽŋta	0
rezento	ʀɨzẽtu	ʁezẽŋtʊ	ʀ[ɨ]zẽtu	ʁ[e]zẽŋt	0
rezina	ʀɨzinɐ	ʁezinɐ	ʀ[ɨ]zinɐ	ʁ[e]zinɐ	0
rezingar	ʀɨzĩgar	ʁezĩŋɡaɾ	ʀ[ɨ]zĩgar	ʁ[e]zĩŋɡa	0
rezinga	ʀɨzĩgɐ	ʁezĩŋɡɐ	ʀ[ɨ]zĩgɐ	ʁ[e]zĩŋɡ	0
rezingueiro	ʀɨzĩgɐjru	ʁezĩŋɡweɪɾʊ	ʀ[ɨ]zĩgɐjru	ʁ[e]zĩŋɡweɪ	0
secundariamente	sɨkũdarjɐmẽtɨ	sekũndaɾiɐmẽŋtɨ	s[ɨ]kũdarjɐmẽtɨ	s[e]kũndaɾiɐmẽ	0
secundário	sɨkũdarju	sekũndaɾɪʊ	s[ɨ]kũdarju	s[e]kũndaɾɪ	0
secundarizar	sɨkũdɐrizar	sekũndɐɾizaɾ	s[ɨ]kũdɐrizar	s[e]kũndɐɾiza	0
secundar	sɨkũdar	sekũndaɾ	s[ɨ]kũdar	s[e]kũnda	0
secundeira	sɨkũdɐjrɐ	sekũndeɪɾɐ	s[ɨ]kũdɐjrɐ	s[e]kũndeɪɾ	0
secundíparo	sɨkũdipɐru	sekũndipɐɾʊ	s[ɨ]kũdipɐru	s[e]kũndipɐɾ	0
secundogênito	sɨkũdɔʒenitu	sekũnduʒenitʊ	s[ɨ]kũdɔʒenitu	s[e]kũnduʒenit	0
secundogénito	sɨkũdɔʒεnitu	sekũnduʒɛnitʊ	s[ɨ]kũdɔʒεnitu	s[e]kũnduʒɛnit	0
sefia	sɨfiɐ	sefiɐ	s[ɨ]fiɐ	s[e]fiɐ	0
segisamonense	sɨʒizɐmunẽsɨ	seʒizɐmunẽŋsɨ	s[ɨ]ʒizɐmunẽsɨ	s[e]ʒizɐmunẽŋs	0
selenita	sɨlɨnitɐ	selɨnitɐ	s[ɨ]lɨnitɐ	s[e]lɨnitɐ	0
selenite	sɨlɨnitɨ	selɨnitɨ	s[ɨ]lɨnitɨ	s[e]lɨnitɨ	0
selenose	sɨlɨnɔzɨ	selɨnɔzɨ	s[ɨ]lɨnɔzɨ	s[e]lɨnɔzɨ	0
selote	sɨlɔtɨ	selɔtɨ	s[ɨ]lɔtɨ	s[e]lɔtɨ	0
sematologia	sɨmɐtuluʒiɐ	semɐtuluʒiɐ	s[ɨ]mɐtuluʒiɐ	s[e]mɐtuluʒiɐ	0
semema	sɨmemɐ	sememɐ	s[ɨ]memɐ	s[e]memɐ	0
semental	sɨmẽtał	semẽŋtaɫ	s[ɨ]mẽtał	s[e]mẽŋta	0
sementar	sɨmẽtar	semẽŋtaɾ	s[ɨ]mẽtar	s[e]mẽŋta	0
sementeira	sɨmẽtɐjrɐ	semẽŋteɪɾɐ	s[ɨ]mẽtɐjrɐ	s[e]mẽŋteɪɾ	0
sementeiro	sɨmẽtɐjru	semẽŋteɪɾʊ	s[ɨ]mẽtɐjru	s[e]mẽŋteɪɾ	0
semente	sɨmẽtɨ	semẽŋtɨ	s[ɨ]mẽtɨ	s[e]mẽŋt	0
sementio	sɨmẽtiu	semẽŋtiʊ	s[ɨ]mẽtiu	s[e]mẽŋti	0
semilha	sɨmiʎɐ	semiʎɐ	s[ɨ]miʎɐ	s[e]miʎɐ	0
semimi	sɨmimi	semimi	s[ɨ]mimi	s[e]mimi	0
semínima	sɨminimɐ	seminimɐ	s[ɨ]minimɐ	s[e]minimɐ	0
seminó	sɨminɔ	seminɔ	s[ɨ]minɔ	s[e]minɔ	0
semínula	sɨminulɐ	seminulɐ	s[ɨ]minulɐ	s[e]minulɐ	0
seminu	sɨminu	seminu	s[ɨ]minu	s[e]minu	0
semissom	sɨmisõ	semisõm	s[ɨ]misõ	s[e]misõ	0
semitom	sɨmitõ	semitõm	s[ɨ]mitõ	s[e]mitõ	0
semolina	sɨmulinɐ	semulinɐ	s[ɨ]mulinɐ	s[e]mulinɐ	0
semovente	sɨmuvẽtɨ	semuvẽŋtɨ	s[ɨ]muvẽtɨ	s[e]muvẽŋt	0
senense	sɨnẽsɨ	senẽŋsɨ	s[ɨ]nẽsɨ	s[e]nẽŋs	0
senologia	sɨnuluʒiɐ	senuluʒiɐ	s[ɨ]nuluʒiɐ	s[e]nuluʒiɐ	0
sepícola	sɨpikulɐ	sepikulɐ	s[ɨ]pikulɐ	s[e]pikulɐ	0
sequencial	sɨkwẽsjał	sekwẽŋsiaɫ	s[ɨ]kwẽsjał	s[e]kwẽŋsia	0
seqüencial	sɨkwẽsjał	sekwẽŋsiaɫ	s[ɨ]kwẽsjał	s[e]kwẽŋsia	0
sequenciar	sɨkwẽsjar	sekwẽŋsiaɾ	s[ɨ]kwẽsjar	s[e]kwẽŋsia	0
seqüenciar	sɨkwẽsjar	sekwẽŋsiaɾ	s[ɨ]kwẽsjar	s[e]kwẽŋsia	0
sequência	sɨkwẽsjɐ	sekwẽŋsɪɐ	s[ɨ]kwẽsjɐ	s[e]kwẽŋsɪ	0
seqüência	sɨkwẽsjɐ	sekwẽŋsɪɐ	s[ɨ]kwẽsjɐ	s[e]kwẽŋsɪ	0
sequente	sɨkwẽtɨ	sekwẽŋtɨ	s[ɨ]kwẽtɨ	s[e]kwẽŋt	0
seqüente	sɨkwẽtɨ	sekwẽŋtɨ	s[ɨ]kwẽtɨ	s[e]kwẽŋt	0
sesimbrense	sɨzĩbrẽsɨ	sezĩmbɾẽŋsɨ	s[ɨ]zĩbrẽsɨ	s[e]zĩmbɾẽ	0
sessamento	sɨsɐmẽtu	sesɐmẽŋtʊ	s[ɨ]sɐmẽtu	s[e]sɐmẽŋt	0
setembrino	sɨtẽbrinu	setẽmbɾinʊ	s[ɨ]tẽbrinu	s[e]tẽmbɾin	0
setembrismo	sɨtẽbriʒmu	setẽmbɾiʒmʊ	s[ɨ]tẽbriʒmu	s[e]tẽmbɾiʒm	0
setembro	sɨtẽbru	setẽmbɾʊ	s[ɨ]tẽbru	s[e]tẽmbɾ	0
setembro	sɨtẽbru	setẽmbɾʊ	s[ɨ]tẽbru	s[e]tẽmbɾ	0
setentrional	sɨtẽtrjunał	setẽŋtɾjunaɫ	s[ɨ]tẽtrjunał	s[e]tẽŋtɾjuna	0
setia	sɨtiɐ	setiɐ	s[ɨ]tiɐ	s[e]tiɐ	0
severense	sɨvɨrẽsɨ	sevɨɾẽŋsɨ	s[ɨ]vɨrẽsɨ	s[e]vɨɾẽŋs	0
sezonologia	sɨzunuluʒiɐ	sezunuluʒiɐ	s[ɨ]zunuluʒiɐ	s[e]zunuluʒiɐ	0
telefonema	tɨlɨfunemɐ	telɨfunemɐ	t[ɨ]lɨfunemɐ	t[e]lɨfunemɐ	0
telefonia	tɨlɨfuniɐ	telɨfuniɐ	t[ɨ]lɨfuniɐ	t[e]lɨfuniɐ	0
telefonicamente	tɨlɨfɔnikɐmẽtɨ	telɨfɔnikɐmẽŋtɨ	t[ɨ]lɨfɔnikɐmẽtɨ	t[e]lɨfɔnikɐmẽŋt	0
telepata	tɨlɨpatɐ	telɨpatɐ	t[ɨ]lɨpatɐ	t[e]lɨpatɐ	0
telepatia	tɨlɨpɐtiɐ	telɨpɐtiɐ	t[ɨ]lɨpɐtiɐ	t[e]lɨpɐtiɐ	0
televisamento	tɨlɨvizɐmẽtu	telɨvizɐmẽŋtʊ	t[ɨ]lɨvizɐmẽtu	t[e]lɨvizɐmẽŋt	0
televisionamento	tɨlɨvizjunɐmẽtu	telɨvizjunɐmẽŋtʊ	t[ɨ]lɨvizjunɐmẽtu	t[e]lɨvizjunɐmẽŋt	0
telhice	tɨʎisɨ	teʎisɨ	t[ɨ]ʎisɨ	t[e]ʎisɨ	0
telilha	tɨliʎɐ	teliʎɐ	t[ɨ]liʎɐ	t[e]liʎɐ	0
telintar	tɨlĩtar	telĩntaɾ	t[ɨ]lĩtar	t[e]lĩnta	0
telite	tɨlitɨ	telitɨ	t[ɨ]litɨ	t[e]litɨ	0
telófase	tɨlɔfɐzɨ	telɔfɐzɨ	t[ɨ]lɔfɐzɨ	t[e]lɔfɐzɨ	0
telonense	tɨlunẽsɨ	telunẽŋsɨ	t[ɨ]lunẽsɨ	t[e]lunẽŋs	0
temática	tɨmatikɐ	tematikɐ	t[ɨ]matikɐ	t[e]matikɐ	0
tematologia	tɨmɐtuluʒiɐ	temɐtuluʒiɐ	t[ɨ]mɐtuluʒiɐ	t[e]mɐtuluʒiɐ	0
temulência	tɨmulẽsjɐ	temulẽŋsɪɐ	t[ɨ]mulẽsjɐ	t[e]mulẽŋsɪ	0
temulento	tɨmulẽtu	temulẽŋtʊ	t[ɨ]mulẽtu	t[e]mulẽŋt	0
tenalha	tɨnaʎɐ	tenaʎɐ	t[ɨ]naʎɐ	t[e]naʎɐ	0
tenência	tɨnẽsjɐ	tenẽŋsɪɐ	t[ɨ]nẽsjɐ	t[e]nẽŋsɪ	0
tenente	tɨnẽtɨ	tenẽŋtɨ	t[ɨ]nẽtɨ	t[e]nẽŋt	0
teníase	tɨniɐzɨ	teniɐzɨ	t[ɨ]niɐzɨ	t[e]niɐzɨ	0
tenontalgia	tɨnõtałʒiɐ	tenõntaɫʒiɐ	t[ɨ]nõtałʒiɐ	t[e]nõntaɫʒi	0
tequila	tɨkilɐ	tekilɐ	t[ɨ]kilɐ	t[e]kilɐ	0
tequilha	tɨkiʎɐ	tekiʎɐ	t[ɨ]kiʎɐ	t[e]kiʎɐ	0
tesbita	tɨʒbitɐ	teʒbitɐ	t[ɨ]ʒbitɐ	t[e]ʒbitɐ	0
tesmóteta	tɨʒmɔtɨtɐ	teʒmɔtɨtɐ	t[ɨ]ʒmɔtɨtɐ	t[e]ʒmɔtɨtɐ	0
tessalonicense	tɨsɐlunisẽsɨ	tesɐlunisẽŋsɨ	t[ɨ]sɐlunisẽsɨ	t[e]sɐlunisẽŋs	0
tetania	tɨtɐniɐ	tetɐniɐ	t[ɨ]tɐniɐ	t[e]tɐniɐ	0
tetense	tɨtẽsɨ	tetẽŋsɨ	t[ɨ]tẽsɨ	t[e]tẽŋs	0
tetina	tɨtinɐ	tetinɐ	t[ɨ]tinɐ	t[e]tinɐ	0
treliça	trɨlisɐ	tɾelisɐ	tr[ɨ]lisɐ	tɾ[e]lisɐ	0
tremebundo	trɨmɨbũdu	tɾemɨβũndʊ	tr[ɨ]mɨbũdu	tɾ[e]mɨβũnd	0
tremelica	trɨmɨlikɐ	tɾemɨlikɐ	tr[ɨ]mɨlikɐ	tɾ[e]mɨlikɐ	0
tremeliquento	trɨmɨlikẽtu	tɾemɨlikẽŋtʊ	tr[ɨ]mɨlikẽtu	tɾ[e]mɨlikẽŋt	0
tremelique	trɨmɨlikɨ	tɾemɨlikɨ	tr[ɨ]mɨlikɨ	tɾ[e]mɨlikɨ	0
tremeluzente	trɨmɨluzẽtɨ	tɾemɨluzẽŋtɨ	tr[ɨ]mɨluzẽtɨ	tɾ[e]mɨluzẽŋt	0
tremendamente	trɨmẽdɐmẽtɨ	tɾemẽŋdɐmẽŋtɨ	tr[ɨ]mẽdɐmẽtɨ	tɾ[e]mẽŋdɐmẽ	0
tremenda	trɨmẽdɐ	tɾemẽŋdɐ	tr[ɨ]mẽdɐ	tɾ[e]mẽŋd	0
tremendo	trɨmẽdu	tɾemẽŋdʊ	tr[ɨ]mẽdu	tɾ[e]mẽŋd	0
tremente	trɨmẽtɨ	tɾemẽŋtɨ	tr[ɨ]mẽtɨ	tɾ[e]mẽŋt	0
tremifusa	trɨmifuzɐ	tɾemifuzɐ	tr[ɨ]mifuzɐ	tɾ[e]mifuzɐ	0
tremilongo	trɨmilõgu	tɾemilõŋɡʊ	tr[ɨ]milõgu	tɾ[e]milõŋɡ	0
tremolita	trɨmulitɐ	tɾemulitɐ	tr[ɨ]mulitɐ	tɾ[e]mulitɐ	0
tremolite	trɨmulitɨ	tɾemulitɨ	tr[ɨ]mulitɨ	tɾ[e]mulitɨ	0
tremontelo	trɨmõtelu	tɾemõntɛlʊ	tr[ɨ]mõtelu	tɾ[e]mõntɛl	0
tremulina	trɨmulinɐ	tɾemulinɐ	tr[ɨ]mulinɐ	tɾ[e]mulinɐ	0
treponema	trɨpunemɐ	tɾepunemɐ	tr[ɨ]punemɐ	tɾ[e]punemɐ	0
tresmontar	trɨʒmõtar	tɾeʒmõntaɾ	tr[ɨ]ʒmõtar	tɾ[e]ʒmõnta	0
trezena	trɨzenɐ	tɾezenɐ	tr[ɨ]zenɐ	tɾ[e]zenɐ	0
unirrefringente	uniʀɨfrĩʒẽtɨ	uniʁefɾĩnʒẽŋtɨ	uniʀ[ɨ]frĩʒẽtɨ	uniʁ[e]fɾĩnʒẽ	0
vegetalina	vɨʒɨtɐlinɐ	veʒɨtɐlinɐ	v[ɨ]ʒɨtɐlinɐ	v[e]ʒɨtɐlinɐ	0
velamento	vɨlɐmẽtu	velɐmẽŋtʊ	v[ɨ]lɐmẽtu	v[e]lɐmẽŋt	0
velense	vɨlẽsɨ	velẽŋsɨ	v[ɨ]lẽsɨ	v[e]lẽŋs	0
veletina	vɨlɨtinɐ	velɨtinɐ	v[ɨ]lɨtinɐ	v[e]lɨtinɐ	0
velozmente	vɨlɔʒmẽtɨ	velɔʒmẽŋtɨ	v[ɨ]lɔʒmẽtɨ	v[e]lɔʒmẽŋt	0
velutina	vɨlutinɐ	velutinɐ	v[ɨ]lutinɐ	v[e]lutinɐ	0
venena	vɨnenɐ	venenɐ	v[ɨ]nenɐ	v[e]nenɐ	0
veneta	vɨnetɐ	venetɐ	v[ɨ]netɐ	v[e]netɐ	0
venipunctura	vɨnipũkturɐ	venipũŋktuɾɐ	v[ɨ]nipũkturɐ	v[e]nipũŋktuɾ	0
venipuntura	vɨnipũturɐ	venipũntuɾɐ	v[ɨ]nipũturɐ	v[e]nipũntuɾ	0
vesícula	vɨzikulɐ	vezikulɐ	v[ɨ]zikulɐ	v[e]zikulɐ	0
vesiculite	vɨzikulitɨ	vezikulitɨ	v[ɨ]zikulitɨ	v[e]zikulitɨ	0
vice-presidência	visɨprɨzidẽsjɐ	visɨpɾeziðẽŋsɪɐ	visɨpr[ɨ]zidẽsjɐ	visɨpɾ[e]ziðẽŋsɪ	0
vice-presidente	visɨprɨzidẽtɨ	visɨpɾeziðẽŋtɨ	visɨpr[ɨ]zidẽtɨ	visɨpɾ[e]ziðẽŋt	0
vila-regense	vilɐʀɨʒẽsɨ	vilɐʁeʒẽŋsɨ	vilɐʀ[ɨ]ʒẽsɨ	vilɐʁ[e]ʒẽŋs	0
zelosia	zɨluziɐ	zeluziɐ	z[ɨ]luziɐ	z[e]luziɐ	0
zelote	zɨlɔtɨ	zelɔtɨ	z[ɨ]lɔtɨ	z[e]lɔtɨ	0
zeneta	zɨnetɐ	zenetɐ	z[ɨ]netɐ	z[e]netɐ	0
zepelim	zɨpɨlĩ	zepɨlĩŋ	z[ɨ]pɨlĩ	z[e]pɨlĩ	0
