$ paste ~/ista.a.txt ~/ista.b.txt | awk '{ print $1, $2, $4}'

abolicionista	ˌabolˌisjonˈistɐ	ˌabolˌisjonˈistɐ
absentista	ˌabseɪntʃˈistɐ	ˌabseɪntʃˈistɐ
absolutista	ˌabsolutʃˈistɐ	ˌabsolutʃˈistɐ
abstencionista	ˌabsteɪnsjonˈistɐ	ˌabsteɪnsjonˈistɐ
abstracionista	ˌabstɾasjonˈistɐ	ˌabstɾasjonˈistɐ
academista	ˌakademˈistɐ	ˌakademˈistɐ
acionista	ˌasjonˈistɐ	ˌasjonˈistɐ
acordeonista	ˌakoɾdˌeonˈistɐ	ˌakoɾdˌeonˈistɐ
aderecista	ˌadeɾesˈistɐ	ˌadeɾesˈistɐ
administrativista	ˌadminˌistɾatʃivˈistɐ	ˌadminˌistɾatʃivˈistɐ
adventista	ˌadveɪntʃˈistɐ	ˌadveɪntʃˈistɐ
africanista	ˌafɾikɐnˈistɐ	ˌafɾikɐnˈistɐ
agnosticista	ˌaɡnostʃisˈistɐ	ˌaɡnostʃisˈistɐ
aguarelista	ˌaɡwaɾelˈistɐ	ˌaɡwaɾelˈistɐ
alarmista	ˌalaɾmˈistɐ	ˌalaɾmˈistɐ
alegorista	ˌaleɡoɾˈistɐ	ˌaleɡoɾˈistɐ
alfabetista	ˌaʊfabetʃˈistɐ	ˌaʊfabetʃˈistɐ
alfamista	ˌaʊfɐmˈistɐ	ˌaʊfɐmˈistɐ
alfarrabista	ˌaʊfaxabˈistɐ	ˌaʊfaxabˈistɐ
algebrista	ˌaʊʒebɾˈistɐ	ˌaʊʒebɾˈistɐ
alienista	ˌalienˈistɐ	alˌienˈistɐ
alimentista	ˌalimeɪntʃˈistɐ	ˌalimeɪntʃˈistɐ
alista	ˌalˈistɐ	ˌalˈistɐ
alpinista	ˌaʊpinˈistɐ	ˌaʊpinˈistɐ
alpista	ˌaʊpˈistɐ	ˌaʊpˈistɐ
alquimista	ˌaʊkimˈistɐ	ˌaʊkimˈistɐ
altista	ˌaʊtʃˈistɐ	aʊtʃˈistɐ
amadorista	ˌɐmadoɾˈistɐ	ˌɐmadoɾˈistɐ
ambientalista	ˌɐ̃mbiˌeɪntalˈistɐ	ˌɐ̃mbiˌeɪntalˈistɐ
americanista	ˌɐmeɾˌikɐnˈistɐ	ˌɐmeɾˌikɐnˈistɐ
ametista	ˌɐmetʃˈistɐ	ˌɐmetʃˈistɐ
Ametista	ˌɐmetʃˈistɐ	ˌɐmetʃˈistɐ
analista	ˌɐnalˈistɐ	ˌɐnalˈistɐ
anarquista	ˌɐnaɾkˈistɐ	ˌɐnaɾkˈistɐ
anatomista	ˌɐnatomˈistɐ	ˌɐnatomˈistɐ
andebolista	ˌɐ̃ndebolˈistɐ	ˌɐ̃ndebolˈistɐ
andrologista	ˌɐ̃ndɾoloʒˈistɐ	ˌɐ̃ndɾoloʒˈistɐ
anedotista	ˌɐnedotʃˈistɐ	ˌɐnedotʃˈistɐ
anestesista	ˌɐnestezˈistɐ	ˌɐnestezˈistɐ
anexionista	ˌɐneksjonˈistɐ	ˌɐneksjonˈistɐ
animalista	ˌɐnimalˈistɐ	ˌɐnimalˈistɐ
animista	ˌɐnimˈistɐ	ˌɐnimˈistɐ
antagonista	ˌɐ̃ntaɡonˈistɐ	ˌɐ̃ntaɡonˈistɐ
antevista	ˌɐ̃ntevˈistɐ	ˌɐ̃ntevˈistɐ
antiabolicionista	ˌɐ̃ntʃiˌabolˌisjonˈistɐ	ˌɐ̃ntʃiˌabolˌisjonˈistɐ
anticolonialista	ˌɐ̃ntʃikˌolonˌialˈistɐ	ˌɐ̃ntʃikˌolonˌialˈistɐ
anticonformista	ˌɐ̃ntʃikˌõnfoɾmˈistɐ	ˌɐ̃ntʃikˌõnfoɾmˈistɐ
antifascista	ˌɐ̃ntʃifˌasˈistɐ	ˌɐ̃ntʃifasˈistɐ
antifederalista	ˌɐ̃ntʃifˌedeɾalˈistɐ	ˌɐ̃ntʃifˌedeɾalˈistɐ
antigrevista	ˌɐ̃ntʃiɡɾˌevˈistɐ	ˌɐ̃ntʃiɡɾevˈistɐ
anti-imperialista	ɐ̃ntʃˈiˌĩmpeɾˌialˈistɐ	ɐ̃ntʃˈiˌĩmpeɾˌialˈistɐ
antiliberalista	ˌɐ̃ntʃilˌibeɾalˈistɐ	ˌɐ̃ntʃilˌibeɾalˈistɐ
antimilitarista	ˌɐ̃ntʃimˌilitaɾˈistɐ	ˌɐ̃ntʃimˌilitaɾˈistɐ
antinazista	ˌɐ̃ntʃinˌazˈistɐ	ˌɐ̃ntʃinazˈistɐ
antipapista	ˌɐ̃ntʃipˌapˈistɐ	ˌɐ̃ntʃipapˈistɐ
antirracista	ˌɐ̃ntʃixˌasˈistɐ	ˌɐ̃ntʃixasˈistɐ
antissocialista	ˌɐ̃ntʃisˌosialˈistɐ	ˌɐ̃ntʃisˌosialˈistɐ
antiterrorista	ˌɐ̃ntʃitˌexoɾˈistɐ	ˌɐ̃ntʃitˌexoɾˈistɐ
antropologista	ˌɐ̃ntɾopˌoloʒˈistɐ	ˌɐ̃ntɾopˌoloʒˈistɐ
apologista	ˌapoloʒˈistɐ	ˌapoloʒˈistɐ
apriorista	ˌapɾioɾˈistɐ	ˌapɾioɾˈistɐ
aquarelista	ˌakwaɾelˈistɐ	ˌakwaɾelˈistɐ
arabista	ˌaɾabˈistɐ	ˌaɾabˈistɐ
arborista	ˌaɾboɾˈistɐ	ˌaɾboɾˈistɐ
archotista	ˌaɾʃotʃˈistɐ	ˌaɾʃotʃˈistɐ
argumentista	ˌaɾɡumeɪntʃˈistɐ	ˌaɾɡumeɪntʃˈistɐ
armamentista	ˌaɾmɐmeɪntʃˈistɐ	ˌaɾmɐmeɪntʃˈistɐ
armazenista	ˌaɾmazenˈistɐ	ˌaɾmazenˈistɐ
arqueologista	ˌaɾkeˌoloʒˈistɐ	ˌaɾkeˌoloʒˈistɐ
arquivista	ˌaɾkivˈistɐ	ˌaɾkivˈistɐ
arranjista	ˌaxɐ̃nʒˈistɐ	ˌaxɐ̃nʒˈistɐ
arrivista	ˌaxivˈistɐ	ˌaxivˈistɐ
articulista	ˌaɾtʃikulˈistɐ	ˌaɾtʃikulˈistɐ
artista	ˌaɾtʃˈistɐ	ˌaɾtʃˈistɐ
ascensorista	ˌaseɪnsoɾˈistɐ	ˌaseɪnsoɾˈistɐ
assiriologista	ˌasiɾˌioloʒˈistɐ	ˌasiɾˌioloʒˈistɐ
assista	ˌasˈistɐ	ˌasˈistɐ
associativista	ˌasosˌiatʃivˈistɐ	ˌasosˌiatʃivˈistɐ
atacadista	ˌatakadʒˈistɐ	ˌatakadʒˈistɐ
ativista	ˌatʃivˈistɐ	ˌatʃivˈistɐ
atomista	ˌatomˈistɐ	ˌatomˈistɐ
atualista	ˌatualˈistɐ	ˌatualˈistɐ
autista	ˌaʊtʃˈistɐ	ˌaʊtʃˈistɐ
automobilista	ˌaʊtomˌobilˈistɐ	ˌaʊtomˌobilˈistɐ
autonomista	ˌaʊtonˌomˈistɐ	ˌaʊtonomˈistɐ
avalista	ˌavalˈistɐ	ˌavalˈistɐ
avista	ˌavˈistɐ	ˌavˈistɐ
azulejista	ˌazuleʒˈistɐ	ˌazuleʒˈistɐ
bacteriologista	bˌakteɾˌioloʒˈistɐ	bˌakteɾˌioloʒˈistɐ
bagagista	bˌaɡaʒˈistɐ	bˌaɡaʒˈistɐ
bairrista	bˌaixˈistɐ	bˌaixˈistɐ
baixista	bˌaɪʃˈistɐ	bˌaɪʃˈistɐ
balconista	bˌaʊkonˈistɐ	bˌaʊkonˈistɐ
balista	bˌalˈistɐ	bˌalˈistɐ
bananista	bˌɐnɐnˈistɐ	bˌɐnɐnˈistɐ
bandeirista	bˌɐ̃ndeɪɾˈistɐ	bˌɐ̃ndeɪɾˈistɐ
bandolinista	bˌɐ̃ndolinˈistɐ	bˌɐ̃ndolinˈistɐ
banhista	bˌɐ̃ɲˈistɐ	bˌɐ̃ɲˈistɐ
barrista	bˌaxˈistɐ	bˌaxˈistɐ
basebolista	bˌazebolˈistɐ	bˌeɪzɪbɔlˈistɐ
basista	bˌazˈistɐ	bˌazˈistɐ
basquetebolista	bˌasketˌebolˈistɐ	bˌasketˌebolˈistɐ
baterista	bˌateɾˈistɐ	bˌateɾˈistɐ
batista	bˌatʃˈistɐ	bˌatʃˈistɐ
Batista	bˌatʃˈistɐ	bˌatʃˈistɐ
behaviorista	bˌeavˌioɾˈistɐ	bˌɪheɪvˌioɾˈistɐ
belicista	bˌelisˈistɐ	bˌelisˈistɐ
benfiquista	bˌeɪnfikˈistɐ	bˌeɪnfikˈistɐ
biblista	bˌiblˈistɐ	bˌiblˈistɐ
bilharista	bˌiʎaɾˈistɐ	bˌiʎaɾˈistɐ
biografista	bˌioɡɾafˈistɐ	bˌioɡɾafˈistɐ
biologista	bˌioloʒˈistɐ	bˌioloʒˈistɐ
bioterrorista	bˌiotˌexoɾˈistɐ	bˌiotˌexoɾˈistɐ
bloquista	blˌokˈistɐ	blˌokˈistɐ
Boavista	bˌoavˈistɐ	bˌoavˈistɐ
bolchevista	bˌowʃevˈistɐ	bˌowʃevˈistɐ
bolsista	bˌowsˈistɐ	bˌowsˈistɐ
bombista	bˌõmbˈistɐ	bˌõmbˈistɐ
bonapartista	bˌonapaɾtʃˈistɐ	bˌonapaɾtʃˈistɐ
Bonapartista	bˌonapaɾtʃˈistɐ	bˌonapaɾtʃˈistɐ
borguista	bˌoɾɡˈistɐ	bˌoɾɡˈistɐ
borlista	bˌoɾlˈistɐ	bˌoɾlˈistɐ
boxista	bˌoksˈistɐ	bˌoksˈistɐ
bramista	bɾˌɐmˈistɐ	bɾˌɐmˈistɐ
bronzista	bɾˌõnzˈistɐ	bɾˌõnzˈistɐ
budista	bˌudʒˈistɐ	bˌudʒˈistɐ
bulista	bˌulˈistɐ	bˌulˈistɐ
burlista	bˌuɾlˈistɐ	bˌuɾlˈistɐ
cabalista	kˌabalˈistɐ	kˌabalˈistɐ
Cabralista	kˌabɾalˈistɐ	kˌabɾalˈistɐ
caciquista	kˌasikˈistɐ	kˌasikˈistɐ
caixista	kˌaɪʃˈistɐ	kˌaɪʃˈistɐ
calculista	kˌaʊkulˈistɐ	kˌaʊkulˈistɐ
calista	kˌalˈistɐ	kˌalˈistɐ
calvinista	kˌaʊvinˈistɐ	kˌaʊvinˈistɐ
Calvinista	kˌaʊvinˈistɐ	kˌaʊvinˈistɐ
cambista	kˌɐ̃mbˈistɐ	kˌɐ̃mbˈistɐ
camilianista	kˌɐmilˌiɐnˈistɐ	kˌɐmilˌiɐnˈistɐ
Camilista	kˌɐmilˈistɐ	kˌɐmilˈistɐ
camionista	kˌɐmjonˈistɐ	kˌɐmjonˈistɐ
camonianista	kˌɐmonˌiɐnˈistɐ	kˌɐmonˌiɐnˈistɐ
campista	kˌɐ̃mpˈistɐ	kˌɐ̃mpˈistɐ
cancionista	kˌɐ̃nsjonˈistɐ	kˌɐ̃nsjonˈistɐ
cançonetista	kˌɐ̃nsonetʃˈistɐ	kˌɐ̃nsonetʃˈistɐ
canonista	kˌɐnonˈistɐ	kˌɐnonˈistɐ
capelista	kˌapelˈistɐ	kˌapelˈistɐ
capitalista	kˌapitalˈistɐ	kˌapitalˈistɐ
capoeirista	kˌapoeɪɾˈistɐ	kˌapoeɪɾˈistɐ
cardiologista	kˌaɾdʒiˌoloʒˈistɐ	kˌaɾdʒiˌoloʒˈistɐ
caricaturista	kˌaɾikˌatuɾˈistɐ	kˌaɾikˌatuɾˈistɐ
carlista	kˌaɾlˈistɐ	karlˈistɐ
carteirista	kˌaɾteɪɾˈistɐ	kˌaɾteɪɾˈistɐ
cartoonista	kˌaɾtoonˈistɐ	kˌaɾtoonˈistɐ
cartunista	kˌaɾtunˈistɐ	kˌaɾtunˈistɐ
casualista	kˌazualˈistɐ	kˌazualˈistɐ
catequista	kˌatekˈistɐ	kˌatekˈistɐ
Cavaquista	kˌavakˈistɐ	kˌavakˈistɐ
censualista	sˌeɪnsualˈistɐ	sˌeɪnsualˈistɐ
centralista	sˌeɪntɾalˈistɐ	sˌeɪntɾalˈistɐ
centrista	sˌeɪntɾˈistɐ	sˌeɪntɾˈistɐ
ceramista	sˌeɾɐmˈistɐ	sˌeɾɐmˈistɐ
cesarista	sˌezaɾˈistɐ	sˌezaɾˈistɐ
chantagista	ʃˌɐ̃ntaʒˈistɐ	ʃˌɐ̃ntaʒˈistɐ
charadista	ʃˌaɾadʒˈistɐ	ʃˌaɾadʒˈistɐ
chargista	ʃˌaɾʒˈistɐ	ʃˌaɾʒˈistɐ
chauvinista	ʃˌaʊvinˈistɐ	ʃˌaʊvinˈistɐ
chulista	ʃˌulˈistɐ	ʃˌulˈistɐ
chupista	ʃˌupˈistɐ	ʃˌupˈistɐ
ciberterrorista	sˌibeɾtˌexoɾˈistɐ	sˌibeɾtˌexoɾˈistɐ
ciclista	sˌiklˈistɐ	sˌiklˈistɐ
ciclomotorista	sˌiklomˌotoɾˈistɐ	sˌiklomˌotoɾˈistɐ
cientista	sˌieɪntʃˈistɐ	sˌieɪntʃˈistɐ
cigarrista	sˌiɡaxˈistɐ	sˌiɡaxˈistɐ
cineclubista	sˌineklubˈistɐ	sˌineklubˈistɐ
cinefilista	sˌinefilˈistɐ	sˌinefilˈistɐ
cinzentista	sˌĩnzeɪntʃˈistɐ	sˌĩnzeɪntʃˈistɐ
citarista	sˌitaɾˈistɐ	sˌitaɾˈistɐ
civilista	sˌivilˈistɐ	sˌivilˈistɐ
claquista	klˌakˈistɐ	klˌakˈistɐ
clarinetista	klˌaɾinetʃˈistɐ	klˌaɾinetʃˈistɐ
classicista	klˌasisˈistɐ	klˌasisˈistɐ
classista	klˌasˈistɐ	klˌasˈistɐ
clericalista	klˌeɾikalˈistɐ	klˌeɾikalˈistɐ
climatologista	klˌimatˌoloʒˈistɐ	klˌimatˌoloʒˈistɐ
clubista	klˌubˈistɐ	klˌubˈistɐ
coexista	kˌoezˈistɐ	kˌoezˈistɐ
cognitivista	kˌoɡnitʃivˈistɐ	kˌoɡnitʃivˈistɐ
colaboracionista	kˌolabˌoɾasjonˈistɐ	kˌolabˌoɾasjonˈistɐ
colecionista	kˌolesjonˈistɐ	kˌolesjonˈistɐ
coletivista	kˌoletʃivˈistɐ	kˌoletʃivˈistɐ
colonialista	kˌolonˌialˈistɐ	kˌolonˌialˈistɐ
colonista	kˌolonˈistɐ	kˌolonˈistɐ
colunista	kˌolunˈistɐ	kˌolunˈistɐ
comentarista	kˌomeɪntaɾˈistɐ	kˌomeɪntaɾˈistɐ
comercialista	kˌomeɾsˌialˈistɐ	kˌomeɾsˌialˈistɐ
comissionista	kˌomisjonˈistɐ	kˌomisjonˈistɐ
comodista	kˌomodʒˈistɐ	kˌomodʒˈistɐ
comunista	kˌomunˈistɐ	kˌomunˈistɐ
conceptista	kˌõnseptʃˈistɐ	kˌõnseptʃˈistɐ
conceptualista	kˌõnseptˌualˈistɐ	kˌõnseptˌualˈistɐ
concertista	kˌõnseɾtʃˈistɐ	kˌõnseɾtʃˈistɐ
concetista	kˌõnsetʃˈistɐ	kˌõnsetʃˈistɐ
concetualista	kˌõnsetˌualˈistɐ	kˌõnsetˌualˈistɐ
conclavista	kˌõŋklavˈistɐ	kˌõŋklavˈistɐ
concursista	kˌõŋkuɾsˈistɐ	kˌõŋkuɾsˈistɐ
conferencista	kˌõnfeɾeɪnsˈistɐ	kˌõnfeɾeɪnsˈistɐ
conformista	kˌõnfoɾmˈistɐ	kˌõnfoɾmˈistɐ
congregacionista	kˌõŋɡɾeɡˌasjonˈistɐ	kˌõŋɡɾeɡˌasjonˈistɐ
congressista	kˌõŋɡɾesˈistɐ	kˌõŋɡɾesˈistɐ
conquista	kˌõŋkˈistɐ	kˌõŋkˈistɐ
Conquista	kˌõŋkˈistɐ	kˌõŋkˈistɐ
conservacionista	kˌõnseɾvˌasjonˈistɐ	kˌõnseɾvˌasjonˈistɐ
conservantista	kˌõnseɾvɐ̃ntʃˈistɐ	kˌõnseɾvɐ̃ntʃˈistɐ
consista	kˌõnsˈistɐ	kˌõnsˈistɐ
constitucionalista	kˌõnstʃitˌusjonalˈistɐ	kˌõnstʃitˌusjonalˈistɐ
construtivista	kˌõnstɾutʃivˈistɐ	kˌõnstɾutʃivˈistɐ
consumista	kˌõnsumˈistɐ	kˌõnsumˈistɐ
contabilista	kˌõntabilˈistɐ	kˌõntabilˈistɐ
contista	kˌõntʃˈistɐ	kˌõntʃˈistɐ
contorcionista	kˌõntoɾsjonˈistɐ	kˌõntoɾsjonˈistɐ
contrabaixista	kˌõntɾabaɪʃˈistɐ	kˌõntɾabaɪʃˈistɐ
contrabandista	kˌõntɾabɐ̃ndʒˈistɐ	kˌõntɾabɐ̃ndʒˈistɐ
contrapontista	kˌõntɾapõntʃˈistɐ	kˌõntɾapõntʃˈistɐ
contrista	kˌõntɾˈistɐ	kˌõntɾˈistɐ
controversista	kˌõntɾoveɾsˈistɐ	kˌõntɾoveɾsˈistɐ
convencionalista	kˌõnveɪnsjˌonalˈistɐ	kˌõnveɪnsjˌonalˈistɐ
cooperativista	kˌoopˌeɾatʃivˈistɐ	kˌoopˌeɾatʃivˈistɐ
copista	kˌopˈistɐ	kˌopˈistɐ
corista	kˌoɾˈistɐ	kˌoɾˈistɐ
corporativista	kˌoɾpoɾˌatʃivˈistɐ	kˌoɾpoɾˌatʃivˈistɐ
correntista	kˌoxeɪntʃˈistɐ	kˌoxeɪntʃˈistɐ
cosmologista	kˌozmoloʒˈistɐ	kˌozmoloʒˈistɐ
craniologista	kɾˌɐniˌoloʒˈistɐ	kɾˌɐniˌoloʒˈistɐ
cravista	kɾˌavˈistɐ	kɾˌavˈistɐ
crediarista	kɾˌedʒiaɾˈistɐ	kɾˌedʒiaɾˈistɐ
criacionista	kɾˌiasjonˈistɐ	kɾˌiasjonˈistɐ
criminalista	kɾˌiminalˈistɐ	kɾˌiminalˈistɐ
criminologista	kɾˌiminˌoloʒˈistɐ	kɾˌiminˌoloʒˈistɐ
criptologista	kɾˌiptoloʒˈistɐ	kɾˌiptoloʒˈistɐ
crista	kɾˈistɐ	kɾˈistɐ
cristalogista	kɾˌistaloʒˈistɐ	kɾˌistaloʒˈistɐ
cristologista	kɾˌistoloʒˈistɐ	kɾˌistoloʒˈistɐ
criticista	kɾˌitʃisˈistɐ	kɾˌitʃisˈistɐ
cronista	kɾˌonˈistɐ	kɾˌonˈistɐ
cronologista	kɾˌonoloʒˈistɐ	kɾˌonoloʒˈistɐ
cronometrista	kɾˌonometɾˈistɐ	kɾˌonometɾˈistɐ
crustaceologista	kɾˌustasˌeoloʒˈistɐ	kɾˌustasˌeoloʒˈistɐ
cubista	kˌubˈistɐ	kˌubˈistɐ
culturista	kˌuwtuɾˈistɐ	kˌuwtuɾˈistɐ
cursista	kˌuɾsˈistɐ	kˌuɾsˈistɐ
czarista	kzˌaɾˈistɐ	kzˌaɾˈistɐ
darwinista	dˌaɾwinˈistɐ	darvinˈistɐ
datiloscopista	dˌatʃilˌoskopˈistɐ	dˌatʃilˌoskopˈistɐ
decadentista	dˌekadeɪntʃˈistɐ	dˌekadeɪntʃˈistɐ
deflacionista	dˌeflasjonˈistɐ	dˌeflasjonˈistɐ
demagogista	dˌemaɡoʒˈistɐ	dˌemaɡoʒˈistɐ
demonologista	dˌemonˌoloʒˈistɐ	dˌemonˌoloʒˈistɐ
dentista	dˌeɪntʃˈistɐ	dˌeɪntʃˈistɐ
deontologista	dˌeõntˌoloʒˈistɐ	dˌeõntˌoloʒˈistɐ
dermatologista	dˌeɾmatˌoloʒˈistɐ	dˌeɾmatˌoloʒˈistɐ
derrotista	dˌexotʃˈistɐ	dˌexotʃˈistɐ
desarranjista	dˌezaxɐ̃nʒˈistɐ	dˌezaxɐ̃nʒˈistɐ
descentralista	dˌeseɪntɾalˈistɐ	dˌeseɪntɾalˈistɐ
desenhista	dˌezeɲˈistɐ	dˌezeɲˈistɐ
desgovernista	dˌezɡoveɾnˈistɐ	dˌezɡoveɾnˈistɐ
desinflacionista	dˌezĩnflˌasjonˈistɐ	dˌezĩnflˌasjonˈistɐ
desinvista	dˌezĩnvˈistɐ	dˌezĩnvˈistɐ
desista	dˌezˈistɐ	dˌezˈistɐ
desnortista	dˌeznoɾtʃˈistɐ	dˌeznoɾtʃˈistɐ
despesista	dˌespezˈistɐ	dˌespezˈistɐ
despista	dˌespˈistɐ	dˌespˈistɐ
desportista	dˌespoɾtʃˈistɐ	dˌespoɾtʃˈistɐ
desumanista	dˌezumɐnˈistɐ	dˌezumɐnˈistɐ
determinista	dˌeteɾminˈistɐ	dˌeteɾminˈistɐ
dialetologista	dʒˌialˌetoloʒˈistɐ	dʒˌialˌetoloʒˈistɐ
diarista	dʒˌiaɾˈistɐ	dʒˌiaɾˈistɐ
dicionarista	dʒˌisjonaɾˈistɐ	dʒˌisjonaɾˈistɐ
dietista	dʒˌietʃˈistɐ	daɪetʃˈistɐ
digressionista	dʒˌiɡɾesjonˈistɐ	dʒˌiɡɾesjonˈistɐ
dinamitista	dʒˌinɐmitʃˈistɐ	dʒˌinɐmitʃˈistɐ
direitista	dʒˌiɾeɪtʃˈistɐ	dʒˌiɾeɪtʃˈistɐ
discursista	dʒˌiskuɾsˈistɐ	dʒˌiskuɾsˈistɐ
divisionista	dʒˌivizjonˈistɐ	dʒˌivizjonˈistɐ
divorcista	dʒˌivoɾsˈistɐ	dʒˌivoɾsˈistɐ
docista	dˌosˈistɐ	dɔkˈistɐ
documentalista	dˌokumˌeɪntalˈistɐ	dˌokumˌeɪntalˈistɐ
documentarista	dˌokumˌeɪntaɾˈistɐ	dˌokumˌeɪntaɾˈistɐ
dogmatista	dˌoɡmatʃˈistɐ	dˌoɡmatʃˈistɐ
dogmatologista	dˌoɡmatˌoloʒˈistɐ	dˌoɡmatˌoloʒˈistɐ
dramatologista	dɾˌɐmatˌoloʒˈistɐ	dɾˌɐmatˌoloʒˈistɐ
droguista	dɾˌoɡˈistɐ	dɾˌoɡˈistɐ
dualista	dˌualˈistɐ	dˌualˈistɐ
duchista	dˌuʃˈistɐ	dˌuʃˈistɐ
duelista	dˌuelˈistɐ	dˌuelˈistɐ
duetista	dˌuetʃˈistɐ	dˌuetʃˈistɐ
ecologista	ˌekoloʒˈistɐ	ˌekoloʒˈistɐ
economicista	ˌekonˌomisˈistɐ	ˌekonˌomisˈistɐ
economista	ˌekonomˈistɐ	ˌekonomˈistɐ
editorialista	ˌedʒitˌoɾialˈistɐ	ˌedʒitˌoɾialˈistɐ
egiptologista	ˌeʒiptˌoloʒˈistɐ	ˌeʒiptˌoloʒˈistɐ
egocentrista	ˌeɡoseɪntɾˈistɐ	ˌeɡoseɪntɾˈistɐ
eleitoralista	ˌeleɪtˌoɾalˈistɐ	ˌeleɪtˌoɾalˈistɐ
eletricista	ˌeletɾisˈistɐ	ˌeletɾisˈistɐ
elitista	ˌelitʃˈistɐ	ˌelitʃˈistɐ
embriologista	ˌeɪmbɾiˌoloʒˈistɐ	ˌeɪmbɾiˌoloʒˈistɐ
empirista	ˌeɪmpiɾˈistɐ	ˌeɪmpiɾˈistɐ
enciclopedista	ˌeɪnsiklˌopedʒˈistɐ	ˌeɪnsiklˌopedʒˈistɐ
endocrinologista	ˌeɪndokɾˌinoloʒˈistɐ	ˌeɪndokɾˌinoloʒˈistɐ
enigmista	ˌeniɡmˈistɐ	ˌeniɡmˈistɐ
enquista	ˌeɪŋkˈistɐ	ˌeɪŋkˈistɐ
entomologista	ˌeɪntomˌoloʒˈistɐ	ˌeɪntomˌoloʒˈistɐ
entrevista	ˌeɪntɾevˈistɐ	ˌeɪntɾevˈistɐ
enxadrista	ˌeɪnʃadɾˈistɐ	ˌeɪnʃadɾˈistɐ
epicurista	ˌepikuɾˈistɐ	ˌepikuɾˈistɐ
epidemiologista	ˌepidˌemiˌoloʒˈistɐ	ˌepidˌemiˌoloʒˈistɐ
epigrafista	ˌepiɡɾafˈistɐ	ˌepiɡɾafˈistɐ
equidista	ˌekidʒˈistɐ	ˌekidʒˈistɐ
eqüidista	ˌekwidʒˈistɐ	ˌekwidʒˈistɐ
equilibrista	ˌekilibɾˈistɐ	ˌekilibɾˈistɐ
escafandrista	ˌeskafɐ̃ndɾˈistɐ	ˌeskafɐ̃ndɾˈistɐ
escravista	ˌeskɾavˈistɐ	ˌeskɾavˈistɐ
escutista	ˌeskutʃˈistɐ	ˌeskutʃˈistɐ
esgrimista	ˌezɡɾimˈistɐ	ˌezɡɾimˈistɐ
eslavista	ˌezlavˈistɐ	ˌezlavˈistɐ
especialista	ˌespesˌialˈistɐ	ˌespesˌialˈistɐ
espeleologista	ˌespelˌeoloʒˈistɐ	ˌespelˌeoloʒˈistɐ
esperantista	ˌespeɾɐ̃ntʃˈistɐ	ˌespeɾɐ̃ntʃˈistɐ
Espinozista	ˌespinozˈistɐ	ˌespinozˈistɐ
espiritista	ˌespiɾitʃˈistɐ	ˌespiɾitʃˈistɐ
espiritualista	ˌespiɾˌitualˈistɐ	ˌespiɾˌitualˈistɐ
esportista	ˌespoɾtʃˈistɐ	ˌespoɾtʃˈistɐ
esquerdista	ˌeskeɾdʒˈistɐ	ˌeskeɾdʒˈistɐ
essencialista	ˌeseɪnsˌialˈistɐ	ˌeseɪnsˌialˈistɐ
estadista	ˌestadʒˈistɐ	ˌestadʒˈistɐ
Estalinista	ˌestalinˈistɐ	ˌestalinˈistɐ
estaticista	ˌestatʃisˈistɐ	ˌestatʃisˈistɐ
esteticista	ˌestetʃisˈistɐ	ˌestetʃisˈistɐ
estilista	ˌestʃilˈistɐ	ˌestʃilˈistɐ
estomatologista	ˌestomˌatoloʒˈistɐ	ˌestomˌatoloʒˈistɐ
estradista	ˌestɾadʒˈistɐ	ˌestɾadʒˈistɐ
estrangeirista	ˌestɾɐ̃nʒeɪɾˈistɐ	ˌestɾɐ̃nʒeɪɾˈistɐ
estrategista	ˌestɾateʒˈistɐ	ˌestɾateʒˈistɐ
etilista	ˌetʃilˈistɐ	ˌetʃilˈistɐ
etimologista	ˌetʃimˌoloʒˈistɐ	ˌetʃimˌoloʒˈistɐ
etnologista	ˌetnoloʒˈistɐ	ˌetnoloʒˈistɐ
eugenista	ˌeʊʒenˈistɐ	ˌeʊʒenˈistɐ
evangelista	ˌevɐ̃nʒelˈistɐ	ˌevɐ̃nʒelˈistɐ
Evangelista	ˌevɐ̃nʒelˈistɐ	ˌevɐ̃nʒelˈistɐ
evolucionista	ˌevolˌusjonˈistɐ	ˌevolˌusjonˈistɐ
exclusivista	ˌeskluzivˈistɐ	ˌeskluzivˈistɐ
excursionista	ˌeskuɾsjonˈistɐ	ˌeskuɾsjonˈistɐ
exibicionista	ˌezibˌisjonˈistɐ	ˌezibˌisjonˈistɐ
exista	ˌezˈistɐ	ˌezˈistɐ
existencialista	ˌezistˌeɪnsialˈistɐ	ˌezistˌeɪnsialˈistɐ
exorcista	ˌezoɾsˈistɐ	ˌezoɾsˈistɐ
expansionista	ˌespɐ̃nsjonˈistɐ	ˌespɐ̃nsjonˈistɐ
experimentalista	ˌespeɾˌimeɪntalˈistɐ	ˌespeɾˌimeɪntalˈistɐ
expressionista	ˌespɾesjonˈistɐ	ˌespɾesjonˈistɐ
extremista	ˌestɾemˈistɐ	ˌestɾemˈistɐ
fabulista	fˌabulˈistɐ	fˌabulˈistɐ
fadista	fˌadʒˈistɐ	fˌadʒˈistɐ
falangista	fˌalɐ̃nʒˈistɐ	fˌalɐ̃nʒˈistɐ
fantasista	fˌɐ̃ntazˈistɐ	fˌɐ̃ntazˈistɐ
farmacologista	fˌaɾmakˌoloʒˈistɐ	fˌaɾmakˌoloʒˈistɐ
farrista	fˌaxˈistɐ	fˌaxˈistɐ
farsista	fˌaɾsˈistɐ	fˌaɾsˈistɐ
fascista	fˌasˈistɐ	fˌasˈistɐ
fatalista	fˌatalˈistɐ	fˌatalˈistɐ
fazendista	fˌazeɪndʒˈistɐ	fˌazeɪndʒˈistɐ
federalista	fˌedeɾalˈistɐ	fˌedeɾalˈistɐ
feiticista	fˌeɪtʃisˈistɐ	fˌeɪtʃisˈistɐ
feminista	fˌeminˈistɐ	fˌeminˈistɐ
fetichista	fˌetʃiʃˈistɐ	fˌetʃiʃˈistɐ
feudalista	fˌeʊdalˈistɐ	fˌeʊdalˈistɐ
ficcionista	fˌiksjonˈistɐ	fˌiksjonˈistɐ
figurinista	fˌiɡuɾinˈistɐ	fˌiɡuɾinˈistɐ
figurista	fˌiɡuɾˈistɐ	fˌiɡuɾˈistɐ
filatelista	fˌilatelˈistɐ	fˌilatelˈistɐ
filigranista	fˌiliɡɾɐnˈistɐ	fˌiliɡɾɐnˈistɐ
finalista	fˌinalˈistɐ	fˌinalˈistɐ
financista	fˌinɐ̃nsˈistɐ	fˌinɐ̃nsˈistɐ
fisicista	fˌizisˈistɐ	fˌizisˈistɐ
fisiologista	fˌiziˌoloʒˈistɐ	fˌiziˌoloʒˈistɐ
fisionomista	fˌizjonomˈistɐ	fˌizjonomˈistɐ
flautista	flˌaʊtʃˈistɐ	flˌaʊtʃˈistɐ
florista	flˌoɾˈistɐ	flˌoɾˈistɐ
foguista	fˌoɡˈistɐ	fˌoɡˈistɐ
folclorista	fˌowkloɾˈistɐ	fˌowkloɾˈistɐ
folhetinista	fˌoʎetʃinˈistɐ	fˌoʎetʃinˈistɐ
fomentista	fˌomeɪntʃˈistɐ	fˌomeɪntʃˈistɐ
fontista	fˌõntʃˈistɐ	fˌõntʃˈistɐ
formalista	fˌoɾmalˈistɐ	fˌoɾmalˈistɐ
formista	fˌoɾmˈistɐ	fˌoɾmˈistɐ
formulista	fˌoɾmulˈistɐ	fˌoɾmulˈistɐ
fossilista	fˌosilˈistɐ	fˌosilˈistɐ
fragmentista	fɾˌaɡmeɪntʃˈistɐ	fɾˌaɡmeɪntʃˈistɐ
francesista	fɾˌɐ̃nsezˈistɐ	fɾˌɐ̃nsezˈistɐ
franquista	fɾˌɐ̃ŋkˈistɐ	fɾˌɐ̃ŋkˈistɐ
frentista	fɾˌeɪntʃˈistɐ	fɾˌeɪntʃˈistɐ
fundamentalista	fˌũndɐmˌeɪntalˈistɐ	fˌũndɐmˌeɪntalˈistɐ
fundista	fˌũndʒˈistɐ	fˌũndʒˈistɐ
futebolista	fˌutebolˈistɐ	fˌutebolˈistɐ
futurista	fˌutuɾˈistɐ	fˌutuɾˈistɐ
futurologista	fˌutuɾˌoloʒˈistɐ	fˌutuɾˌoloʒˈistɐ
galerista	ɡˌaleɾˈistɐ	ɡˌaleɾˈistɐ
garagista	ɡˌaɾaʒˈistɐ	ɡˌaɾaʒˈistɐ
gazetista	ɡˌazetʃˈistɐ	ɡˌazetʃˈistɐ
genealogista	ʒˌeneˌaloʒˈistɐ	ʒˌeneˌaloʒˈistɐ
generalista	ʒˌeneɾalˈistɐ	ʒˌeneɾalˈistɐ
geneticista	ʒˌenetʃisˈistɐ	ʒˌenetʃisˈistɐ
germanista	ʒˌeɾmɐnˈistɐ	ʒˌeɾmɐnˈistɐ
ginecologista	ʒˌinekˌoloʒˈistɐ	ʒˌinekˌoloʒˈistɐ
golfista	ɡˌowfˈistɐ	ɡˌowfˈistɐ
golpista	ɡˌowpˈistɐ	ɡˌowpˈistɐ
governista	ɡˌoveɾnˈistɐ	ɡˌoveɾnˈistɐ
gradualista	ɡɾˌadualˈistɐ	ɡɾˌadualˈistɐ
gramatista	ɡɾˌɐmatʃˈistɐ	ɡɾˌɐmatʃˈistɐ
grevista	ɡɾˌevˈistɐ	ɡɾˌevˈistɐ
grossista	ɡɾˌosˈistɐ	ɡɾˌosˈistɐ
guionista	ɡjˌonˈistɐ	ɡjˌonˈistɐ
guitarrista	ɡˌitaxˈistɐ	ɡˌitaxˈistɐ
guterrista	ɡˌutexˈistɐ	ɡˌutexˈistɐ
halterofilista	ˌaʊteɾˌofilˈistɐ	ˌaʊteɾˌofilˈistɐ
handebolista	ˌɐ̃ndebolˈistɐ	hˌendʒɪbɔlˈistɐ
harmonista	ˌaɾmonˈistɐ	ˌaɾmonˈistɐ
harpista	ˌaɾpˈistɐ	ˌaɾpˈistɐ
hedonista	ˌedonˈistɐ	ˌedonˈistɐ
helenista	ˌelenˈistɐ	ˌelenˈistɐ
higienista	ˌiʒienˈistɐ	ˌiʒienˈistɐ
hipnotista	ˌipnotʃˈistɐ	ˌipnotʃˈistɐ
hispanista	ˌispɐnˈistɐ	ˌispɐnˈistɐ
histologista	ˌistoloʒˈistɐ	ˌistoloʒˈistɐ
humanista	ˌumɐnˈistɐ	ˌumɐnˈistɐ
humorista	ˌumoɾˈistɐ	ˌumoɾˈistɐ
iberista	ˌibeɾˈistɐ	ˌibeɾˈistɐ
idealista	ˌidealˈistɐ	ˌidealˈistɐ
ignorantista	ˌiɡnoɾɐ̃ntʃˈistɐ	ˌiɡnoɾɐ̃ntʃˈistɐ
igualitarista	ˌiɡwalˌitaɾˈistɐ	ˌiɡwalˌitaɾˈistɐ
iluminista	ˌiluminˈistɐ	ˌiluminˈistɐ
ilusionista	ˌiluzjonˈistɐ	ˌiluzjonˈistɐ
imanentista	ˌimɐneɪntʃˈistɐ	ˌimɐneɪntʃˈistɐ
imaterialista	ˌimatˌeɾialˈistɐ	ˌimatˌeɾialˈistɐ
imediatista	ˌimedʒˌiatʃˈistɐ	ˌimedʒˌiatʃˈistɐ
imobilista	ˌimobilˈistɐ	ˌimobilˈistɐ
imoralista	ˌimoɾalˈistɐ	ˌimoɾalˈistɐ
imperialista	ˌĩmpeɾˌialˈistɐ	ˌĩmpeɾˌialˈistɐ
impressionista	ˌĩmpɾesjonˈistɐ	ˌĩmpɾesjonˈistɐ
imprevista	ˌĩmpɾevˈistɐ	ˌĩmpɾevˈistɐ
inconformista	ˌĩŋkõnfoɾmˈistɐ	ˌĩŋkõnfoɾmˈistɐ
independentista	ˌĩndepˌeɪndeɪntʃˈistɐ	ˌĩndepˌeɪndeɪntʃˈistɐ
indianista	ˌĩndʒiɐnˈistɐ	ˌĩndʒiɐnˈistɐ
indiferentista	ˌĩndʒifˌeɾeɪntʃˈistɐ	ˌĩndʒifˌeɾeɪntʃˈistɐ
individualista	ˌĩndʒivˌidualˈistɐ	ˌĩndʒivˌidualˈistɐ
industrialista	ˌĩndustɾˌialˈistɐ	ˌĩndustɾˌialˈistɐ
inexista	ˌinezˈistɐ	ˌinezˈistɐ
infantista	ˌĩnfɐ̃ntʃˈistɐ	ˌĩnfɐ̃ntʃˈistɐ
inflacionista	ˌĩnflasjonˈistɐ	ˌĩnflasjonˈistɐ
insista	ˌĩnsˈistɐ	ˌĩnsˈistɐ
instrumentista	ˌĩnstɾumeɪntʃˈistɐ	ˌĩnstɾumeɪntʃˈistɐ
integralista	ˌĩnteɡɾalˈistɐ	ˌĩnteɡɾalˈistɐ
integrista	ˌĩnteɡɾˈistɐ	ˌĩnteɡɾˈistɐ
intelectualista	ˌĩntelˌektualˈistɐ	ˌĩntelˌektualˈistɐ
internacionalista	ˌĩnteɾnˌasjonalˈistɐ	ˌĩnteɾnˌasjonalˈistɐ
intervencionista	ˌĩnteɾvˌeɪnsjonˈistɐ	ˌĩnteɾvˌeɪnsjonˈistɐ
intimista	ˌĩntʃimˈistɐ	ˌĩntʃimˈistɐ
intriguista	ˌĩntɾiɡˈistɐ	ˌĩntɾiɡˈistɐ
intuicionista	ˌĩntuɪsjonˈistɐ	ˌĩntuɪsjonˈistɐ
invista	ˌĩnvˈistɐ	ˌĩnvˈistɐ
ironista	ˌiɾonˈistɐ	aɪɾonˈistɐ
irracionalista	ˌixasjˌonalˈistɐ	ˌixasjˌonalˈistɐ
irrealista	ˌixealˈistɐ	ˌixealˈistɐ
islamista	ˌizlɐmˈistɐ	ˌizlɐmˈistɐ
isolacionista	ˌizolˌasjonˈistɐ	ˌizolˌasjonˈistɐ
jazzista	ʒˌazˈistɐ	dʒˌɪɛsˈistɐ
jornalista	ʒˌoɾnalˈistɐ	ʒˌoɾnalˈistɐ
jurista	ʒˌuɾˈistɐ	ʒˌuɾˈistɐ
laboratorista	lˌaboɾˌatoɾˈistɐ	lˌaboɾˌatoɾˈistɐ
latinista	lˌatʃinˈistɐ	lˌatʃinˈistɐ
lealista	lˌealˈistɐ	lˌealˈistɐ
lecionista	lˌesjonˈistɐ	lˌesjonˈistɐ
legalista	lˌeɡalˈistɐ	lˌeɡalˈistɐ
legista	lˌeʒˈistɐ	lɛɡˈistɐ
legitimista	lˌeʒitʃimˈistɐ	lˌeʒitʃimˈistɐ
legumista	lˌeɡumˈistɐ	lˌeɡumˈistɐ
Leninista	lˌeninˈistɐ	leninˈistɐ
letrista	lˌetɾˈistɐ	lˌetɾˈistɐ
liberalista	lˌibeɾalˈistɐ	lˌibeɾalˈistɐ
libertista	lˌibeɾtʃˈistɐ	lˌibeɾtʃˈistɐ
libretista	lˌibɾetʃˈistɐ	lˌibɾetʃˈistɐ
licorista	lˌikoɾˈistɐ	lˌikoɾˈistɐ
linguista	lˌĩŋɡwˈistɐ	lˌĩŋɡwˈistɐ
lingüista	lˌĩŋɡuˈistɐ	lˌĩŋɡuˈistɐ
linotipista	lˌinotʃipˈistɐ	lˌinotʃipˈistɐ
lobista	lˌobˈistɐ	lɔbˈistɐ
lojista	lˌoʒˈistɐ	lˌoʒˈistɐ
lusitanista	lˌuzitɐnˈistɐ	lˌuzitɐnˈistɐ
machista	mˌaʃˈistɐ	mˌaʃˈistɐ
malabarista	mˌalabaɾˈistɐ	mˌalabaɾˈistɐ
maneirista	mˌɐneɪɾˈistɐ	mˌɐneɪɾˈistɐ
manobrista	mˌɐnobɾˈistɐ	mˌɐnobɾˈistɐ
manuelista	mˌɐnuelˈistɐ	mˌɐnuelˈistɐ
maoista	mˌaˈoɪstɐ	mˌaˈoɪstɐ
maquiavelista	mˌakiˌavelˈistɐ	mˌakiˌavelˈistɐ
maquinista	mˌakinˈistɐ	mˌakinˈistɐ
maratonista	mˌaɾatonˈistɐ	mˌaɾatonˈistɐ
Marcelista	mˌaɾselˈistɐ	mˌaɾselˈistɐ
marginalista	mˌaɾʒinalˈistɐ	mˌaɾʒinalˈistɐ
marista	mˌaɾˈistɐ	mˌaɾˈistɐ
marmorista	mˌaɾmoɾˈistɐ	mˌaɾmoɾˈistɐ
marxista	mˌaɾksˈistɐ	mˌaɾksˈistɐ
masoquista	mˌazokˈistɐ	mˌazokˈistɐ
massagista	mˌasaʒˈistɐ	mˌasaʒˈistɐ
materialista	mˌateɾˌialˈistɐ	mˌateɾˌialˈistɐ
mecanicista	mˌekɐnisˈistɐ	mˌekɐnisˈistɐ
medalhista	mˌedaʎˈistɐ	mˌedaʎˈistɐ
medievalista	mˌedʒiˌevalˈistɐ	mˌedʒiˌevalˈistɐ
melodista	mˌelodʒˈistɐ	mˌelodʒˈistɐ
memorialista	mˌemoɾˌialˈistɐ	mˌemoɾˌialˈistɐ
mensalista	mˌeɪnsalˈistɐ	mˌeɪnsalˈistɐ
mensuralista	mˌeɪnsuɾalˈistɐ	mˌeɪnsuɾalˈistɐ
mercantilista	mˌeɾkɐ̃ntʃilˈistɐ	mˌeɾkɐ̃ntʃilˈistɐ
meteorologista	mˌeteˌoɾoloʒˈistɐ	mˌeteˌoɾoloʒˈistɐ
metodista	mˌetodʒˈistɐ	mˌetodʒˈistɐ
metrologista	mˌetɾoloʒˈistɐ	mˌetɾoloʒˈistɐ
microbiologista	mˌikɾobˌioloʒˈistɐ	mˌikɾobˌioloʒˈistɐ
miguelista	mˌiɡelˈistɐ	mˌiɡelˈistɐ
milenarista	mˌilenaɾˈistɐ	mˌilenaɾˈistɐ
militarista	mˌilitaɾˈistɐ	mˌilitaɾˈistɐ
mineralogista	mˌineɾˌaloʒˈistɐ	mˌineɾˌaloʒˈistɐ
miniaturista	mˌiniˌatuɾˈistɐ	mˌiniˌatuɾˈistɐ
minimalista	mˌinimalˈistɐ	mˌinimalˈistɐ
ministerialista	mˌinistˌeɾialˈistɐ	mˌinistˌeɾialˈistɐ
miserávelista	mˌizeɾˈavelistɐ	mˌizeɾˈavelˈistɐ
mitologista	mˌitoloʒˈistɐ	mˌitoloʒˈistɐ
mobilista	mˌobilˈistɐ	mˌobilˈistɐ
modelista	mˌodelˈistɐ	mˌodelˈistɐ
modernista	mˌodeɾnˈistɐ	mˌodeɾnˈistɐ
modista	mˌodʒˈistɐ	mˌodʒˈistɐ
monarquista	mˌonaɾkˈistɐ	mˌonaɾkˈistɐ
monetarista	mˌonetaɾˈistɐ	mˌonetaɾˈistɐ
monista	mˌonˈistɐ	mˌonˈistɐ
monogramista	mˌonoɡɾɐmˈistɐ	mˌonoɡɾɐmˈistɐ
monopolista	mˌonopolˈistɐ	mˌonopolˈistɐ
montanhista	mˌõntɐ̃ɲˈistɐ	mˌõntɐ̃ɲˈistɐ
moralista	mˌoɾalˈistɐ	mˌoɾalˈistɐ
motociclista	mˌotosiklˈistɐ	mˌotosiklˈistɐ
motorista	mˌotoɾˈistɐ	mˌotoɾˈistɐ
municipalista	mˌunisˌipalˈistɐ	mˌunisˌipalˈistɐ
museologista	mˌuzeˌoloʒˈistɐ	mˌuzeˌoloʒˈistɐ
musicista	mˌuzisˈistɐ	mjuzikˈistɐ
musicologista	mˌuzikˌoloʒˈistɐ	mˌuzikˌoloʒˈistɐ
mutualista	mˌutualˈistɐ	mˌutualˈistɐ
nacionalista	nˌasjonalˈistɐ	nˌasjonalˈistɐ
naifista	nˌaɪfˈistɐ	nˌaɪfˈistɐ
namorista	nˌɐmoɾˈistɐ	nˌɐmoɾˈistɐ
narcisista	nˌaɾsizˈistɐ	nˌaɾsizˈistɐ
nativista	nˌatʃivˈistɐ	nˌatʃivˈistɐ
naturalista	nˌatuɾalˈistɐ	nˌatuɾalˈistɐ
naturista	nˌatuɾˈistɐ	nˌatuɾˈistɐ
navalhista	nˌavaʎˈistɐ	nˌavaʎˈistɐ
nazista	nˌazˈistɐ	nˌazˈistɐ
nefrologista	nˌefɾoloʒˈistɐ	nˌefɾoloʒˈistɐ
negativista	nˌeɡatʃivˈistɐ	nˌeɡatʃivˈistɐ
neocolonialista	nˌeokˌolonˌialˈistɐ	nˌeokˌolonˌialˈistɐ
neomarginalista	nˌeomˌaɾʒinalˈistɐ	nˌeomˌaɾʒinalˈistɐ
neonazista	nˌeonazˈistɐ	nˌeonazˈistɐ
neorrealista	nˌeoxˌealˈistɐ	nˌeoxˌealˈistɐ
neurologista	nˌeʊɾoloʒˈistɐ	nˌeʊɾoloʒˈistɐ
niilista	njˌilˈistɐ	njˌilˈistɐ
nominalista	nˌominalˈistɐ	nˌominalˈistɐ
normalista	nˌoɾmalˈistɐ	nˌoɾmalˈistɐ
nortista	nˌoɾtʃˈistɐ	nˌoɾtʃˈistɐ
noticiarista	nˌotʃisˌiaɾˈistɐ	nˌotʃisˌiaɾˈistɐ
novecentista	nˌoveseɪntʃˈistɐ	nˌoveseɪntʃˈistɐ
novelista	nˌovelˈistɐ	nˌovelˈistɐ
nudista	nˌudʒˈistɐ	nˌudʒˈistɐ
nutricionista	nˌutɾisjonˈistɐ	nˌutɾisjonˈistɐ
objetivista	ˌobʒetʃivˈistɐ	ˌobʒetʃivˈistɐ
obrigacionista	ˌobɾiɡˌasjonˈistɐ	ˌobɾiɡˌasjonˈistɐ
obscurantista	ˌobskuɾɐ̃ntʃˈistɐ	ˌobskuɾɐ̃ntʃˈistɐ
obstrucionista	ˌobstɾusjonˈistɐ	ˌobstɾusjonˈistɐ
ocasionalista	ˌokazjˌonalˈistɐ	ˌokazjˌonalˈistɐ
ocidentalista	ˌosidˌeɪntalˈistɐ	ˌosidˌeɪntalˈistɐ
oculista	ˌokulˈistɐ	ˌokulˈistɐ
ocultista	ˌokuwtʃˈistɐ	ˌokuwtʃˈistɐ
odontologista	ˌodõntˌoloʒˈistɐ	ˌodõntˌoloʒˈistɐ
oftalmologista	ˌoftaʊmˌoloʒˈistɐ	ˌoftaʊmˌoloʒˈistɐ
oitocentista	ˌoɪtoseɪntʃˈistɐ	ˌoɪtoseɪntʃˈistɐ
onanista	ˌonɐnˈistɐ	ˌonɐnˈistɐ
oncologista	ˌõŋkoloʒˈistɐ	ˌõŋkoloʒˈistɐ
oportunista	ˌopoɾtunˈistɐ	ˌopoɾtunˈistɐ
oposicionista	ˌopozˌisjonˈistɐ	ˌopozˌisjonˈistɐ
organicista	ˌoɾɡɐnisˈistɐ	ˌoɾɡɐnisˈistɐ
organista	ˌoɾɡɐnˈistɐ	ˌoɾɡɐnˈistɐ
orientalista	ˌoɾiˌeɪntalˈistɐ	ˌoɾiˌeɪntalˈistɐ
ornamentista	ˌoɾnɐmeɪntʃˈistɐ	ˌoɾnɐmeɪntʃˈistɐ
ornitologista	ˌoɾnitˌoloʒˈistɐ	ˌoɾnitˌoloʒˈistɐ
ortopedista	ˌoɾtopedʒˈistɐ	ˌoɾtopedʒˈistɐ
otimista	ˌotʃimˈistɐ	ˌotʃimˈistɐ
otorrinolaringologista	ˌotoxˌinolˌaɾĩŋɡˌoloʒˈistɐ	ˌotoxˌinolˌaɾĩŋɡˌoloʒˈistɐ
overloquista	ˌoveɾlokˈistɐ	ˌoveɾlokˈistɐ
pacifista	pˌasifˈistɐ	pˌasifˈistɐ
pagodista	pˌaɡodʒˈistɐ	pˌaɡodʒˈistɐ
paisagista	pˌaɪzaʒˈistɐ	pˌaɪzaʒˈistɐ
paleologista	pˌaleˌoloʒˈistɐ	pˌaleˌoloʒˈistɐ
paleontologista	pˌaleˌõntoloʒˈistɐ	pˌaleˌõntoloʒˈistɐ
paleozoologista	pˌaleˌozoˌoloʒˈistɐ	pˌaleˌozoˌoloʒˈistɐ
panfletista	pˌɐ̃nfletʃˈistɐ	pˌɐ̃nfletʃˈistɐ
pangermanista	pˌɐ̃nʒeɾmɐnˈistɐ	pˌɐ̃nʒeɾmɐnˈistɐ
panoramista	pˌɐnoɾɐmˈistɐ	pˌɐnoɾɐmˈistɐ
papelista	pˌapelˈistɐ	pˌapelˈistɐ
papista	pˌapˈistɐ	pˌapˈistɐ
paralelista	pˌaɾalelˈistɐ	pˌaɾalelˈistɐ
paraquedista	pˌaɾakedʒˈistɐ	pˌaɾakedʒˈistɐ
parcialista	pˌaɾsialˈistɐ	pˌaɾsialˈistɐ
paredista	pˌaɾedʒˈistɐ	pˌaɾedʒˈistɐ
parlamentarista	pˌaɾlɐmˌeɪntaɾˈistɐ	pˌaɾlɐmˌeɪntaɾˈistɐ
parodista	pˌaɾodʒˈistɐ	pˌaɾodʒˈistɐ
particularista	pˌaɾtʃikˌulaɾˈistɐ	pˌaɾtʃikˌulaɾˈistɐ
partidarista	pˌaɾtʃidaɾˈistɐ	pˌaɾtʃidaɾˈistɐ
partidista	pˌaɾtʃidʒˈistɐ	pˌaɾtʃidʒˈistɐ
passadista	pˌasadʒˈistɐ	pˌasadʒˈistɐ
passista	pˌasˈistɐ	pˌasˈistɐ
pastelista	pˌastelˈistɐ	pˌastelˈistɐ
paternalista	pˌateɾnalˈistɐ	pˌateɾnalˈistɐ
patologista	pˌatoloʒˈistɐ	pˌatoloʒˈistɐ
paulista	pˌaʊlˈistɐ	pˌaʊlˈistɐ
Paulista	pˌaʊlˈistɐ	pˌaʊlˈistɐ
pecuarista	pˌekuaɾˈistɐ	pˌekuaɾˈistɐ
pedagogista	pˌedaɡoʒˈistɐ	pˌedaɡoʒˈistɐ
pedrista	pˌedɾˈistɐ	pˌedɾˈistɐ
penhorista	pˌeɲoɾˈistɐ	pˌeɲoɾˈistɐ
pensionista	pˌeɪnsjonˈistɐ	pˌeɪnsjonˈistɐ
percussionista	pˌeɾkusjonˈistɐ	pˌeɾkusjonˈistɐ
perfeccionista	pˌeɾfeksjonˈistɐ	pˌeɾfeksjonˈistɐ
perfecionista	pˌeɾfesjonˈistɐ	pˌeɾfesjonˈistɐ
perfumista	pˌeɾfumˈistɐ	pˌeɾfumˈistɐ
persista	pˌeɾsˈistɐ	pˌeɾsˈistɐ
personalista	pˌeɾsonalˈistɐ	peɾsˌonalˈistɐ
pessimista	pˌesimˈistɐ	pˌesimˈistɐ
petista	pˌetʃˈistɐ	pɛtʃˈistɐ
piadista	pˌiadʒˈistɐ	pˌiadʒˈistɐ
pianista	pˌiɐnˈistɐ	pˌiɐnˈistɐ
pietista	pˌietʃˈistɐ	pˌietʃˈistɐ
plantonista	plˌɐ̃ntonˈistɐ	plˌɐ̃ntonˈistɐ
pluralista	plˌuɾalˈistɐ	plˌuɾalˈistɐ
pneumologista	pnˌeʊmoloʒˈistɐ	pnˌeʊmoloʒˈistɐ
polemista	pˌolemˈistɐ	pˌolemˈistɐ
pombalista	pˌõmbalˈistɐ	pˌõmbalˈistɐ
populista	pˌopulˈistɐ	pˌopulˈistɐ
portista	pˌoɾtʃˈistɐ	pˌoɾtʃˈistɐ
positivista	pˌozitʃivˈistɐ	pˌozitʃivˈistɐ
possibilista	pˌosibilˈistɐ	pˌosibilˈistɐ
pracista	pɾˌasˈistɐ	pɾˌasˈistɐ
pragmaticista	pɾˌaɡmatʃisˈistɐ	pɾˌaɡmatʃisˈistɐ
pragmatista	pɾˌaɡmatʃˈistɐ	pɾˌaɡmatʃˈistɐ
praxista	pɾˌaʃˈistɐ	pɾˌaʃˈistɐ
precavista	pɾˌekavˈistɐ	pɾˌekavˈistɐ
preciosista	pɾˌesiozˈistɐ	pɾˌesiozˈistɐ
preexista	pɾˌeezˈistɐ	pɾˌeezˈistɐ
presidencialista	pɾˌezidˌeɪnsialˈistɐ	pɾˌezidˌeɪnsialˈistɐ
prevista	pɾˌevˈistɐ	pɾˌevˈistɐ
primeiranista	pɾˌimeɪɾɐnˈistɐ	pɾˌimeɪɾɐnˈistɐ
primitivista	pɾˌimitʃivˈistɐ	pɾˌimitʃivˈistɐ
probabilista	pɾˌobabilˈistɐ	pɾˌobabilˈistɐ
progressista	pɾˌoɡɾesˈistɐ	pɾˌoɡɾesˈistɐ
projecionista	pɾˌoʒesjonˈistɐ	pɾˌoʒesjonˈistɐ
projetista	pɾˌoʒetʃˈistɐ	pɾˌoʒetʃˈistɐ
propagandista	pɾˌopaɡɐ̃ndʒˈistɐ	pɾˌopaɡɐ̃ndʒˈistɐ
prosista	pɾˌozˈistɐ	pɾozˈistɐ
protagonista	pɾˌotaɡonˈistɐ	pɾˌotaɡonˈistɐ
protecionista	pɾˌotesjonˈistɐ	pɾˌotesjonˈistɐ
protocolista	pɾˌotokolˈistɐ	pɾˌotokolˈistɐ
providencialista	pɾˌovidˌeɪnsialˈistɐ	pɾˌovidˌeɪnsialˈistɐ
psicanalista	psˌikɐnalˈistɐ	psˌikɐnalˈistɐ
psicologista	psˌikoloʒˈistɐ	psˌikoloʒˈistɐ
publicista	pˌublisˈistɐ	pˌublisˈistɐ
pugilista	pˌuʒilˈistɐ	pˌuʒilˈistɐ
punguista	pˌũŋɡˈistɐ	pˌũŋɡˈistɐ
purista	pˌuɾˈistɐ	pˌuɾˈistɐ
quartanista	kwˌaɾtɐnˈistɐ	kwˌaɾtɐnˈistɐ
quatrocentista	kwˌatɾoseɪntʃˈistɐ	kwˌatɾoseɪntʃˈistɐ
quedista	kˌedʒˈistɐ	kˌedʒˈistɐ
quietista	kˌietʃˈistɐ	kˌietʃˈistɐ
quimerista	kˌimeɾˈistɐ	kˌimeɾˈistɐ
quinhentista	kˌiɲeɪntʃˈistɐ	kˌiɲeɪntʃˈistɐ
quintanista	kˌĩntɐnˈistɐ	kˌĩntɐnˈistɐ
Quixotista	kˌiʃotʃˈistɐ	kˌiʃotʃˈistɐ
rabequista	xˌabekˈistɐ	xˌabekˈistɐ
racionalista	xˌasjonalˈistɐ	xˌasjonalˈistɐ
racista	xˌasˈistɐ	xˌasˈistɐ
radialista	xˌadʒialˈistɐ	xˌadʒialˈistɐ
radicalista	xˌadʒikalˈistɐ	xˌadʒikalˈistɐ
radiologista	xˌadʒiˌoloʒˈistɐ	xˌadʒiˌoloʒˈistɐ
rapsodista	xˌapsodʒˈistɐ	xˌapsodʒˈistɐ
realista	xˌealˈistɐ	xˌealˈistɐ
rearranjista	xˌeaxɐ̃nʒˈistɐ	xˌeaxɐ̃nʒˈistɐ
reavista	xˌeavˈistɐ	xˌeavˈistɐ
recadista	xˌekadʒˈistɐ	xˌekadʒˈistɐ
rececionista	xˌesesjonˈistɐ	xˌesesjonˈistɐ
recepcionista	xˌesepsjonˈistɐ	xˌesepsjonˈistɐ
reconquista	xˌekõŋkˈistɐ	xˌekõŋkˈistɐ
recordista	xˌekoɾdʒˈistɐ	xɛkoɾdʒˈistɐ
redentorista	xˌedeɪntoɾˈistɐ	xˌedeɪntoɾˈistɐ
reducionista	xˌedusjonˈistɐ	xˌedusjonˈistɐ
reformista	xˌefoɾmˈistɐ	xˌefoɾmˈistɐ
regalista	xˌeɡalˈistɐ	xˌeɡalˈistɐ
regionalista	xˌeʒjonalˈistɐ	xˌeʒjonalˈistɐ
regista	xˌeʒˈistɐ	xˌeʒˈistɐ
regressista	xˌeɡɾesˈistɐ	xˌeɡɾesˈistɐ
reinvista	xˌeĩnvˈistɐ	xˌeĩnvˈistɐ
relativista	xˌelatʃivˈistɐ	xˌelatʃivˈistɐ
relaxista	xˌelaʃˈistɐ	xˌelaʃˈistɐ
renascentista	xˌenaseɪntʃˈistɐ	xˌenaseɪntʃˈistɐ
repentista	xˌepeɪntʃˈistɐ	xˌepeɪntʃˈistɐ
reservista	xˌezeɾvˈistɐ	xˌezeɾvˈistɐ
resista	xˌezˈistɐ	xˌezˈistɐ
retalhista	xˌetaʎˈistɐ	xˌetaʎˈistɐ
retratista	xˌetɾatʃˈistɐ	xˌetɾatʃˈistɐ
reumatologista	xˌeʊmatˌoloʒˈistɐ	xˌeʊmatˌoloʒˈistɐ
revanchista	xˌevɐ̃nʃˈistɐ	xˌevɐ̃nʃˈistɐ
revisionista	xˌevizjonˈistɐ	xˌevizjonˈistɐ
revista	xˌevˈistɐ	xˌevˈistɐ
rigorista	xˌiɡoɾˈistɐ	xˌiɡoɾˈistɐ
ritualista	xˌitualˈistɐ	xˌitualˈistɐ
romancista	xˌomɐ̃nsˈistɐ	xˌomɐ̃nsˈistɐ
romanista	xˌomɐnˈistɐ	xˌomɐnˈistɐ
rondista	xˌõndʒˈistɐ	xˌõndʒˈistɐ
rotativista	xˌotatʃivˈistɐ	xˌotatʃivˈistɐ
roteirista	xˌoteɪɾˈistɐ	xˌoteɪɾˈistɐ
ruralista	xˌuɾalˈistɐ	xˌuɾalˈistɐ
sadista	sˌadʒˈistɐ	sˌadʒˈistɐ
Salazarista	sˌalazaɾˈistɐ	sˌalazaɾˈistɐ
salgueirista	sˌaʊɡeɪɾˈistɐ	sˌaʊɡeɪɾˈistɐ
salmista	sˌaʊmˈistɐ	sˌaʊmˈistɐ
sambista	sˌɐ̃mbˈistɐ	sˌɐ̃mbˈistɐ
Sandinista	sˌɐ̃ndʒinˈistɐ	sˌɐ̃ndʒinˈistɐ
sanitarista	sˌɐnitaɾˈistɐ	sˌɐnitaɾˈistɐ
satanista	sˌatɐnˈistɐ	sˌatɐnˈistɐ
saudosista	sˌaʊdozˈistɐ	sˌaʊdozˈistɐ
saxofonista	sˌaksofonˈistɐ	sˌaksofonˈistɐ
sebastianista	sˌebastʃˌiɐnˈistɐ	sˌebastʃˌiɐnˈistɐ
secessionista	sˌesesjonˈistɐ	sˌesesjonˈistɐ
sectarista	sˌektaɾˈistɐ	sˌektaɾˈistɐ
secularista	sˌekulaɾˈistɐ	sˌekulaɾˈistɐ
secundarista	sˌekũndaɾˈistɐ	sˌekũndaɾˈistɐ
segredista	sˌeɡɾedʒˈistɐ	sˌeɡɾedʒˈistɐ
segregacionista	sˌeɡɾeɡˌasjonˈistɐ	sˌeɡɾeɡˌasjonˈistɐ
segundanista	sˌeɡũndɐnˈistɐ	sˌeɡũndɐnˈistɐ
seiscentista	sˌeɪseɪntʃˈistɐ	sˌeɪseɪntʃˈistɐ
semifinalista	sˌemifˌinalˈistɐ	sˌemifˌinalˈistɐ
seminarista	sˌeminaɾˈistɐ	sˌeminaɾˈistɐ
sensacionalista	sˌeɪnsasjˌonalˈistɐ	sˌeɪnsasjˌonalˈistɐ
sensualista	sˌeɪnsualˈistɐ	sˌeɪnsualˈistɐ
sentimentalista	sˌeɪntʃimˌeɪntalˈistɐ	sˌeɪntʃimˌeɪntalˈistɐ
separatista	sˌepaɾatʃˈistɐ	sˌepaɾatʃˈistɐ
sertanista	sˌeɾtɐnˈistɐ	sˌeɾtɐnˈistɐ
setecentista	sˌeteseɪntʃˈistɐ	sˌeteseɪntʃˈistɐ
sexualista	sˌeksualˈistɐ	sˌeksualˈistɐ
simbolista	sˌĩmbolˈistɐ	sˌĩmbolˈistɐ
simplicista	sˌĩmplisˈistɐ	sˌĩmplisˈistɐ
simplista	sˌĩmplˈistɐ	sˌĩmplˈistɐ
sindicalista	sˌĩndʒikalˈistɐ	sˌĩndʒikalˈistɐ
sinfonista	sˌĩnfonˈistɐ	sˌĩnfonˈistɐ
sionista	sjˌonˈistɐ	sjˌonˈistɐ
situacionista	sˌituˌasjonˈistɐ	sˌituˌasjonˈistɐ
socialista	sˌosialˈistɐ	sˌosialˈistɐ
sociologista	sˌosiˌoloʒˈistɐ	sˌosiˌoloʒˈistɐ
socorrista	sˌokoxˈistɐ	sˌokoxˈistɐ
sofista	sˌofˈistɐ	sˌofˈistɐ
solfejista	sˌowfeʒˈistɐ	sˌowfeʒˈistɐ
solista	sˌolˈistɐ	sˌolˈistɐ
solucionista	sˌolusjonˈistɐ	sˌolusjonˈistɐ
sonetista	sˌonetʃˈistɐ	sˌonetʃˈistɐ
sopranista	sˌopɾɐnˈistɐ	sˌopɾɐnˈistɐ
sportinguista	spˌoɾtʃĩŋɡˈistɐ	spˌoɾtʃĩŋɡˈistɐ
subciclista	sˌubsiklˈistɐ	sˌubsiklˈistɐ
subculturista	sˌubkuwtuɾˈistɐ	sˌubkuwtuɾˈistɐ
subjetivista	sˌubʒetʃivˈistɐ	sˌubʒetʃivˈistɐ
submarginalista	sˌubmaɾʒˌinalˈistɐ	sˌubmaɾʒˌinalˈistɐ
submodelista	sˌubmodelˈistɐ	sˌubmodelˈistɐ
subobjetivista	sˌubobʒˌetʃivˈistɐ	sˌubobʒˌetʃivˈistɐ
subsista	sˌubzˈistɐ	sˌubzˈistɐ
substancialista	sˌubstɐ̃nsˌialˈistɐ	sˌubstɐ̃nsˌialˈistɐ
subtropicalista	sˌubtɾopˌikalˈistɐ	sˌubtɾopˌikalˈistɐ
sufragista	sˌufɾaʒˈistɐ	sˌufɾaʒˈistɐ
sulista	sˌulˈistɐ	sˌulˈistɐ
supranaturalista	sˌupɾɐnˌatuɾalˈistɐ	sˌupɾɐnˌatuɾalˈistɐ
supremacista	sˌupɾemasˈistɐ	sˌupɾemasˈistɐ
surfista	sˌuɾfˈistɐ	səɾfˈistɐ
surrealista	sˌuxealˈistɐ	sˌuxealˈistɐ
tabagista	tˌabaʒˈistɐ	tˌabaʒˈistɐ
tabaquista	tˌabakˈistɐ	tˌabakˈistɐ
tanguista	tˌɐ̃ŋɡˈistɐ	tˌɐ̃ŋɡˈistɐ
taoista	tˌaˈoɪstɐ	tˌaˈoɪstɐ
tauista	tˌaʊˈistɐ	tˌaʊˈistɐ
taxista	tˌaksˈistɐ	tˌaksˈistɐ
Taylorista	tˌaɪloɾˈistɐ	teɪloɾˈistɐ
teatrista	tˌeatɾˈistɐ	tˌeatɾˈistɐ
teclista	tˌeklˈistɐ	tˌeklˈistɐ
telefonista	tˌelefonˈistɐ	tˌelefonˈistɐ
telegrafista	tˌeleɡɾafˈistɐ	tˌeleɡɾafˈistɐ
tenista	tˌenˈistɐ	tˌenˈistɐ
teorista	tˌeoɾˈistɐ	tˌeoɾˈistɐ
termalista	tˌeɾmalˈistɐ	tˌeɾmalˈistɐ
terrorista	tˌexoɾˈistɐ	tˌexoɾˈistɐ
textualista	tˌestualˈistɐ	tˌestualˈistɐ
tomista	tˌomˈistɐ	tˌomˈistɐ
totalista	tˌotalˈistɐ	tˌotalˈistɐ
totalitarista	tˌotalˌitaɾˈistɐ	tˌotalˌitaɾˈistɐ
trabalhista	tɾˌabaʎˈistɐ	tɾˌabaʎˈistɐ
tradicionalista	tɾˌadʒisjˌonalˈistɐ	tɾˌadʒisjˌonalˈistɐ
transcendentalista	tɾˌɐ̃nseɪndˌeɪntalˈistɐ	tɾˌɐ̃nseɪndˌeɪntalˈistɐ
transformista	tɾˌɐ̃nsfoɾmˈistɐ	tɾˌɐ̃nsfoɾmˈistɐ
trapezista	tɾˌapezˈistɐ	tɾˌapezˈistɐ
trapista	tɾˌapˈistɐ	tɹɛpˈistɐ
tratadista	tɾˌatadʒˈistɐ	tɾˌatadʒˈistɐ
tratorista	tɾˌatoɾˈistɐ	tɾˌatoɾˈistɐ
trista	tɾˈistɐ	tɾˈistɐ
triunfalista	tɾˌiũnfalˈistɐ	tɾˌiũnfalˈistɐ
trocadilhista	tɾˌokadʒiʎˈistɐ	tɾˌokadʒiʎˈistɐ
trocista	tɾˌosˈistɐ	tɾˌosˈistɐ
trombetista	tɾˌõmbetʃˈistɐ	tɾˌõmbetʃˈistɐ
trombonista	tɾˌõmbonˈistɐ	tɾˌõmbonˈistɐ
trompetista	tɾˌõmpetʃˈistɐ	tɾˌõmpetʃˈistɐ
tropicalista	tɾˌopikalˈistɐ	tɾˌopikalˈistɐ
troquista	tɾˌokˈistɐ	tɾˌokˈistɐ
trotskista	tɾˌotskˈistɐ	tɾˌotskˈistɐ
turfista	tˌuɾfˈistɐ	tˌuɾfˈistɐ
turista	tˌuɾˈistɐ	tˌuɾˈistɐ
ultranacionalista	ˌuwtɾɐnˌasjonalˈistɐ	ˌuwtɾɐnˌasjonalˈistɐ
ultrarrealista	ˌuwtɾaxˌealˈistɐ	ˌuwtɾaxˌealˈistɐ
unionista	ˌunjonˈistɐ	junˌiənˈistɐ
unitarista	ˌunitaɾˈistɐ	ˌunitaɾˈistɐ
universalista	ˌunivˌeɾsalˈistɐ	ˌunivˌeɾsalˈistɐ
urbanista	ˌuɾbɐnˈistɐ	ˌuɾbɐnˈistɐ
urologista	ˌuɾoloʒˈistɐ	ˌuɾoloʒˈistɐ
utilitarista	ˌutʃilˌitaɾˈistɐ	ˌutʃilˌitaɾˈistɐ
utopista	ˌutopˈistɐ	ˌutopˈistɐ
valsista	vˌaʊsˈistɐ	vˌaʊsˈistɐ
vanguardista	vˌɐ̃ŋɡwaɾdʒˈistɐ	vˌɐ̃ŋɡwaɾdʒˈistɐ
varejista	vˌaɾeʒˈistɐ	vˌaɾeʒˈistɐ
velocipedista	vˌelosˌipedʒˈistɐ	vˌelosˌipedʒˈistɐ
velocista	vˌelosˈistɐ	vˌelosˈistɐ
veranista	vˌeɾɐnˈistɐ	vˌeɾɐnˈistɐ
verbalista	vˌeɾbalˈistɐ	vˌeɾbalˈistɐ
vicentista	vˌiseɪntʃˈistɐ	vˌiseɪntʃˈistɐ
vigarista	vˌiɡaɾˈistɐ	vˌiɡaɾˈistɐ
vintista	vˌĩntʃˈistɐ	vˌĩntʃˈistɐ
violinista	vˌiolinˈistɐ	vˌiolinˈistɐ
violista	vˌiolˈistɐ	vˌiolˈistɐ
violoncelista	vˌiolˌõnselˈistɐ	vˌiolˌõnselˈistɐ
violonista	vˌiolonˈistɐ	vˌiolonˈistɐ
vitalista	vˌitalˈistɐ	vˌitalˈistɐ
vitorista	vˌitoɾˈistɐ	vˌitoɾˈistɐ
vocalista	vˌokalˈistɐ	vˌokalˈistɐ
voleibolista	vˌoleɪbolˈistɐ	vˌoleɪbolˈistɐ
volframista	vˌowfɾɐmˈistɐ	vˌowfɾɐmˈistɐ
voltairianista	vˌowtaɪɾˌiɐnˈistɐ	vˌowtaɪɾˌiɐnˈistɐ
voluntarista	vˌolũntaɾˈistɐ	vˌolũntaɾˈistɐ
vulcanologista	vˌuwkɐnˌoloʒˈistɐ	vˌuwkɐnˌoloʒˈistɐ
xadrezista	ʃˌadɾezˈistɐ	ʃˌadɾezˈistɐ
xilofonista	ʃˌilofonˈistɐ	ʃˌilofonˈistɐ
Zapatista	zˌapatʃˈistɐ	zˌapatʃˈistɐ
zoologista	zˌooloʒˈistɐ	zˌooloʒˈistɐ

