$ paste ~/anti.a.txt ~/anti.b.txt | awk '{ print $1, $2, $4}'

antiabolicionismo	ˌɐ̃ntʃiʲˌabolˌisjonˈizmʊ	ˌɐ̃ntʃiʲˌabolˌisjonˈizmʊ
antiabolicionismos	ˌɐ̃ntʃiʲˌabolˌisjonˈizmʊs	ˌɐ̃ntʃiʲˌabolˌisjonˈizmʊs
antiabolicionista	ˌɐ̃ntʃiʲˌabolˌisjonˈistɐ	ˌɐ̃ntʃiʲˌabolˌisjonˈistɐ
antiabolicionistas	ˌɐ̃ntʃiʲˌabolˌisjonˈistɐs	ˌɐ̃ntʃiʲˌabolˌisjonˈistɐs
antiabortivo	ˌɐ̃ntʃiʲˌaboɾtʃˈivʊ	ˌɐ̃ntʃiʲˌaboɾtʃˈivʊ
antiaborto	ˌɐ̃ntʃiʲabˈoɾtʊ	ˌɐ̃ntʃiʲˌabˈoɾtʊ
antiabortos	ˌɐ̃ntʃiʲabˈɔɾtʊs	ˌɐ̃ntʃiʲˌabˈoɾtʊs
antiacadémico	ˌɐ̃ntʃiʲˌakadˈɛmikʊ	ˌɐ̃ntʃiʲˌakadˈɛmikʊ
antiácido	ˌɐ̃ntʃiʲˈasidʊ	ˌɐ̃ntʃiʲˈasidʊ
antiácidos	ˌɐ̃ntʃiʲˈasidʊs	ˌɐ̃ntʃiʲˈasidʊs
antiaérea	ˌɐ̃ntʃiʲaˈɛɾeɐ	ˌɐ̃ntʃiʲˌaˈɛɾeɐ
antiaéreas	ˌɐ̃ntʃiʲaˈɛɾeɐs	ˌɐ̃ntʃiʲˌaˈɛɾeɐs
antiaéreo	ˌɐ̃ntʃiʲaˈɛɾeʊ	ˌɐ̃ntʃiʲˌaˈɛɾeʊ
antiaéreos	ˌɐ̃ntʃiʲaˈɛɾeʊs	ˌɐ̃ntʃiʲˌaˈɛɾeʊs
antialcalino	ˌɐ̃ntʃiʲˌaʊkalˈinʊ	ˌɐ̃ntʃiʲˌaʊkalˈinʊ
antialcoólico	ˌɐ̃ntʃiʲˌaʊkoˈɔlikʊ	ˌɐ̃ntʃiʲˌaʊkoˈɔlikʊ
antialcoolismo	ˌɐ̃ntʃiʲˌaʊkoolˈizmʊ	ˌɐ̃ntʃiʲˌaʊkoolˈizmʊ
antialcoolismos	ˌɐ̃ntʃiʲˌaʊkoolˈizmʊs	ˌɐ̃ntʃiʲˌaʊkoolˈizmʊs
antialérgico	ˌɐ̃ntʃiʲalˈɛɾʒikʊ	ˌɐ̃ntʃiʲˌalˈɛɾʒikʊ
antialérgicos	ˌɐ̃ntʃiʲalˈɛɾʒikʊs	ˌɐ̃ntʃiʲˌalˈɛɾʒikʊs
antiaristocrata	ˌɐ̃ntʃiʲˌaɾistokɾˈatɐ	ˌɐ̃ntʃiʲˌaɾistokɾˈatɐ
antiaristocratas	ˌɐ̃ntʃiʲˌaɾistokɾˈatɐs	ˌɐ̃ntʃiʲˌaɾistokɾˈatɐs
antiaristocrática	ˌɐ̃ntʃiʲˌaɾistokɾˈatʃikɐ	ˌɐ̃ntʃiʲˌaɾistokɾˈatʃikɐ
antiaristocráticas	ˌɐ̃ntʃiʲˌaɾistokɾˈatʃikɐs	ˌɐ̃ntʃiʲˌaɾistokɾˈatʃikɐs
antiaristocrático	ˌɐ̃ntʃiʲˌaɾistokɾˈatʃikʊ	ˌɐ̃ntʃiʲˌaɾistokɾˈatʃikʊ
antiaristocráticos	ˌɐ̃ntʃiʲˌaɾistokɾˈatʃikʊs	ˌɐ̃ntʃiʲˌaɾistokɾˈatʃikʊs
antiartístico	ˌɐ̃ntʃiʲaɾtʃˈistʃikʊ	ˌɐ̃ntʃiʲˌaɾtʃˈistʃikʊ
antiartrítica	ˌɐ̃ntʃiʲaɾtɾˈitʃikɐ	ˌɐ̃ntʃiʲˌaɾtɾˈitʃikɐ
antiartríticas	ˌɐ̃ntʃiʲaɾtɾˈitʃikɐs	ˌɐ̃ntʃiʲˌaɾtɾˈitʃikɐs
antiartrítico	ˌɐ̃ntʃiʲaɾtɾˈitʃikʊ	ˌɐ̃ntʃiʲˌaɾtɾˈitʃikʊ
antiartríticos	ˌɐ̃ntʃiʲaɾtɾˈitʃikʊs	ˌɐ̃ntʃiʲˌaɾtɾˈitʃikʊs
antiasmática	ˌɐ̃ntʃiʲazmˈatʃikɐ	ˌɐ̃ntʃiʲˌazmˈatʃikɐ
antiasmáticas	ˌɐ̃ntʃiʲazmˈatʃikɐs	ˌɐ̃ntʃiʲˌazmˈatʃikɐs
antiasmático	ˌɐ̃ntʃiʲazmˈatʃikʊ	ˌɐ̃ntʃiʲˌazmˈatʃikʊ
antiasmáticos	ˌɐ̃ntʃiʲazmˈatʃikʊs	ˌɐ̃ntʃiʲˌazmˈatʃikʊs
antibiose	ˌɐ̃ntʃibiʲˈɔzɪ	ˌɐ̃ntʃibˌiʲˈɔzɪ
antibioterapia	ˌɐ̃ntʃibˌiʲotˌeɾapˈiʲɐ	ˌɐ̃ntʃibˌiʲotˌeɾapˈiʲɐ
antibiótico	ˌɐ̃ntʃibiʲˈɔtʃikʊ	ˌɐ̃ntʃibˌiʲˈɔtʃikʊ
antibioticoprofilaxia	ˌɐ̃ntʃibˌiʲotʃˌikopɾˌofilaksˈiʲɐ	ˌɐ̃ntʃibˌiʲotʃˌikopɾˌofilaksˈiʲɐ
antibioticoprofilaxias	ˌɐ̃ntʃibˌiʲotʃˌikopɾˌofilaksˈiʲɐs	ˌɐ̃ntʃibˌiʲotʃˌikopɾˌofilaksˈiʲɐs
antibióticos	ˌɐ̃ntʃibiʲˈɔtʃikʊs	ˌɐ̃ntʃibˌiʲˈɔtʃikʊs
antibioticoterapia	ˌɐ̃ntʃibˌiʲotʃˌikotˌeɾapˈiʲɐ	ˌɐ̃ntʃibˌiʲotʃˌikotˌeɾapˈiʲɐ
antibioticoterapias	ˌɐ̃ntʃibˌiʲotʃˌikotˌeɾapˈiʲɐs	ˌɐ̃ntʃibˌiʲotʃˌikotˌeɾapˈiʲɐs
anticancerosa	ˌɐ̃ntʃikˌɐ̃nseɾˈɔzɐ	ˌɐ̃ntʃikˌɐ̃nseɾˈɔzɐ
anticancerosas	ˌɐ̃ntʃikˌɐ̃nseɾˈɔzɐs	ˌɐ̃ntʃikˌɐ̃nseɾˈɔzɐs
anticanceroso	ˌɐ̃ntʃikˌɐ̃nseɾˈozʊ	ˌɐ̃ntʃikˌɐ̃nseɾˈozʊ
anticancerosos	ˌɐ̃ntʃikˌɐ̃nseɾˈɔzʊs	ˌɐ̃ntʃikˌɐ̃nseɾˈɔzʊs
anticarrinho	ˌɐ̃ntʃikaxˈiɲʊ	ˌɐ̃ntʃikˌaxˈiɲʊ
anticarrinhos	ˌɐ̃ntʃikaxˈiɲʊs	ˌɐ̃ntʃikˌaxˈiɲʊs
anticarro	ˌɐ̃ntʃikˈaxʊ	ˌɐ̃ntʃikˈaxʊ
anticarros	ˌɐ̃ntʃikˈaxʊs	ˌɐ̃ntʃikˈaxʊs
anticatólica	ˌɐ̃ntʃikatˈɔlikɐ	ˌɐ̃ntʃikˌatˈɔlikɐ
anticatólicas	ˌɐ̃ntʃikatˈɔlikɐs	ˌɐ̃ntʃikˌatˈɔlikɐs
anticatolicismo	ˌɐ̃ntʃikˌatolisˈizmʊ	ˌɐ̃ntʃikˌatolisˈizmʊ
anticatolicismos	ˌɐ̃ntʃikˌatolisˈizmʊs	ˌɐ̃ntʃikˌatolisˈizmʊs
anticatólico	ˌɐ̃ntʃikatˈɔlikʊ	ˌɐ̃ntʃikˌatˈɔlikʊ
anticatólicos	ˌɐ̃ntʃikatˈɔlikʊs	ˌɐ̃ntʃikˌatˈɔlikʊs
anticética	ˌɐ̃ntʃisˈɛtʃikɐ	ˌɐ̃ntʃisˈɛtʃikɐ
anticéticas	ˌɐ̃ntʃisˈɛtʃikɐs	ˌɐ̃ntʃisˈɛtʃikɐs
anticético	ˌɐ̃ntʃisˈɛtʃikʊ	ˌɐ̃ntʃisˈɛtʃikʊ
anticéticos	ˌɐ̃ntʃisˈɛtʃikʊs	ˌɐ̃ntʃisˈɛtʃikʊs
anticiclone	ˌɐ̃ntʃisiklˈonɪ	ˌɐ̃ntʃisˌiklˈonɪ
anticiclones	ˌɐ̃ntʃisiklˈonɪs	ˌɐ̃ntʃisˌiklˈonɪs
anticientífico	ˌɐ̃ntʃisˌiʲeɪntʃˈifikʊ	ˌɐ̃ntʃisˌiʲeɪntʃˈifikʊ
anticívico	ˌɐ̃ntʃisˈivikʊ	ˌɐ̃ntʃisˈivikʊ
anticivismo	ˌɐ̃ntʃisivˈizmʊ	ˌɐ̃ntʃisivˈizmʊ
anticivismos	ˌɐ̃ntʃisivˈizmʊs	ˌɐ̃ntʃisˌivˈizmʊs
anticlássico	ˌɐ̃ntʃiklˈasikʊ	ˌɐ̃ntʃiklˈasikʊ
anticlericais	ˌɐ̃ntʃiklˌeɾikˈaɪs	ˌɐ̃ntʃiklˌeɾikˈaɪs
anticlerical	ˌɐ̃ntʃiklˌeɾikˈaʊ	ˌɐ̃ntʃiklˌeɾikˈaʊ
anticlericalismo	ˌɐ̃ntʃiklˌeɾikalˈizmʊ	ˌɐ̃ntʃiklˌeɾikalˈizmʊ
anticlericalismos	ˌɐ̃ntʃiklˌeɾikalˈizmʊs	ˌɐ̃ntʃiklˌeɾikalˈizmʊs
anticlinais	ˌɐ̃ntʃiklinˈaɪs	ˌɐ̃ntʃiklinˈaɪs
anticlinal	ˌɐ̃ntʃiklinˈaʊ	ˌɐ̃ntʃiklinˈaʊ
anticoagulante	ˌɐ̃ntʃikˌoaɡulˈɐ̃ntʃɪ	ˌɐ̃ntʃikˌoaɡulˈɐ̃ntʃɪ
anticoagulantes	ˌɐ̃ntʃikˌoaɡulˈɐ̃ntʃɪs	ˌɐ̃ntʃikˌoaɡulˈɐ̃ntʃɪs
anticolérico	ˌɐ̃ntʃikolˈɛɾikʊ	ˌɐ̃ntʃikˌolˈɛɾikʊ
anticoloniais	ˌɐ̃ntʃikˌoloniʲˈaɪs	ˌɐ̃ntʃikˌoloniʲˈaɪs
anticolonial	ˌɐ̃ntʃikˌoloniʲˈaʊ	ˌɐ̃ntʃikˌoloniʲˈaʊ
anticolonialismo	ˌɐ̃ntʃikˌolonˌiʲalˈizmʊ	ˌɐ̃ntʃikˌolonˌiʲalˈizmʊ
anticolonialismos	ˌɐ̃ntʃikˌolonˌiʲalˈizmʊs	ˌɐ̃ntʃikˌolonˌiʲalˈizmʊs
anticolonialista	ˌɐ̃ntʃikˌolonˌiʲalˈistɐ	ˌɐ̃ntʃikˌolonˌiʲalˈistɐ
anticolonialistas	ˌɐ̃ntʃikˌolonˌiʲalˈistɐs	ˌɐ̃ntʃikˌolonˌiʲalˈistɐs
anticomercial	ˌɐ̃ntʃikˌomeɾsiʲˈaʊ	ˌɐ̃ntʃikˌomeɾsiʲˈaʊ
anticoncecionais	ˌɐ̃ntʃikˌõnsesjonˈaɪs	ˌɐ̃ntʃikˌõnsesjonˈaɪs
anticoncecional	ˌɐ̃ntʃikˌõnsesjonˈaʊ	ˌɐ̃ntʃikˌõnsesjonˈaʊ
anticoncetivo	ˌɐ̃ntʃikˌõnsetʃˈivʊ	ˌɐ̃ntʃikˌõnsetʃˈivʊ
anticoncílio	ˌɐ̃ntʃikõnsˈiljʊ	ˌɐ̃ntʃikˌõnsˈiljʊ
anticonformista	ˌɐ̃ntʃikˌõnfoɾmˈistɐ	ˌɐ̃ntʃikˌõnfoɾmˈistɐ
anticonformistas	ˌɐ̃ntʃikˌõnfoɾmˈistɐs	ˌɐ̃ntʃikˌõnfoɾmˈistɐs
anticongelante	ˌɐ̃ntʃikˌõnʒelˈɐ̃ntʃɪ	ˌɐ̃ntʃikˌõnʒelˈɐ̃ntʃɪ
anticongelantes	ˌɐ̃ntʃikˌõnʒelˈɐ̃ntʃɪs	ˌɐ̃ntʃikˌõnʒelˈɐ̃ntʃɪs
anticonjugais	ˌɐ̃ntʃikˌõnʒuɡˈaɪs	ˌɐ̃ntʃikˌõnʒuɡˈaɪs
anticonjugal	ˌɐ̃ntʃikˌõnʒuɡˈaʊ	ˌɐ̃ntʃikˌõnʒuɡˈaʊ
anticonstitucional	ˌɐ̃ntʃikˌõnstʃitˌusjonˈaʊ	ˌɐ̃ntʃikˌõnstʃitˌusjonˈaʊ
anticorpo	ˌɐ̃ntʃikˈoɾpʊ	ˌɐ̃ntʃikˈoɾpʊ
anticorporativismo	ˌɐ̃ntʃikˌoɾpoɾˌatʃivˈizmʊ	ˌɐ̃ntʃikˌoɾpoɾˌatʃivˈizmʊ
anticorporativismos	ˌɐ̃ntʃikˌoɾpoɾˌatʃivˈizmʊs	ˌɐ̃ntʃikˌoɾpoɾˌatʃivˈizmʊs
anticorporativo	ˌɐ̃ntʃikˌoɾpoɾatʃˈivʊ	ˌɐ̃ntʃikˌoɾpoɾatʃˈivʊ
anticorpos	ˌɐ̃ntʃikˈoɾpʊs	ˌɐ̃ntʃikˈɔɾpʊs
anticorrosivo	ˌɐ̃ntʃikˌoxozˈivʊ	ˌɐ̃ntʃikˌoxozˈivʊ
anticosmético	ˌɐ̃ntʃikozmˈɛtʃikʊ	ˌɐ̃ntʃikˌozmˈɛtʃikʊ
anticrepúsculo	ˌɐ̃ntʃikɾepˈuskulʊ	ˌɐ̃ntʃikɾˌepˈuskulʊ
anticrime	ˌɐ̃ntʃikɾˈimɪ	ˌɐ̃ntʃikɾˈimɪ
anticrimes	ˌɐ̃ntʃikɾˈimɪs	ˌɐ̃ntʃikɾˈimɪs
anticristã	ˌɐ̃ntʃikɾistˈɐ̃	ˌɐ̃ntʃikɾistˈɐ̃
anticristão	ˌɐ̃ntʃikɾistˈɐ̃ʊ̃	ˌɐ̃ntʃikɾistˈɐ̃ʊ̃
anticristãos	ˌɐ̃ntʃikɾistˈɐ̃ʊ̃s	ˌɐ̃ntʃikɾistˈɐ̃ʊ̃s
anticristãs	ˌɐ̃ntʃikɾistˈɐ̃s	ˌɐ̃ntʃikɾistˈɐ̃s
anticristianismo	ˌɐ̃ntʃikɾˌistʃiʲɐnˈizmʊ	ˌɐ̃ntʃikɾˌistʃiʲɐnˈizmʊ
anticristianismos	ˌɐ̃ntʃikɾˌistʃiʲɐnˈizmʊs	ˌɐ̃ntʃikɾˌistʃiʲɐnˈizmʊs
anticristo	ˌɐ̃ntʃikɾˈistʊ	ˌɐ̃ntʃikɾˈistʊ
anticristos	ˌɐ̃ntʃikɾˈistʊs	ˌɐ̃ntʃikɾˈistʊs
anticrítico	ˌɐ̃ntʃikɾˈitʃikʊ	ˌɐ̃ntʃikɾˈitʃikʊ
antidemocracia	ˌɐ̃ntʃidˌemokɾasˈiʲɐ	ˌɐ̃ntʃidˌemokɾasˈiʲɐ
antidemocracias	ˌɐ̃ntʃidˌemokɾasˈiʲɐs	ˌɐ̃ntʃidˌemokɾasˈiʲɐs
antidemocrata	ˌɐ̃ntʃidˌemokɾˈatɐ	ˌɐ̃ntʃidˌemokɾˈatɐ
antidemocratas	ˌɐ̃ntʃidˌemokɾˈatɐs	ˌɐ̃ntʃidˌemokɾˈatɐs
antidemocrática	ˌɐ̃ntʃidˌemokɾˈatʃikɐ	ˌɐ̃ntʃidˌemokɾˈatʃikɐ
antidemocraticamente	ˌɐ̃ntʃidˌemokɾˌatʃikɐmˈeɪntʃɪ	ˌɐ̃ntʃidˌemokɾˌatʃikɐmˈeɪntʃɪ
antidemocráticas	ˌɐ̃ntʃidˌemokɾˈatʃikɐs	ˌɐ̃ntʃidˌemokɾˈatʃikɐs
antidemocrático	ˌɐ̃ntʃidˌemokɾˈatʃikʊ	ˌɐ̃ntʃidˌemokɾˈatʃikʊ
antidemocráticos	ˌɐ̃ntʃidˌemokɾˈatʃikʊs	ˌɐ̃ntʃidˌemokɾˈatʃikʊs
antidepressiva	ˌɐ̃ntʃidˌepɾesˈivɐ	ˌɐ̃ntʃidˌepɾesˈivɐ
antidepressivas	ˌɐ̃ntʃidˌepɾesˈivɐs	ˌɐ̃ntʃidˌepɾesˈivɐs
antidepressivo	ˌɐ̃ntʃidˌepɾesˈivʊ	ˌɐ̃ntʃidˌepɾesˈivʊ
antidepressivos	ˌɐ̃ntʃidˌepɾesˈivʊs	ˌɐ̃ntʃidˌepɾesˈivʊs
antiderrapante	ˌɐ̃ntʃidˌexapˈɐ̃ntʃɪ	ˌɐ̃ntʃidˌexapˈɐ̃ntʃɪ
antiderrapantes	ˌɐ̃ntʃidˌexapˈɐ̃ntʃɪs	ˌɐ̃ntʃidˌexapˈɐ̃ntʃɪs
antideslizante	ˌɐ̃ntʃidˌezlizˈɐ̃ntʃɪ	ˌɐ̃ntʃidˌezlizˈɐ̃ntʃɪ
antideslizantes	ˌɐ̃ntʃidˌezlizˈɐ̃ntʃɪs	ˌɐ̃ntʃidˌezlizˈɐ̃ntʃɪs
antidesportiva	ˌɐ̃ntʃidˌespoɾtʃˈivɐ	ˌɐ̃ntʃidˌespoɾtʃˈivɐ
antidesportivamente	ˌɐ̃ntʃidˌespoɾtʃivɐmˈeɪntʃɪ	ˌɐ̃ntʃidˌespoɾtʃivɐmˈeɪntʃɪ
antidesportivas	ˌɐ̃ntʃidˌespoɾtʃˈivɐs	ˌɐ̃ntʃidˌespoɾtʃˈivɐs
antidesportivismo	ˌɐ̃ntʃidˌespoɾtʃivˈizmʊ	ˌɐ̃ntʃidˌespoɾtʃivˈizmʊ
antidesportivismos	ˌɐ̃ntʃidˌespoɾtʃivˈizmʊs	ˌɐ̃ntʃidˌespoɾtʃivˈizmʊs
antidesportivo	ˌɐ̃ntʃidˌespoɾtʃˈivʊ	ˌɐ̃ntʃidˌespoɾtʃˈivʊ
antidesportivos	ˌɐ̃ntʃidˌespoɾtʃˈivʊs	ˌɐ̃ntʃidˌespoɾtʃˈivʊs
antidetonante	ˌɐ̃ntʃidˌetonˈɐ̃ntʃɪ	ˌɐ̃ntʃidˌetonˈɐ̃ntʃɪ
antidetonantes	ˌɐ̃ntʃidˌetonˈɐ̃ntʃɪs	ˌɐ̃ntʃidˌetonˈɐ̃ntʃɪs
antidiabético	ˌɐ̃ntʃidʒˌiʲabˈɛtʃikʊ	ˌɐ̃ntʃidʒˌiʲabˈɛtʃikʊ
antidiarreico	ˌɐ̃ntʃidʒˌiʲaxˈeɪkʊ	ˌɐ̃ntʃidʒˌiʲaxˈeɪkʊ
antidiftérico	ˌɐ̃ntʃidʒiftˈɛɾikʊ	ˌɐ̃ntʃidʒˌiftˈɛɾikʊ
antidigestivo	ˌɐ̃ntʃidʒˌiʒestʃˈivʊ	ˌɐ̃ntʃidʒˌiʒestʃˈivʊ
antidogmática	ˌɐ̃ntʃidoɡmˈatʃikɐ	ˌɐ̃ntʃidˌoɡmˈatʃikɐ
antidogmáticas	ˌɐ̃ntʃidoɡmˈatʃikɐs	ˌɐ̃ntʃidˌoɡmˈatʃikɐs
antidogmático	ˌɐ̃ntʃidoɡmˈatʃikʊ	ˌɐ̃ntʃidˌoɡmˈatʃikʊ
antidogmáticos	ˌɐ̃ntʃidoɡmˈatʃikʊs	ˌɐ̃ntʃidˌoɡmˈatʃikʊs
antidogmatismo	ˌɐ̃ntʃidˌoɡmatʃˈizmʊ	ˌɐ̃ntʃidˌoɡmatʃˈizmʊ
antidogmatismos	ˌɐ̃ntʃidˌoɡmatʃˈizmʊs	ˌɐ̃ntʃidˌoɡmatʃˈizmʊs
antidoping	ˌɐ̃ntʃidˈɔpim	ˌɐ̃ntʃidˈɔpim
antidramática	ˌɐ̃ntʃidɾɐmˈatʃikɐ	ˌɐ̃ntʃidɾˌɐmˈatʃikɐ
antidramáticas	ˌɐ̃ntʃidɾɐmˈatʃikɐs	ˌɐ̃ntʃidɾˌɐmˈatʃikɐs
antidramático	ˌɐ̃ntʃidɾɐmˈatʃikʊ	ˌɐ̃ntʃidɾˌɐmˈatʃikʊ
antidramáticos	ˌɐ̃ntʃidɾɐmˈatʃikʊs	ˌɐ̃ntʃidɾˌɐmˈatʃikʊs
antidroga	ˌɐ̃ntʃidɾˈɔɡɐ	ˌɐ̃ntʃidɾˈɔɡɐ
antidrogas	ˌɐ̃ntʃidɾˈɔɡɐs	ˌɐ̃ntʃidɾˈɔɡɐs
antieconómico	ˌɐ̃ntʃiʲˌekonˈɔmikʊ	ˌɐ̃ntʃiʲˌekonˈɔmikʊ
antiescarlatinoso	ˌɐ̃ntʃiʲˌeskaɾlˌatʃinˈozʊ	ˌɐ̃ntʃiʲˌeskaɾlˌatʃinˈozʊ
antiescorbútico	ˌɐ̃ntʃiʲˌeskoɾbˈutʃikʊ	ˌɐ̃ntʃiʲˌeskoɾbˈutʃikʊ
antiespasmódica	ˌɐ̃ntʃiʲˌespazmˈɔdʒikɐ	ˌɐ̃ntʃiʲˌespazmˈɔdʒikɐ
antiespasmódicas	ˌɐ̃ntʃiʲˌespazmˈɔdʒikɐs	ˌɐ̃ntʃiʲˌespazmˈɔdʒikɐs
antiespasmódico	ˌɐ̃ntʃiʲˌespazmˈɔdʒikʊ	ˌɐ̃ntʃiʲˌespazmˈɔdʒikʊ
antiespasmódicos	ˌɐ̃ntʃiʲˌespazmˈɔdʒikʊs	ˌɐ̃ntʃiʲˌespazmˈɔdʒikʊs
antiespiritualismo	ˌɐ̃ntʃiʲˌespiɾˌitualˈizmʊ	ˌɐ̃ntʃiʲˌespiɾˌitualˈizmʊ
antiespiritualismos	ˌɐ̃ntʃiʲˌespiɾˌitualˈizmʊs	ˌɐ̃ntʃiʲˌespiɾˌitualˈizmʊs
antiestatais	ˌɐ̃ntʃiʲˌestatˈaɪs	ˌɐ̃ntʃiʲˌestatˈaɪs
antiestatal	ˌɐ̃ntʃiʲˌestatˈaʊ	ˌɐ̃ntʃiʲˌestatˈaʊ
antiestético	ˌɐ̃ntʃiʲestˈɛtʃikʊ	ˌɐ̃ntʃiʲˌestˈɛtʃikʊ
antievangélico	ˌɐ̃ntʃiʲˌevɐ̃nʒˈɛlikʊ	ˌɐ̃ntʃiʲˌevɐ̃nʒˈɛlikʊ
antifascismo	ˌɐ̃ntʃifasˈizmʊ	ˌɐ̃ntʃifasˈizmʊ
antifascismos	ˌɐ̃ntʃifasˈizmʊs	ˌɐ̃ntʃifˌasˈizmʊs
antifascista	ˌɐ̃ntʃifasˈistɐ	ˌɐ̃ntʃifasˈistɐ
antifascistas	ˌɐ̃ntʃifasˈistɐs	ˌɐ̃ntʃifˌasˈistɐs
antifebril	ˌɐ̃ntʃifebɾˈiʊ	ˌɐ̃ntʃifebɾˈiʊ
antifebris	ˌɐ̃ntʃifebɾˈis	ˌɐ̃ntʃifebɾˈis
antifederal	ˌɐ̃ntʃifˌedeɾˈaʊ	ˌɐ̃ntʃifˌedeɾˈaʊ
antifederalismo	ˌɐ̃ntʃifˌedeɾalˈizmʊ	ˌɐ̃ntʃifˌedeɾalˈizmʊ
antifederalismos	ˌɐ̃ntʃifˌedeɾalˈizmʊs	ˌɐ̃ntʃifˌedeɾalˈizmʊs
antifederalista	ˌɐ̃ntʃifˌedeɾalˈistɐ	ˌɐ̃ntʃifˌedeɾalˈistɐ
antifederalistas	ˌɐ̃ntʃifˌedeɾalˈistɐs	ˌɐ̃ntʃifˌedeɾalˈistɐs
antiferruginoso	ˌɐ̃ntʃifˌexuʒinˈozʊ	ˌɐ̃ntʃifˌexuʒinˈozʊ
antifilosófico	ˌɐ̃ntʃifˌilozˈɔfikʊ	ˌɐ̃ntʃifˌilozˈɔfikʊ
antifogo	ˌɐ̃ntʃifˈɔɡʊ	ˌɐ̃ntʃifˈoɡʊ
antifogos	ˌɐ̃ntʃifˈɔɡʊs	ˌɐ̃ntʃifˈɔɡʊs
antiga	ˌɐ̃ntʃˈiɡɐ	ˌɐ̃ntʃˈiɡɐ
antigamente	ˌɐ̃ntʃiɡɐmˈeɪntʃɪ	ˌɐ̃ntʃiɡɐmˈeɪntʃɪ
antigas	ˌɐ̃ntʃˈiɡɐs	ˌɐ̃ntʃˈiɡɐs
antigás	ˌɐ̃ntʃiɡˈas	ˌɐ̃ntʃiɡˈas
antigásico	ˌɐ̃ntʃiɡˈazikʊ	ˌɐ̃ntʃiɡˈazikʊ
antigénica	ˌɐ̃ntʃiʒˈɛnikɐ	ˌɐ̃ntʃiʒˈɛnikɐ
antigênica	ˌɐ̃ntʃiʒˈenikɐ	ˌɐ̃ntʃiʒˈenikɐ
antigénicas	ˌɐ̃ntʃiʒˈɛnikɐs	ˌɐ̃ntʃiʒˈɛnikɐs
antigênicas	ˌɐ̃ntʃiʒˈenikɐs	ˌɐ̃ntʃiʒˈenikɐs
antigénico	ˌɐ̃ntʃiʒˈɛnikʊ	ˌɐ̃ntʃiʒˈɛnikʊ
antigênico	ˌɐ̃ntʃiʒˈenikʊ	ˌɐ̃ntʃiʒˈenikʊ
antigénicos	ˌɐ̃ntʃiʒˈɛnikʊs	ˌɐ̃ntʃiʒˈɛnikʊs
antigênicos	ˌɐ̃ntʃiʒˈenikʊs	ˌɐ̃ntʃiʒˈenikʊs
antigénio	ˌɐ̃ntʃiʒˈɛnjʊ	ˌɐ̃ntʃiʒˈɛnjʊ
antigénios	ˌɐ̃ntʃiʒˈɛnjʊs	ˌɐ̃ntʃiʒˈɛnjʊs
antigeométrico	ˌɐ̃ntʃiʒˌeomˈɛtɾikʊ	ˌɐ̃ntʃiʒˌeomˈɛtɾikʊ
antigermânico	ˌɐ̃ntʃiʒeɾmˈɐ̃nikʊ	ˌɐ̃ntʃiʒˌeɾmˈɐ̃nikʊ
antigo	ˌɐ̃ntʃˈiɡʊ	ˌɐ̃ntʃˈiɡʊ
antigório	ˌɐ̃ntʃiɡˈɔɾjʊ	ˌɐ̃ntʃiɡˈɔɾjʊ
antigos	ˌɐ̃ntʃˈiɡʊs	ˌɐ̃ntʃˈiɡʊs
antigotoso	ˌɐ̃ntʃiɡotˈozʊ	ˌɐ̃ntʃiɡˌotˈozʊ
antigovernamental	ˌɐ̃ntʃiɡˌoveɾnˌɐmeɪntˈaʊ	ˌɐ̃ntʃiɡˌoveɾnˌɐmeɪntˈaʊ
antigramatical	ˌɐ̃ntʃiɡɾˌɐmatʃikˈaʊ	ˌɐ̃ntʃiɡɾˌɐmatʃikˈaʊ
antigrevista	ˌɐ̃ntʃiɡɾevˈistɐ	ˌɐ̃ntʃiɡɾevˈistɐ
antigripal	ˌɐ̃ntʃiɡɾipˈaʊ	ˌɐ̃ntʃiɡɾipˈaʊ
antiguana	ˌɐ̃ntʃiɡwˈɐ̃nɐ	ˌɐ̃ntʃiɡwˈɐ̃nɐ
antiguanas	ˌɐ̃ntʃiɡwˈɐ̃nɐs	ˌɐ̃ntʃiɡwˈɐ̃nɐs
antiguano	ˌɐ̃ntʃiɡwˈɐ̃nʊ	ˌɐ̃ntʃiɡwˈɐ̃nʊ
antiguanos	ˌɐ̃ntʃiɡwˈɐ̃nʊs	ˌɐ̃ntʃiɡwˈɐ̃nʊs
antiguidade	ˌɐ̃ntʃiɡwidˈadʒɪ	ˌɐ̃ntʃiɡˌidˈadʒɪ
antiguidades	ˌɐ̃ntʃiɡwidˈadʒɪs	ˌɐ̃ntʃiɡˌidˈadʒɪs
anti-herói	ɐ̃ntʃˈiʲeɾˈɔɪ	ˌɐ̃ntʃiʲeɾˈɔɪ
anti-heróis	ɐ̃ntʃˈiʲeɾˈɔɪs	ˌɐ̃ntʃiʲeɾˈɔɪs
anti-higiénica	ɐ̃ntʃˈiʲˌiʒjˈɛnikɐ	ˌɐ̃ntʃiʲˌiʒjˈɛnikɐ
anti-higienicamente	ɐ̃ntʃˈiʲˌiʒiʲˌenikɐmˈeɪntʃɪ	ˌɐ̃ntʃiʲˌiʒiʲˌenikɐmˈeɪntʃɪ
anti-higiénicas	ɐ̃ntʃˈiʲˌiʒjˈɛnikɐs	ˌɐ̃ntʃiʲˌiʒjˈɛnikɐs
anti-higiénico	ɐ̃ntʃˈiʲˌiʒjˈɛnikʊ	ˌɐ̃ntʃiʲˌiʒjˈɛnikʊ
anti-higiénicos	ɐ̃ntʃˈiʲˌiʒjˈɛnikʊs	ˌɐ̃ntʃiʲˌiʒjˈɛnikʊs
anti-imperiais	ɐ̃ntʃˈiʲˌĩmpeɾiʲˈaɪs	ˌɐ̃ntʃiʲˌĩmpeɾiʲˈaɪs
anti-imperial	ɐ̃ntʃˈiʲˌĩmpeɾiʲˈaʊ	ˌɐ̃ntʃiʲˌĩmpeɾiʲˈaʊ
anti-imperialismo	ɐ̃ntʃˈiʲˌĩmpeɾˌiʲalˈizmʊ	ˌɐ̃ntʃiʲˌĩmpeɾˌiʲalˈizmʊ
anti-imperialismos	ɐ̃ntʃˈiʲˌĩmpeɾˌiʲalˈizmʊs	ˌɐ̃ntʃiʲˌĩmpeɾˌiʲalˈizmʊs
anti-imperialista	ɐ̃ntʃˈiʲˌĩmpeɾˌiʲalˈistɐ	ˌɐ̃ntʃiʲˌĩmpeɾˌiʲalˈistɐ
anti-imperialistas	ɐ̃ntʃˈiʲˌĩmpeɾˌiʲalˈistɐs	ˌɐ̃ntʃiʲˌĩmpeɾˌiʲalˈistɐs
anti-imperialmente	ɐ̃ntʃˈiʲˌĩmpeɾˌiʲaʊmˈeɪntʃɪ	ˌɐ̃ntʃiʲˌĩmpeɾˌiʲaʊmˈeɪntʃɪ
anti-islâmica	ɐ̃ntʃˈiʲˌizlˈɐ̃mikɐ	ˌɐ̃ntʃiʲˌizlˈɐ̃mikɐ
anti-islâmicas	ɐ̃ntʃˈiʲˌizlˈɐ̃mikɐs	ˌɐ̃ntʃiʲˌizlˈɐ̃mikɐs
anti-islâmico	ɐ̃ntʃˈiʲˌizlˈɐ̃mikʊ	ˌɐ̃ntʃiʲˌizlˈɐ̃mikʊ
anti-islâmicos	ɐ̃ntʃˈiʲˌizlˈɐ̃mikʊs	ˌɐ̃ntʃiʲˌizlˈɐ̃mikʊs
anti-israelita	ɐ̃ntʃˈiʲˌizxaelˈitɐ	ˌɐ̃ntʃiʲˌizxaelˈitɐ
anti-israelitas	ɐ̃ntʃˈiʲˌizxaelˈitɐs	ˌɐ̃ntʃiʲˌizxaelˈitɐs
antijurídico	ˌɐ̃ntʃiʒuɾˈidʒikʊ	ˌɐ̃ntʃiʒˌuɾˈidʒikʊ
antiletárgico	ˌɐ̃ntʃiletˈaɾʒikʊ	ˌɐ̃ntʃilˌetˈaɾʒikʊ
antilhana	ˌɐ̃ntʃiʎˈɐ̃nɐ	ˌɐ̃ntʃiʎˈɐ̃nɐ
antilhanas	ˌɐ̃ntʃiʎˈɐ̃nɐs	ˌɐ̃ntʃiʎˈɐ̃nɐs
antilhano	ˌɐ̃ntʃiʎˈɐ̃nʊ	ˌɐ̃ntʃiʎˈɐ̃nʊ
antilhanos	ˌɐ̃ntʃiʎˈɐ̃nʊs	ˌɐ̃ntʃiʎˈɐ̃nʊs
Antilhas	ˌɐ̃ntʃˈiʎɐs	ˌɐ̃ntʃˈiʎɐs
antiliberais	ˌɐ̃ntʃilˌibeɾˈaɪs	ˌɐ̃ntʃilˌibeɾˈaɪs
antiliberal	ˌɐ̃ntʃilˌibeɾˈaʊ	ˌɐ̃ntʃilˌibeɾˈaʊ
antiliberalidade	ˌɐ̃ntʃilˌibeɾˌalidˈadʒɪ	ˌɐ̃ntʃilˌibeɾˌalidˈadʒɪ
antiliberalidades	ˌɐ̃ntʃilˌibeɾˌalidˈadʒɪs	ˌɐ̃ntʃilˌibeɾˌalidˈadʒɪs
antiliberalismo	ˌɐ̃ntʃilˌibeɾalˈizmʊ	ˌɐ̃ntʃilˌibeɾalˈizmʊ
antiliberalismos	ˌɐ̃ntʃilˌibeɾalˈizmʊs	ˌɐ̃ntʃilˌibeɾalˈizmʊs
antiliberalista	ˌɐ̃ntʃilˌibeɾalˈistɐ	ˌɐ̃ntʃilˌibeɾalˈistɐ
antiliberalistas	ˌɐ̃ntʃilˌibeɾalˈistɐs	ˌɐ̃ntʃilˌibeɾalˈistɐs
antiliberalmente	ˌɐ̃ntʃilˌibeɾaʊmˈeɪntʃɪ	ˌɐ̃ntʃilˌibeɾaʊmˈeɪntʃɪ
antilogaritmo	ˌɐ̃ntʃilˌoɡaɾˈitmʊ	ˌɐ̃ntʃilˌoɡaɾˈitmʊ
antilogismo	ˌɐ̃ntʃiloʒˈizmʊ	ˌɐ̃ntʃiloʒˈizmʊ
antilogismos	ˌɐ̃ntʃiloʒˈizmʊs	ˌɐ̃ntʃilˌoʒˈizmʊs
antimaçónica	ˌɐ̃ntʃimasˈɔnikɐ	ˌɐ̃ntʃimˌasˈɔnikɐ
antimaçónicas	ˌɐ̃ntʃimasˈɔnikɐs	ˌɐ̃ntʃimˌasˈɔnikɐs
antimaçónico	ˌɐ̃ntʃimasˈɔnikʊ	ˌɐ̃ntʃimˌasˈɔnikʊ
antimaçónicos	ˌɐ̃ntʃimasˈɔnikʊs	ˌɐ̃ntʃimˌasˈɔnikʊs
antimagnético	ˌɐ̃ntʃimaɡnˈɛtʃikʊ	ˌɐ̃ntʃimˌaɡnˈɛtʃikʊ
antimatéria	ˌɐ̃ntʃimatˈɛɾjɐ	ˌɐ̃ntʃimˌatˈɛɾjɐ
antimatério	ˌɐ̃ntʃimatˈɛɾjʊ	ˌɐ̃ntʃimˌatˈɛɾjʊ
antimatérios	ˌɐ̃ntʃimatˈɛɾjʊs	ˌɐ̃ntʃimˌatˈɛɾjʊs
antimelancólica	ˌɐ̃ntʃimˌelɐ̃ŋkˈɔlikɐ	ˌɐ̃ntʃimˌelɐ̃ŋkˈɔlikɐ
antimelancólicas	ˌɐ̃ntʃimˌelɐ̃ŋkˈɔlikɐs	ˌɐ̃ntʃimˌelɐ̃ŋkˈɔlikɐs
antimelancólico	ˌɐ̃ntʃimˌelɐ̃ŋkˈɔlikʊ	ˌɐ̃ntʃimˌelɐ̃ŋkˈɔlikʊ
antimelancólicos	ˌɐ̃ntʃimˌelɐ̃ŋkˈɔlikʊs	ˌɐ̃ntʃimˌelɐ̃ŋkˈɔlikʊs
antimelódico	ˌɐ̃ntʃimelˈɔdʒikʊ	ˌɐ̃ntʃimˌelˈɔdʒikʊ
antimelódicos	ˌɐ̃ntʃimelˈɔdʒikʊs	ˌɐ̃ntʃimˌelˈɔdʒikʊs
antimetátese	ˌɐ̃ntʃimetˈatezɪ	ˌɐ̃ntʃimˌetˈatezɪ
antimilitar	ˌɐ̃ntʃimˌilitˈaɾ	ˌɐ̃ntʃimˌilitˈaɾ
antimilitarismo	ˌɐ̃ntʃimˌilitaɾˈizmʊ	ˌɐ̃ntʃimˌilitaɾˈizmʊ
antimilitarismos	ˌɐ̃ntʃimˌilitaɾˈizmʊs	ˌɐ̃ntʃimˌilitaɾˈizmʊs
antimilitarista	ˌɐ̃ntʃimˌilitaɾˈistɐ	ˌɐ̃ntʃimˌilitaɾˈistɐ
antimonárquica	ˌɐ̃ntʃimonˈaɾkikɐ	ˌɐ̃ntʃimˌonˈaɾkikɐ
antimonárquicas	ˌɐ̃ntʃimonˈaɾkikɐs	ˌɐ̃ntʃimˌonˈaɾkikɐs
antimonárquico	ˌɐ̃ntʃimonˈaɾkikʊ	ˌɐ̃ntʃimˌonˈaɾkikʊ
antimonárquicos	ˌɐ̃ntʃimonˈaɾkikʊs	ˌɐ̃ntʃimˌonˈaɾkikʊs
antimónico	ˌɐ̃ntʃimˈɔnikʊ	ˌɐ̃ntʃimˈɔnikʊ
antimónio	ˌɐ̃ntʃimˈɔnjʊ	ˌɐ̃ntʃimˈɔnjʊ
antimônio	ˌɐ̃ntʃimˈonjʊ	ˌɐ̃ntʃimˈonjʊ
antimonióxido	ˌɐ̃ntʃimˌoniʲˈɔksidʊ	ˌɐ̃ntʃimˌoniʲˈɔksidʊ
antimoral	ˌɐ̃ntʃimoɾˈaʊ	ˌɐ̃ntʃimoɾˈaʊ
antinacional	ˌɐ̃ntʃinˌasjonˈaʊ	ˌɐ̃ntʃinˌasjonˈaʊ
antinarcótico	ˌɐ̃ntʃinaɾkˈɔtʃikʊ	ˌɐ̃ntʃinˌaɾkˈɔtʃikʊ
antinatural	ˌɐ̃ntʃinˌatuɾˈaʊ	ˌɐ̃ntʃinˌatuɾˈaʊ
antinazi	ˌɐ̃ntʃinazˈi	ˌɐ̃ntʃinazˈi
antinazis	ˌɐ̃ntʃinazˈis	ˌɐ̃ntʃinazˈis
antinazismo	ˌɐ̃ntʃinazˈizmʊ	ˌɐ̃ntʃinazˈizmʊ
antinazismos	ˌɐ̃ntʃinazˈizmʊs	ˌɐ̃ntʃinˌazˈizmʊs
antinazista	ˌɐ̃ntʃinazˈistɐ	ˌɐ̃ntʃinazˈistɐ
antinazistas	ˌɐ̃ntʃinazˈistɐs	ˌɐ̃ntʃinˌazˈistɐs
antineutrão	ˌɐ̃ntʃinˌeutɾˈɐ̃ʊ̃	ˌɐ̃ntʃinˌeutɾˈɐ̃ʊ̃
antineutrões	ˌɐ̃ntʃinˌeutɾˈõɪ̃s	ˌɐ̃ntʃinˌeutɾˈõɪ̃s
antinevrálgico	ˌɐ̃ntʃinevɾˈaʊʒikʊ	ˌɐ̃ntʃinˌevɾˈaʊʒikʊ
antinevrótico	ˌɐ̃ntʃinevɾˈɔtʃikʊ	ˌɐ̃ntʃinˌevɾˈɔtʃikʊ
antinódoa	ˌɐ̃ntʃinˈɔdoɐ	ˌɐ̃ntʃinˈɔdoɐ
antinomia	ˌɐ̃ntʃinomˈiʲɐ	ˌɐ̃ntʃinˌomˈiʲɐ
antinomias	ˌɐ̃ntʃinomˈiʲɐs	ˌɐ̃ntʃinˌomˈiʲɐs
antinómica	ˌɐ̃ntʃinˈɔmikɐ	ˌɐ̃ntʃinˈɔmikɐ
antinômica	ˌɐ̃ntʃinˈomikɐ	ˌɐ̃ntʃinˈomikɐ
antinómicas	ˌɐ̃ntʃinˈɔmikɐs	ˌɐ̃ntʃinˈɔmikɐs
antinômicas	ˌɐ̃ntʃinˈomikɐs	ˌɐ̃ntʃinˈomikɐs
antinómico	ˌɐ̃ntʃinˈɔmikʊ	ˌɐ̃ntʃinˈɔmikʊ
antinômico	ˌɐ̃ntʃinˈomikʊ	ˌɐ̃ntʃinˈomikʊ
antinómicos	ˌɐ̃ntʃinˈɔmikʊs	ˌɐ̃ntʃinˈɔmikʊs
antinômicos	ˌɐ̃ntʃinˈomikʊs	ˌɐ̃ntʃinˈomikʊs
antinomismo	ˌɐ̃ntʃinomˈizmʊ	ˌɐ̃ntʃinomˈizmʊ
antinomismos	ˌɐ̃ntʃinomˈizmʊs	ˌɐ̃ntʃinˌomˈizmʊs
antinuclear	ˌɐ̃ntʃinˌukleˈaɾ	ˌɐ̃ntʃinˌukleˈaɾ
antinucleares	ˌɐ̃ntʃinˌukleˈaɾɪs	ˌɐ̃ntʃinˌukleˈaɾɪs
antinupcial	ˌɐ̃ntʃinˌupsiʲˈaʊ	ˌɐ̃ntʃinˌupsiʲˈaʊ
antiobstipante	ˌɐ̃ntʃiʲˌobstʃipˈɐ̃ntʃɪ	ˌɐ̃ntʃiʲˌobstʃipˈɐ̃ntʃɪ
Antioquia	ˌɐ̃ntʃiʲokˈiʲɐ	ˌɐ̃ntʃiʲˌokˈiʲɐ
antioxidante	ˌɐ̃ntʃiʲˌoksidˈɐ̃ntʃɪ	ˌɐ̃ntʃiʲˌoksidˈɐ̃ntʃɪ
antioxidantes	ˌɐ̃ntʃiʲˌoksidˈɐ̃ntʃɪs	ˌɐ̃ntʃiʲˌoksidˈɐ̃ntʃɪs
antipapa	ˌɐ̃ntʃipˈapɐ	ˌɐ̃ntʃipˈapɐ
antipapado	ˌɐ̃ntʃipapˈadʊ	ˌɐ̃ntʃipˌapˈadʊ
antipapas	ˌɐ̃ntʃipˈapɐs	ˌɐ̃ntʃipˈapɐs
antipapismo	ˌɐ̃ntʃipapˈizmʊ	ˌɐ̃ntʃipapˈizmʊ
antipapismos	ˌɐ̃ntʃipapˈizmʊs	ˌɐ̃ntʃipˌapˈizmʊs
antipapista	ˌɐ̃ntʃipapˈistɐ	ˌɐ̃ntʃipapˈistɐ
antipapistas	ˌɐ̃ntʃipapˈistɐs	ˌɐ̃ntʃipˌapˈistɐs
antiparalelas	ˌɐ̃ntʃipˌaɾalˈɛlɐs	ˌɐ̃ntʃipˌaɾalˈɛlɐs
antiparalelismo	ˌɐ̃ntʃipˌaɾalelˈizmʊ	ˌɐ̃ntʃipˌaɾalelˈizmʊ
antiparalelismos	ˌɐ̃ntʃipˌaɾalelˈizmʊs	ˌɐ̃ntʃipˌaɾalelˈizmʊs
antiparasita	ˌɐ̃ntʃipˌaɾazˈitɐ	ˌɐ̃ntʃipˌaɾazˈitɐ
antiparlamentarismo	ˌɐ̃ntʃipˌaɾlɐmˌeɪntaɾˈizmʊ	ˌɐ̃ntʃipˌaɾlɐmˌeɪntaɾˈizmʊ
antiparlamentarismos	ˌɐ̃ntʃipˌaɾlɐmˌeɪntaɾˈizmʊs	ˌɐ̃ntʃipˌaɾlɐmˌeɪntaɾˈizmʊs
antipartícula	ˌɐ̃ntʃipaɾtʃˈikulɐ	ˌɐ̃ntʃipˌaɾtʃˈikulɐ
antipatia	ˌɐ̃ntʃipatʃˈiʲɐ	ˌɐ̃ntʃipˌatʃˈiʲɐ
antipatias	ˌɐ̃ntʃipatʃˈiʲɐs	ˌɐ̃ntʃipˌatʃˈiʲɐs
antipática	ˌɐ̃ntʃipˈatʃikɐ	ˌɐ̃ntʃipˈatʃikɐ
antipáticas	ˌɐ̃ntʃipˈatʃikɐs	ˌɐ̃ntʃipˈatʃikɐs
antipático	ˌɐ̃ntʃipˈatʃikʊ	ˌɐ̃ntʃipˈatʃikʊ
antipáticos	ˌɐ̃ntʃipˈatʃikʊs	ˌɐ̃ntʃipˈatʃikʊs
antipatiza	ˌɐ̃ntʃipatʃˈizɐ	ˌɐ̃ntʃipˌatʃˈizɐ
antipatizá	ˌɐ̃ntʃipˌatʃizˈa	ˌɐ̃ntʃipˌatʃizˈa
antipatizada	ˌɐ̃ntʃipˌatʃizˈadɐ	ˌɐ̃ntʃipˌatʃizˈadɐ
antipatizadas	ˌɐ̃ntʃipˌatʃizˈadɐs	ˌɐ̃ntʃipˌatʃizˈadɐs
antipatizado	ˌɐ̃ntʃipˌatʃizˈadʊ	ˌɐ̃ntʃipˌatʃizˈadʊ
antipatizados	ˌɐ̃ntʃipˌatʃizˈadʊs	ˌɐ̃ntʃipˌatʃizˈadʊs
antipatizai	ˌɐ̃ntʃipˌatʃizˈaɪ	ˌɐ̃ntʃipˌatʃizˈaɪ
antipatizais	ˌɐ̃ntʃipˌatʃizˈaɪs	ˌɐ̃ntʃipˌatʃizˈaɪs
antipatizam	ˌɐ̃ntʃipatʃˈizɐ̃ʊ̃	ˌɐ̃ntʃipˌatʃˈizɐ̃ʊ̃
antipatizamo	ˌɐ̃ntʃipˌatʃizˈɐ̃mʊ	ˌɐ̃ntʃipˌatʃizˈɐ̃mʊ
antipatizamos	ˌɐ̃ntʃipˌatʃizˈɐ̃mʊs	ˌɐ̃ntʃipˌatʃizˈɐ̃mʊs
antipatizámos	ˌɐ̃ntʃipˌatʃizˈamʊs	ˌɐ̃ntʃipˌatʃizˈamʊs
antipatizando	ˌɐ̃ntʃipˌatʃizˈɐ̃ndʊ	ˌɐ̃ntʃipˌatʃizˈɐ̃ndʊ
antipatizar	ˌɐ̃ntʃipˌatʃizˈaɾ	ˌɐ̃ntʃipˌatʃizˈaɾ
antipatizara	ˌɐ̃ntʃipˌatʃizˈaɾɐ	ˌɐ̃ntʃipˌatʃizˈaɾɐ
antipatizará	ˌɐ̃ntʃipˌatʃizaɾˈa	ˌɐ̃ntʃipˌatʃizaɾˈa
antipatizaram	ˌɐ̃ntʃipˌatʃizˈaɾɐ̃ʊ̃	ˌɐ̃ntʃipˌatʃizˈaɾɐ̃ʊ̃
antipatizáramos	ˌɐ̃ntʃipˌatʃizˈaɾɐmʊs	ˌɐ̃ntʃipˌatʃizˈaɾɐmʊs
antipatizarão	ˌɐ̃ntʃipˌatʃizaɾˈɐ̃ʊ̃	ˌɐ̃ntʃipˌatʃizaɾˈɐ̃ʊ̃
antipatizaras	ˌɐ̃ntʃipˌatʃizˈaɾɐs	ˌɐ̃ntʃipˌatʃizˈaɾɐs
antipatizarás	ˌɐ̃ntʃipˌatʃizaɾˈas	ˌɐ̃ntʃipˌatʃizaɾˈas
antipatizardes	ˌɐ̃ntʃipˌatʃizˈaɾdʒɪs	ˌɐ̃ntʃipˌatʃizˈaɾdʒɪs
antipatizarei	ˌɐ̃ntʃipˌatʃizaɾˈeɪ	ˌɐ̃ntʃipˌatʃizaɾˈeɪ
antipatizareis	ˌɐ̃ntʃipˌatʃizaɾˈeɪs	ˌɐ̃ntʃipˌatʃizaɾˈeɪs
antipatizáreis	ˌɐ̃ntʃipˌatʃizˈaɾeɪs	ˌɐ̃ntʃipˌatʃizˈaɾeɪs
antipatizarem	ˌɐ̃ntʃipˌatʃizˈaɾeɪm	ˌɐ̃ntʃipˌatʃizˈaɾeɪm
antipatizaremo	ˌɐ̃ntʃipˌatʃizaɾˈemʊ	ˌɐ̃ntʃipˌatʃizaɾˈemʊ
antipatizaremos	ˌɐ̃ntʃipˌatʃizaɾˈemʊs	ˌɐ̃ntʃipˌatʃizaɾˈemʊs
antipatizares	ˌɐ̃ntʃipˌatʃizˈaɾɪs	ˌɐ̃ntʃipˌatʃizˈaɾɪs
antipatizaria	ˌɐ̃ntʃipˌatʃizaɾˈiʲɐ	ˌɐ̃ntʃipˌatʃizaɾˈiʲɐ
antipatizariam	ˌɐ̃ntʃipˌatʃizaɾˈiʲɐ̃ʊ̃	ˌɐ̃ntʃipˌatʃizaɾˈiʲɐ̃ʊ̃
antipatizaríamos	ˌɐ̃ntʃipˌatʃizaɾˈiʲɐmʊs	ˌɐ̃ntʃipˌatʃizaɾˈiʲɐmʊs
antipatizarias	ˌɐ̃ntʃipˌatʃizaɾˈiʲɐs	ˌɐ̃ntʃipˌatʃizaɾˈiʲɐs
antipatizaríeis	ˌɐ̃ntʃipˌatʃizaɾˈiʲeɪs	ˌɐ̃ntʃipˌatʃizaɾˈiʲeɪs
antipatizarmo	ˌɐ̃ntʃipˌatʃizˈaɾmʊ	ˌɐ̃ntʃipˌatʃizˈaɾmʊ
antipatizarmos	ˌɐ̃ntʃipˌatʃizˈaɾmʊs	ˌɐ̃ntʃipˌatʃizˈaɾmʊs
antipatizas	ˌɐ̃ntʃipatʃˈizɐs	ˌɐ̃ntʃipˌatʃˈizɐs
antipatizasse	ˌɐ̃ntʃipˌatʃizˈasɪ	ˌɐ̃ntʃipˌatʃizˈasɪ
antipatizásseis	ˌɐ̃ntʃipˌatʃizˈaseɪs	ˌɐ̃ntʃipˌatʃizˈaseɪs
antipatizassem	ˌɐ̃ntʃipˌatʃizˈaseɪm	ˌɐ̃ntʃipˌatʃizˈaseɪm
antipatizássemos	ˌɐ̃ntʃipˌatʃizˈasemʊs	ˌɐ̃ntʃipˌatʃizˈasemʊs
antipatizasses	ˌɐ̃ntʃipˌatʃizˈasɪs	ˌɐ̃ntʃipˌatʃizˈasɪs
antipatizaste	ˌɐ̃ntʃipˌatʃizˈastʃɪ	ˌɐ̃ntʃipˌatʃizˈastʃɪ
antipatizastes	ˌɐ̃ntʃipˌatʃizˈastʃɪs	ˌɐ̃ntʃipˌatʃizˈastʃɪs
antipatizava	ˌɐ̃ntʃipˌatʃizˈavɐ	ˌɐ̃ntʃipˌatʃizˈavɐ
antipatizavam	ˌɐ̃ntʃipˌatʃizˈavɐ̃ʊ̃	ˌɐ̃ntʃipˌatʃizˈavɐ̃ʊ̃
antipatizávamos	ˌɐ̃ntʃipˌatʃizˈavɐmʊs	ˌɐ̃ntʃipˌatʃizˈavɐmʊs
antipatizavas	ˌɐ̃ntʃipˌatʃizˈavɐs	ˌɐ̃ntʃipˌatʃizˈavɐs
antipatizáveis	ˌɐ̃ntʃipˌatʃizˈaveɪs	ˌɐ̃ntʃipˌatʃizˈaveɪs
antipatize	ˌɐ̃ntʃipatʃˈizɪ	ˌɐ̃ntʃipˌatʃˈizɪ
antipatizei	ˌɐ̃ntʃipˌatʃizˈeɪ	ˌɐ̃ntʃipˌatʃizˈeɪ
antipatizeis	ˌɐ̃ntʃipˌatʃizˈeɪs	ˌɐ̃ntʃipˌatʃizˈeɪs
antipatizem	ˌɐ̃ntʃipatʃˈizeɪm	ˌɐ̃ntʃipˌatʃˈizeɪm
antipatizemo	ˌɐ̃ntʃipˌatʃizˈemʊ	ˌɐ̃ntʃipˌatʃizˈemʊ
antipatizemos	ˌɐ̃ntʃipˌatʃizˈemʊs	ˌɐ̃ntʃipˌatʃizˈemʊs
antipatizes	ˌɐ̃ntʃipatʃˈizɪs	ˌɐ̃ntʃipˌatʃˈizɪs
antipatizo	ˌɐ̃ntʃipatʃˈizʊ	ˌɐ̃ntʃipˌatʃˈizʊ
antipatizou	ˌɐ̃ntʃipˌatʃizˈoʊ	ˌɐ̃ntʃipˌatʃizˈoʊ
antipatriota	ˌɐ̃ntʃipˌatɾiʲˈɔtɐ	ˌɐ̃ntʃipˌatɾiʲˈɔtɐ
antipatriotas	ˌɐ̃ntʃipˌatɾiʲˈɔtɐs	ˌɐ̃ntʃipˌatɾiʲˈɔtɐs
antipatriótico	ˌɐ̃ntʃipˌatɾiʲˈɔtʃikʊ	ˌɐ̃ntʃipˌatɾiʲˈɔtʃikʊ
antipatriotismo	ˌɐ̃ntʃipˌatɾiʲotʃˈizmʊ	ˌɐ̃ntʃipˌatɾiʲotʃˈizmʊ
antipatriotismos	ˌɐ̃ntʃipˌatɾiʲotʃˈizmʊs	ˌɐ̃ntʃipˌatɾiʲotʃˈizmʊs
antipedagógico	ˌɐ̃ntʃipˌedaɡˈɔʒikʊ	ˌɐ̃ntʃipˌedaɡˈɔʒikʊ
antiperiódico	ˌɐ̃ntʃipˌeɾiʲˈɔdʒikʊ	ˌɐ̃ntʃipˌeɾiʲˈɔdʒikʊ
antiperistáltico	ˌɐ̃ntʃipˌeɾistˈaʊtʃikʊ	ˌɐ̃ntʃipˌeɾistˈaʊtʃikʊ
antipessoais	ˌɐ̃ntʃipˌesoˈaɪs	ˌɐ̃ntʃipˌesoˈaɪs
antipessoal	ˌɐ̃ntʃipˌesoˈaʊ	ˌɐ̃ntʃipˌesoˈaʊ
antipessoalidade	ˌɐ̃ntʃipˌesoˌalidˈadʒɪ	ˌɐ̃ntʃipˌesoˌalidˈadʒɪ
antipessoalidades	ˌɐ̃ntʃipˌesoˌalidˈadʒɪs	ˌɐ̃ntʃipˌesoˌalidˈadʒɪs
antipessoalismo	ˌɐ̃ntʃipˌesoalˈizmʊ	ˌɐ̃ntʃipˌesoalˈizmʊ
antipessoalismos	ˌɐ̃ntʃipˌesoalˈizmʊs	ˌɐ̃ntʃipˌesoalˈizmʊs
antipessoalíssima	ˌɐ̃ntʃipˌesoalˈisimɐ	ˌɐ̃ntʃipˌesoalˈisimɐ
antipessoalíssimas	ˌɐ̃ntʃipˌesoalˈisimɐs	ˌɐ̃ntʃipˌesoalˈisimɐs
antipessoalíssimo	ˌɐ̃ntʃipˌesoalˈisimʊ	ˌɐ̃ntʃipˌesoalˈisimʊ
antipessoalíssimos	ˌɐ̃ntʃipˌesoalˈisimʊs	ˌɐ̃ntʃipˌesoalˈisimʊs
antipessoalmente	ˌɐ̃ntʃipˌesoaʊmˈeɪntʃɪ	ˌɐ̃ntʃipˌesoaʊmˈeɪntʃɪ
antipirética	ˌɐ̃ntʃipiɾˈɛtʃikɐ	ˌɐ̃ntʃipˌiɾˈɛtʃikɐ
antipiréticas	ˌɐ̃ntʃipiɾˈɛtʃikɐs	ˌɐ̃ntʃipˌiɾˈɛtʃikɐs
antipirético	ˌɐ̃ntʃipiɾˈɛtʃikʊ	ˌɐ̃ntʃipˌiɾˈɛtʃikʊ
antipiréticos	ˌɐ̃ntʃipiɾˈɛtʃikʊs	ˌɐ̃ntʃipˌiɾˈɛtʃikʊs
antiplaquetária	ˌɐ̃ntʃiplˌaketˈaɾjɐ	ˌɐ̃ntʃiplˌaketˈaɾjɐ
antiplaquetárias	ˌɐ̃ntʃiplˌaketˈaɾjɐs	ˌɐ̃ntʃiplˌaketˈaɾjɐs
antiplaquetário	ˌɐ̃ntʃiplˌaketˈaɾjʊ	ˌɐ̃ntʃiplˌaketˈaɾjʊ
antiplaquetários	ˌɐ̃ntʃiplˌaketˈaɾjʊs	ˌɐ̃ntʃiplˌaketˈaɾjʊs
antiplástico	ˌɐ̃ntʃiplˈastʃikʊ	ˌɐ̃ntʃiplˈastʃikʊ
antipódico	ˌɐ̃ntʃipˈɔdʒikʊ	ˌɐ̃ntʃipˈɔdʒikʊ
antipoético	ˌɐ̃ntʃipoˈɛtʃikʊ	ˌɐ̃ntʃipˌoˈɛtʃikʊ
antipolítica	ˌɐ̃ntʃipolˈitʃikɐ	ˌɐ̃ntʃipˌolˈitʃikɐ
antipolíticas	ˌɐ̃ntʃipolˈitʃikɐs	ˌɐ̃ntʃipˌolˈitʃikɐs
antipolítico	ˌɐ̃ntʃipolˈitʃikʊ	ˌɐ̃ntʃipˌolˈitʃikʊ
antipolíticos	ˌɐ̃ntʃipolˈitʃikʊs	ˌɐ̃ntʃipˌolˈitʃikʊs
antipopular	ˌɐ̃ntʃipˌopulˈaɾ	ˌɐ̃ntʃipˌopulˈaɾ
antiprotão	ˌɐ̃ntʃipɾotˈɐ̃ʊ̃	ˌɐ̃ntʃipɾotˈɐ̃ʊ̃
antiprotões	ˌɐ̃ntʃipɾotˈõɪ̃s	ˌɐ̃ntʃipɾotˈõɪ̃s
antiqua	ˌɐ̃ntʃˈikwɐ	ˌɐ̃ntʃˈikwɐ
antiquá	ˌɐ̃ntʃikwˈa	ˌɐ̃ntʃikwˈa
antiquada	ˌɐ̃ntʃikwˈadɐ	ˌɐ̃ntʃikwˈadɐ
antiquadas	ˌɐ̃ntʃikwˈadɐs	ˌɐ̃ntʃikwˈadɐs
antiquado	ˌɐ̃ntʃikwˈadʊ	ˌɐ̃ntʃikwˈadʊ
antiquados	ˌɐ̃ntʃikwˈadʊs	ˌɐ̃ntʃikwˈadʊs
antiquai	ˌɐ̃ntʃikwˈaɪ	ˌɐ̃ntʃikwˈaɪ
antiquais	ˌɐ̃ntʃikwˈaɪs	ˌɐ̃ntʃikwˈaɪs
antiquam	ˌɐ̃ntʃˈikwɐ̃ʊ̃	ˌɐ̃ntʃˈikwɐ̃ʊ̃
antiquamos	ˌɐ̃ntʃikwˈɐ̃mʊs	ˌɐ̃ntʃikwˈɐ̃mʊs
antiquámos	ˌɐ̃ntʃikwˈamʊs	ˌɐ̃ntʃikwˈamʊs
antiquando	ˌɐ̃ntʃikwˈɐ̃ndʊ	ˌɐ̃ntʃikwˈɐ̃ndʊ
antiquar	ˌɐ̃ntʃikwˈaɾ	ˌɐ̃ntʃikwˈaɾ
antiquara	ˌɐ̃ntʃikwˈaɾɐ	ˌɐ̃ntʃikwˈaɾɐ
antiquará	ˌɐ̃ntʃikwaɾˈa	ˌɐ̃ntʃikwaɾˈa
antiquaram	ˌɐ̃ntʃikwˈaɾɐ̃ʊ̃	ˌɐ̃ntʃikwˈaɾɐ̃ʊ̃
antiquáramos	ˌɐ̃ntʃikwˈaɾɐmʊs	ˌɐ̃ntʃikwˈaɾɐmʊs
antiquarão	ˌɐ̃ntʃikwaɾˈɐ̃ʊ̃	ˌɐ̃ntʃikwaɾˈɐ̃ʊ̃
antiquaras	ˌɐ̃ntʃikwˈaɾɐs	ˌɐ̃ntʃikwˈaɾɐs
antiquarás	ˌɐ̃ntʃikwaɾˈas	ˌɐ̃ntʃikwaɾˈas
antiquardes	ˌɐ̃ntʃikwˈaɾdʒɪs	ˌɐ̃ntʃikwˈaɾdʒɪs
antiquarei	ˌɐ̃ntʃikwaɾˈeɪ	ˌɐ̃ntʃikwaɾˈeɪ
antiquareis	ˌɐ̃ntʃikwaɾˈeɪs	ˌɐ̃ntʃikwaɾˈeɪs
antiquáreis	ˌɐ̃ntʃikwˈaɾeɪs	ˌɐ̃ntʃikwˈaɾeɪs
antiquarem	ˌɐ̃ntʃikwˈaɾeɪm	ˌɐ̃ntʃikwˈaɾeɪm
antiquaremos	ˌɐ̃ntʃikwaɾˈemʊs	ˌɐ̃ntʃikwˌaɾˈemʊs
antiquares	ˌɐ̃ntʃikwˈaɾɪs	ˌɐ̃ntʃikwˈaɾɪs
antiquaria	ˌɐ̃ntʃikwaɾˈiʲɐ	ˌɐ̃ntʃikwˌaɾˈiʲɐ
antiquária	ˌɐ̃ntʃikwˈaɾjɐ	ˌɐ̃ntʃikwˈaɾjɐ
antiquariam	ˌɐ̃ntʃikwaɾˈiʲɐ̃ʊ̃	ˌɐ̃ntʃikwˌaɾˈiʲɐ̃ʊ̃
antiquaríamos	ˌɐ̃ntʃikwaɾˈiʲɐmʊs	ˌɐ̃ntʃikwˌaɾˈiʲɐmʊs
antiquarias	ˌɐ̃ntʃikwaɾˈiʲɐs	ˌɐ̃ntʃikwˌaɾˈiʲɐs
antiquárias	ˌɐ̃ntʃikwˈaɾjɐs	ˌɐ̃ntʃikwˈaɾjɐs
antiquaríeis	ˌɐ̃ntʃikwaɾˈiʲeɪs	ˌɐ̃ntʃikwˌaɾˈiʲeɪs
antiquário	ˌɐ̃ntʃikwˈaɾjʊ	ˌɐ̃ntʃikwˈaɾjʊ
antiquários	ˌɐ̃ntʃikwˈaɾjʊs	ˌɐ̃ntʃikwˈaɾjʊs
antiquarmos	ˌɐ̃ntʃikwˈaɾmʊs	ˌɐ̃ntʃikwˈaɾmʊs
antiquas	ˌɐ̃ntʃˈikwɐs	ˌɐ̃ntʃˈikwɐs
antiquasse	ˌɐ̃ntʃikwˈasɪ	ˌɐ̃ntʃikwˈasɪ
antiquásseis	ˌɐ̃ntʃikwˈaseɪs	ˌɐ̃ntʃikwˈaseɪs
antiquassem	ˌɐ̃ntʃikwˈaseɪm	ˌɐ̃ntʃikwˈaseɪm
antiquássemos	ˌɐ̃ntʃikwˈasemʊs	ˌɐ̃ntʃikwˈasemʊs
antiquasses	ˌɐ̃ntʃikwˈasɪs	ˌɐ̃ntʃikwˈasɪs
antiquaste	ˌɐ̃ntʃikwˈastʃɪ	ˌɐ̃ntʃikwˈastʃɪ
antiquastes	ˌɐ̃ntʃikwˈastʃɪs	ˌɐ̃ntʃikwˈastʃɪs
antiquava	ˌɐ̃ntʃikwˈavɐ	ˌɐ̃ntʃikwˈavɐ
antiquavam	ˌɐ̃ntʃikwˈavɐ̃ʊ̃	ˌɐ̃ntʃikwˈavɐ̃ʊ̃
antiquávamos	ˌɐ̃ntʃikwˈavɐmʊs	ˌɐ̃ntʃikwˈavɐmʊs
antiquavas	ˌɐ̃ntʃikwˈavɐs	ˌɐ̃ntʃikwˈavɐs
antiquáveis	ˌɐ̃ntʃikwˈaveɪs	ˌɐ̃ntʃikwˈaveɪs
antique	ˌɐ̃ntʃˈikɪ	ˌɐ̃ntʃˈikɪ
antiquei	ˌɐ̃ntʃikˈeɪ	ˌɐ̃ntʃikˈeɪ
antiqueis	ˌɐ̃ntʃikˈeɪs	ˌɐ̃ntʃikˈeɪs
antiquem	ˌɐ̃ntʃˈikeɪm	ˌɐ̃ntʃˈikeɪm
antiquém	ˌɐ̃ntʃikˈeɪm	ˌɐ̃ntʃikˈeɪm
antiquemos	ˌɐ̃ntʃikˈemʊs	ˌɐ̃ntʃikˈemʊs
antiques	ˌɐ̃ntʃˈikɪs	ˌɐ̃ntʃˈikɪs
antiquíssima	ˌɐ̃ntʃikˈisimɐ	ˌɐ̃ntʃikˈisimɐ
antiqüíssima	ˌɐ̃ntʃikwˈisimɐ	ˌɐ̃ntʃikwˈisimɐ
antiquíssimas	ˌɐ̃ntʃikˈisimɐs	ˌɐ̃ntʃikˈisimɐs
antiqüíssimas	ˌɐ̃ntʃikwˈisimɐs	ˌɐ̃ntʃikwˈisimɐs
antiquíssimo	ˌɐ̃ntʃikˈisimʊ	ˌɐ̃ntʃikˈisimʊ
antiqüíssimo	ˌɐ̃ntʃikwˈisimʊ	ˌɐ̃ntʃikwˈisimʊ
antiquíssimos	ˌɐ̃ntʃikˈisimʊs	ˌɐ̃ntʃikˈisimʊs
antiqüíssimos	ˌɐ̃ntʃikwˈisimʊs	ˌɐ̃ntʃikwˈisimʊs
antiquo	ˌɐ̃ntʃˈikwʊ	ˌɐ̃ntʃˈikwʊ
antiquou	ˌɐ̃ntʃikwˈoʊ	ˌɐ̃ntʃikwˈoʊ
antirracional	ˌɐ̃ntʃixˌasjonˈaʊ	ˌɐ̃ntʃixˌasjonˈaʊ
antirracismo	ˌɐ̃ntʃixasˈizmʊ	ˌɐ̃ntʃixasˈizmʊ
antirracismos	ˌɐ̃ntʃixasˈizmʊs	ˌɐ̃ntʃixˌasˈizmʊs
antirracista	ˌɐ̃ntʃixasˈistɐ	ˌɐ̃ntʃixasˈistɐ
antirracistas	ˌɐ̃ntʃixasˈistɐs	ˌɐ̃ntʃixˌasˈistɐs
antirraquítico	ˌɐ̃ntʃixakˈitʃikʊ	ˌɐ̃ntʃixˌakˈitʃikʊ
antirrealismo	ˌɐ̃ntʃixˌealˈizmʊ	ˌɐ̃ntʃixˌealˈizmʊ
antirregulamenta	ˌɐ̃ntʃixˌeɡulɐmˈeɪntɐ	ˌɐ̃ntʃixˌeɡulɐmˈeɪntɐ
antirregulamentá	ˌɐ̃ntʃixˌeɡulˌɐmeɪntˈa	ˌɐ̃ntʃixˌeɡulˌɐmeɪntˈa
antirregulamentação	ˌɐ̃ntʃixˌeɡulˌɐmeɪntasˈɐ̃ʊ̃	ˌɐ̃ntʃixˌeɡulˌɐmeɪntasˈɐ̃ʊ̃
antirregulamentações	ˌɐ̃ntʃixˌeɡulˌɐmeɪntasˈõɪ̃s	ˌɐ̃ntʃixˌeɡulˌɐmeɪntasˈõɪ̃s
antirregulamentada	ˌɐ̃ntʃixˌeɡulˌɐmeɪntˈadɐ	ˌɐ̃ntʃixˌeɡulˌɐmeɪntˈadɐ
antirregulamentadas	ˌɐ̃ntʃixˌeɡulˌɐmeɪntˈadɐs	ˌɐ̃ntʃixˌeɡulˌɐmeɪntˈadɐs
antirregulamentado	ˌɐ̃ntʃixˌeɡulˌɐmeɪntˈadʊ	ˌɐ̃ntʃixˌeɡulˌɐmeɪntˈadʊ
antirregulamentados	ˌɐ̃ntʃixˌeɡulˌɐmeɪntˈadʊs	ˌɐ̃ntʃixˌeɡulˌɐmeɪntˈadʊs
antirregulamentai	ˌɐ̃ntʃixˌeɡulˌɐmeɪntˈaɪ	ˌɐ̃ntʃixˌeɡulˌɐmeɪntˈaɪ
antirregulamentais	ˌɐ̃ntʃixˌeɡulˌɐmeɪntˈaɪs	ˌɐ̃ntʃixˌeɡulˌɐmeɪntˈaɪs
antirregulamentam	ˌɐ̃ntʃixˌeɡulɐmˈeɪntɐ̃ʊ̃	ˌɐ̃ntʃixˌeɡulɐmˈeɪntɐ̃ʊ̃
antirregulamentamos	ˌɐ̃ntʃixˌeɡulˌɐmeɪntˈɐ̃mʊs	ˌɐ̃ntʃixˌeɡulˌɐmeɪntˈɐ̃mʊs
antirregulamentámos	ˌɐ̃ntʃixˌeɡulˌɐmeɪntˈamʊs	ˌɐ̃ntʃixˌeɡulˌɐmeɪntˈamʊs
antirregulamentando	ˌɐ̃ntʃixˌeɡulˌɐmeɪntˈɐ̃ndʊ	ˌɐ̃ntʃixˌeɡulˌɐmeɪntˈɐ̃ndʊ
antirregulamentar	ˌɐ̃ntʃixˌeɡulˌɐmeɪntˈaɾ	ˌɐ̃ntʃixˌeɡulˌɐmeɪntˈaɾ
antirregulamentara	ˌɐ̃ntʃixˌeɡulˌɐmeɪntˈaɾɐ	ˌɐ̃ntʃixˌeɡulˌɐmeɪntˈaɾɐ
antirregulamentará	ˌɐ̃ntʃixˌeɡulˌɐmeɪntaɾˈa	ˌɐ̃ntʃixˌeɡulˌɐmeɪntaɾˈa
antirregulamentaram	ˌɐ̃ntʃixˌeɡulˌɐmeɪntˈaɾɐ̃ʊ̃	ˌɐ̃ntʃixˌeɡulˌɐmeɪntˈaɾɐ̃ʊ̃
antirregulamentáramos	ˌɐ̃ntʃixˌeɡulˌɐmeɪntˈaɾɐmʊs	ˌɐ̃ntʃixˌeɡulˌɐmeɪntˈaɾɐmʊs
antirregulamentarão	ˌɐ̃ntʃixˌeɡulˌɐmeɪntaɾˈɐ̃ʊ̃	ˌɐ̃ntʃixˌeɡulˌɐmeɪntaɾˈɐ̃ʊ̃
antirregulamentaras	ˌɐ̃ntʃixˌeɡulˌɐmeɪntˈaɾɐs	ˌɐ̃ntʃixˌeɡulˌɐmeɪntˈaɾɐs
antirregulamentarás	ˌɐ̃ntʃixˌeɡulˌɐmeɪntaɾˈas	ˌɐ̃ntʃixˌeɡulˌɐmeɪntaɾˈas
antirregulamentardes	ˌɐ̃ntʃixˌeɡulˌɐmeɪntˈaɾdʒɪs	ˌɐ̃ntʃixˌeɡulˌɐmeɪntˈaɾdʒɪs
antirregulamentarei	ˌɐ̃ntʃixˌeɡulˌɐmeɪntaɾˈeɪ	ˌɐ̃ntʃixˌeɡulˌɐmeɪntaɾˈeɪ
antirregulamentareis	ˌɐ̃ntʃixˌeɡulˌɐmeɪntaɾˈeɪs	ˌɐ̃ntʃixˌeɡulˌɐmeɪntaɾˈeɪs
antirregulamentáreis	ˌɐ̃ntʃixˌeɡulˌɐmeɪntˈaɾeɪs	ˌɐ̃ntʃixˌeɡulˌɐmeɪntˈaɾeɪs
antirregulamentarem	ˌɐ̃ntʃixˌeɡulˌɐmeɪntˈaɾeɪm	ˌɐ̃ntʃixˌeɡulˌɐmeɪntˈaɾeɪm
antirregulamentaremos	ˌɐ̃ntʃixˌeɡulˌɐmeɪntaɾˈemʊs	ˌɐ̃ntʃixˌeɡulˌɐmeɪntaɾˈemʊs
antirregulamentares	ˌɐ̃ntʃixˌeɡulˌɐmeɪntˈaɾɪs	ˌɐ̃ntʃixˌeɡulˌɐmeɪntˈaɾɪs
antirregulamentaria	ˌɐ̃ntʃixˌeɡulˌɐmeɪntaɾˈiʲɐ	ˌɐ̃ntʃixˌeɡulˌɐmeɪntaɾˈiʲɐ
antirregulamentariam	ˌɐ̃ntʃixˌeɡulˌɐmeɪntaɾˈiʲɐ̃ʊ̃	ˌɐ̃ntʃixˌeɡulˌɐmeɪntaɾˈiʲɐ̃ʊ̃
antirregulamentaríamos	ˌɐ̃ntʃixˌeɡulˌɐmeɪntaɾˈiʲɐmʊs	ˌɐ̃ntʃixˌeɡulˌɐmeɪntaɾˈiʲɐmʊs
antirregulamentarias	ˌɐ̃ntʃixˌeɡulˌɐmeɪntaɾˈiʲɐs	ˌɐ̃ntʃixˌeɡulˌɐmeɪntaɾˈiʲɐs
antirregulamentaríeis	ˌɐ̃ntʃixˌeɡulˌɐmeɪntaɾˈiʲeɪs	ˌɐ̃ntʃixˌeɡulˌɐmeɪntaɾˈiʲeɪs
antirregulamentarmos	ˌɐ̃ntʃixˌeɡulˌɐmeɪntˈaɾmʊs	ˌɐ̃ntʃixˌeɡulˌɐmeɪntˈaɾmʊs
antirregulamentas	ˌɐ̃ntʃixˌeɡulɐmˈeɪntɐs	ˌɐ̃ntʃixˌeɡulɐmˈeɪntɐs
antirregulamentasse	ˌɐ̃ntʃixˌeɡulˌɐmeɪntˈasɪ	ˌɐ̃ntʃixˌeɡulˌɐmeɪntˈasɪ
antirregulamentásseis	ˌɐ̃ntʃixˌeɡulˌɐmeɪntˈaseɪs	ˌɐ̃ntʃixˌeɡulˌɐmeɪntˈaseɪs
antirregulamentassem	ˌɐ̃ntʃixˌeɡulˌɐmeɪntˈaseɪm	ˌɐ̃ntʃixˌeɡulˌɐmeɪntˈaseɪm
antirregulamentássemos	ˌɐ̃ntʃixˌeɡulˌɐmeɪntˈasemʊs	ˌɐ̃ntʃixˌeɡulˌɐmeɪntˈasemʊs
antirregulamentasses	ˌɐ̃ntʃixˌeɡulˌɐmeɪntˈasɪs	ˌɐ̃ntʃixˌeɡulˌɐmeɪntˈasɪs
antirregulamentaste	ˌɐ̃ntʃixˌeɡulˌɐmeɪntˈastʃɪ	ˌɐ̃ntʃixˌeɡulˌɐmeɪntˈastʃɪ
antirregulamentastes	ˌɐ̃ntʃixˌeɡulˌɐmeɪntˈastʃɪs	ˌɐ̃ntʃixˌeɡulˌɐmeɪntˈastʃɪs
antirregulamentava	ˌɐ̃ntʃixˌeɡulˌɐmeɪntˈavɐ	ˌɐ̃ntʃixˌeɡulˌɐmeɪntˈavɐ
antirregulamentavam	ˌɐ̃ntʃixˌeɡulˌɐmeɪntˈavɐ̃ʊ̃	ˌɐ̃ntʃixˌeɡulˌɐmeɪntˈavɐ̃ʊ̃
antirregulamentávamos	ˌɐ̃ntʃixˌeɡulˌɐmeɪntˈavɐmʊs	ˌɐ̃ntʃixˌeɡulˌɐmeɪntˈavɐmʊs
antirregulamentavas	ˌɐ̃ntʃixˌeɡulˌɐmeɪntˈavɐs	ˌɐ̃ntʃixˌeɡulˌɐmeɪntˈavɐs
antirregulamentáveis	ˌɐ̃ntʃixˌeɡulˌɐmeɪntˈaveɪs	ˌɐ̃ntʃixˌeɡulˌɐmeɪntˈaveɪs
antirregulamente	ˌɐ̃ntʃixˌeɡulɐmˈeɪntʃɪ	ˌɐ̃ntʃixˌeɡulɐmˈeɪntʃɪ
antirregulamentei	ˌɐ̃ntʃixˌeɡulˌɐmeɪntˈeɪ	ˌɐ̃ntʃixˌeɡulˌɐmeɪntˈeɪ
antirregulamenteis	ˌɐ̃ntʃixˌeɡulˌɐmeɪntˈeɪs	ˌɐ̃ntʃixˌeɡulˌɐmeɪntˈeɪs
antirregulamentem	ˌɐ̃ntʃixˌeɡulɐmˈeɪnteɪm	ˌɐ̃ntʃixˌeɡulɐmˈeɪnteɪm
antirregulamentemos	ˌɐ̃ntʃixˌeɡulˌɐmeɪntˈemʊs	ˌɐ̃ntʃixˌeɡulˌɐmeɪntˈemʊs
antirregulamentes	ˌɐ̃ntʃixˌeɡulɐmˈeɪntʃɪs	ˌɐ̃ntʃixˌeɡulɐmˈeɪntʃɪs
antirregulamento	ˌɐ̃ntʃixˌeɡulɐmˈeɪntʊ	ˌɐ̃ntʃixˌeɡulɐmˈeɪntʊ
antirregulamentou	ˌɐ̃ntʃixˌeɡulˌɐmeɪntˈoʊ	ˌɐ̃ntʃixˌeɡulˌɐmeɪntˈoʊ
antirreligiosa	ˌɐ̃ntʃixˌeliʒiʲˈɔzɐ	ˌɐ̃ntʃixˌeliʒiʲˈɔzɐ
antirreligiosamente	ˌɐ̃ntʃixˌeliʒˌiʲɔzɐmˈeɪntʃɪ	ˌɐ̃ntʃixˌeliʒˌiʲɔzɐmˈeɪntʃɪ
antirreligiosas	ˌɐ̃ntʃixˌeliʒiʲˈɔzɐs	ˌɐ̃ntʃixˌeliʒiʲˈɔzɐs
antirreligiosidade	ˌɐ̃ntʃixˌeliʒˌiʲozidˈadʒɪ	ˌɐ̃ntʃixˌeliʒˌiʲozidˈadʒɪ
antirreligiosidades	ˌɐ̃ntʃixˌeliʒˌiʲozidˈadʒɪs	ˌɐ̃ntʃixˌeliʒˌiʲozidˈadʒɪs
antirreligiosismo	ˌɐ̃ntʃixˌeliʒˌiʲozˈizmʊ	ˌɐ̃ntʃixˌeliʒˌiʲozˈizmʊ
antirreligiosismos	ˌɐ̃ntʃixˌeliʒˌiʲozˈizmʊs	ˌɐ̃ntʃixˌeliʒˌiʲozˈizmʊs
antirreligioso	ˌɐ̃ntʃixˌeliʒiʲˈozʊ	ˌɐ̃ntʃixˌeliʒiʲˈozʊ
antirreligiosos	ˌɐ̃ntʃixˌeliʒiʲˈɔzʊs	ˌɐ̃ntʃixˌeliʒiʲˈɔzʊs
antirrepublicana	ˌɐ̃ntʃixˌepublikˈɐ̃nɐ	ˌɐ̃ntʃixˌepublikˈɐ̃nɐ
antirrepublicanas	ˌɐ̃ntʃixˌepublikˈɐ̃nɐs	ˌɐ̃ntʃixˌepublikˈɐ̃nɐs
antirrepublicanismo	ˌɐ̃ntʃixˌepublˌikɐnˈizmʊ	ˌɐ̃ntʃixˌepublˌikɐnˈizmʊ
antirrepublicanismos	ˌɐ̃ntʃixˌepublˌikɐnˈizmʊs	ˌɐ̃ntʃixˌepublˌikɐnˈizmʊs
antirrepublicano	ˌɐ̃ntʃixˌepublikˈɐ̃nʊ	ˌɐ̃ntʃixˌepublikˈɐ̃nʊ
antirrepublicanos	ˌɐ̃ntʃixˌepublikˈɐ̃nʊs	ˌɐ̃ntʃixˌepublikˈɐ̃nʊs
antirrevolucionária	ˌɐ̃ntʃixˌevolˌusjonˈaɾjɐ	ˌɐ̃ntʃixˌevolˌusjonˈaɾjɐ
antirrevolucionariamente	ˌɐ̃ntʃixˌevolˌusjonˌaɾiʲɐmˈeɪntʃɪ	ˌɐ̃ntʃixˌevolˌusjonˌaɾiʲɐmˈeɪntʃɪ
antirrevolucionárias	ˌɐ̃ntʃixˌevolˌusjonˈaɾjɐs	ˌɐ̃ntʃixˌevolˌusjonˈaɾjɐs
antirrevolucionário	ˌɐ̃ntʃixˌevolˌusjonˈaɾjʊ	ˌɐ̃ntʃixˌevolˌusjonˈaɾjʊ
antirrevolucionários	ˌɐ̃ntʃixˌevolˌusjonˈaɾjʊs	ˌɐ̃ntʃixˌevolˌusjonˈaɾjʊs
antirroubo	ˌɐ̃ntʃixˈoʊbʊ	ˌɐ̃ntʃixˈoʊbʊ
antirroubos	ˌɐ̃ntʃixˈoʊbʊs	ˌɐ̃ntʃixˈoʊbʊs
antirrugas	ˌɐ̃ntʃixˈuɡɐs	ˌɐ̃ntʃixˈuɡɐs
antirruído	ˌɐ̃ntʃixuˈidʊ	ˌɐ̃ntʃixˌuˈidʊ
antirruídos	ˌɐ̃ntʃixuˈidʊs	ˌɐ̃ntʃixˌuˈidʊs
antissemita	ˌɐ̃ntʃisemˈitɐ	ˌɐ̃ntʃisˌemˈitɐ
antissemitas	ˌɐ̃ntʃisemˈitɐs	ˌɐ̃ntʃisˌemˈitɐs
antissemitismo	ˌɐ̃ntʃisˌemitʃˈizmʊ	ˌɐ̃ntʃisˌemitʃˈizmʊ
antissemitismos	ˌɐ̃ntʃisˌemitʃˈizmʊs	ˌɐ̃ntʃisˌemitʃˈizmʊs
antissepsia	ˌɐ̃ntʃisepsˈiʲɐ	ˌɐ̃ntʃisˌepsˈiʲɐ
antisséptica	ˌɐ̃ntʃisˈɛptʃikɐ	ˌɐ̃ntʃisˈɛptʃikɐ
antissépticas	ˌɐ̃ntʃisˈɛptʃikɐs	ˌɐ̃ntʃisˈɛptʃikɐs
antisséptico	ˌɐ̃ntʃisˈɛptʃikʊ	ˌɐ̃ntʃisˈɛptʃikʊ
antissépticos	ˌɐ̃ntʃisˈɛptʃikʊs	ˌɐ̃ntʃisˈɛptʃikʊs
antissética	ˌɐ̃ntʃisˈɛtʃikɐ	ˌɐ̃ntʃisˈɛtʃikɐ
antisséticas	ˌɐ̃ntʃisˈɛtʃikɐs	ˌɐ̃ntʃisˈɛtʃikɐs
antissético	ˌɐ̃ntʃisˈɛtʃikʊ	ˌɐ̃ntʃisˈɛtʃikʊ
antisséticos	ˌɐ̃ntʃisˈɛtʃikʊs	ˌɐ̃ntʃisˈɛtʃikʊs
antissismo	ˌɐ̃ntʃisˈizmʊ	ˌɐ̃ntʃisˈizmʊ
antissismos	ˌɐ̃ntʃisˈizmʊs	ˌɐ̃ntʃisˈizmʊs
antissociais	ˌɐ̃ntʃisˌosiʲˈaɪs	ˌɐ̃ntʃisˌosiʲˈaɪs
antissocial	ˌɐ̃ntʃisˌosiʲˈaʊ	ˌɐ̃ntʃisˌosiʲˈaʊ
antissocialismo	ˌɐ̃ntʃisˌosiʲalˈizmʊ	ˌɐ̃ntʃisˌosiʲalˈizmʊ
antissocialismos	ˌɐ̃ntʃisˌosiʲalˈizmʊs	ˌɐ̃ntʃisˌosiʲalˈizmʊs
antissocialista	ˌɐ̃ntʃisˌosiʲalˈistɐ	ˌɐ̃ntʃisˌosiʲalˈistɐ
antissocialistas	ˌɐ̃ntʃisˌosiʲalˈistɐs	ˌɐ̃ntʃisˌosiʲalˈistɐs
antissocialmente	ˌɐ̃ntʃisˌosiʲaʊmˈeɪntʃɪ	ˌɐ̃ntʃisˌosiʲaʊmˈeɪntʃɪ
antissoviética	ˌɐ̃ntʃisovjˈɛtʃikɐ	ˌɐ̃ntʃisˌovjˈɛtʃikɐ
antissoviéticas	ˌɐ̃ntʃisovjˈɛtʃikɐs	ˌɐ̃ntʃisˌovjˈɛtʃikɐs
antissoviético	ˌɐ̃ntʃisovjˈɛtʃikʊ	ˌɐ̃ntʃisˌovjˈɛtʃikʊ
antissoviéticos	ˌɐ̃ntʃisovjˈɛtʃikʊs	ˌɐ̃ntʃisˌovjˈɛtʃikʊs
antissubmarina	ˌɐ̃ntʃisˌubmaɾˈinɐ	ˌɐ̃ntʃisˌubmaɾˈinɐ
antissubmarinas	ˌɐ̃ntʃisˌubmaɾˈinɐs	ˌɐ̃ntʃisˌubmaɾˈinɐs
antissubmarino	ˌɐ̃ntʃisˌubmaɾˈinʊ	ˌɐ̃ntʃisˌubmaɾˈinʊ
antissubmarinos	ˌɐ̃ntʃisˌubmaɾˈinʊs	ˌɐ̃ntʃisˌubmaɾˈinʊs
antissudorífera	ˌɐ̃ntʃisˌudoɾˈifeɾɐ	ˌɐ̃ntʃisˌudoɾˈifeɾɐ
antissudoríferas	ˌɐ̃ntʃisˌudoɾˈifeɾɐs	ˌɐ̃ntʃisˌudoɾˈifeɾɐs
antissudorífero	ˌɐ̃ntʃisˌudoɾˈifeɾʊ	ˌɐ̃ntʃisˌudoɾˈifeɾʊ
antissudoríferos	ˌɐ̃ntʃisˌudoɾˈifeɾʊs	ˌɐ̃ntʃisˌudoɾˈifeɾʊs
antissudorífica	ˌɐ̃ntʃisˌudoɾˈifikɐ	ˌɐ̃ntʃisˌudoɾˈifikɐ
antissudoríficas	ˌɐ̃ntʃisˌudoɾˈifikɐs	ˌɐ̃ntʃisˌudoɾˈifikɐs
antissudorífico	ˌɐ̃ntʃisˌudoɾˈifikʊ	ˌɐ̃ntʃisˌudoɾˈifikʊ
antissudoríficos	ˌɐ̃ntʃisˌudoɾˈifikʊs	ˌɐ̃ntʃisˌudoɾˈifikʊs
antitanque	ˌɐ̃ntʃitˈɐ̃ŋkɪ	ˌɐ̃ntʃitˈɐ̃ŋkɪ
antitanques	ˌɐ̃ntʃitˈɐ̃ŋkɪs	ˌɐ̃ntʃitˈɐ̃ŋkɪs
antiteatro	ˌɐ̃ntʃiteˈatɾʊ	ˌɐ̃ntʃitˌeˈatɾʊ
antiteísmo	ˌɐ̃ntʃiteˈizmʊ	ˌɐ̃ntʃitˌeˈizmʊ
antiteísmos	ˌɐ̃ntʃiteˈizmʊs	ˌɐ̃ntʃitˌeˈizmʊs
antiteísta	ˌɐ̃ntʃiteˈistɐ	ˌɐ̃ntʃitˌeˈistɐ
antiteístas	ˌɐ̃ntʃiteˈistɐs	ˌɐ̃ntʃitˌeˈistɐs
antitérmica	ˌɐ̃ntʃitˈɛɾmikɐ	ˌɐ̃ntʃitˈɛɾmikɐ
antitérmicas	ˌɐ̃ntʃitˈɛɾmikɐs	ˌɐ̃ntʃitˈɛɾmikɐs
antitérmico	ˌɐ̃ntʃitˈɛɾmikʊ	ˌɐ̃ntʃitˈɛɾmikʊ
antitérmicos	ˌɐ̃ntʃitˈɛɾmikʊs	ˌɐ̃ntʃitˈɛɾmikʊs
antiterrorismo	ˌɐ̃ntʃitˌexoɾˈizmʊ	ˌɐ̃ntʃitˌexoɾˈizmʊ
antiterrorista	ˌɐ̃ntʃitˌexoɾˈistɐ	ˌɐ̃ntʃitˌexoɾˈistɐ
antiterroristas	ˌɐ̃ntʃitˌexoɾˈistɐs	ˌɐ̃ntʃitˌexoɾˈistɐs
antiterroristo	ˌɐ̃ntʃitˌexoɾˈistʊ	ˌɐ̃ntʃitˌexoɾˈistʊ
antiterroristos	ˌɐ̃ntʃitˌexoɾˈistʊs	ˌɐ̃ntʃitˌexoɾˈistʊs
antitetânica	ˌɐ̃ntʃitetˈɐ̃nikɐ	ˌɐ̃ntʃitˌetˈɐ̃nikɐ
antitetânicas	ˌɐ̃ntʃitetˈɐ̃nikɐs	ˌɐ̃ntʃitˌetˈɐ̃nikɐs
antitetânico	ˌɐ̃ntʃitetˈɐ̃nikʊ	ˌɐ̃ntʃitˌetˈɐ̃nikʊ
antitetânicos	ˌɐ̃ntʃitetˈɐ̃nikʊs	ˌɐ̃ntʃitˌetˈɐ̃nikʊs
antitética	ˌɐ̃ntʃitˈɛtʃikɐ	ˌɐ̃ntʃitˈɛtʃikɐ
antitéticas	ˌɐ̃ntʃitˈɛtʃikɐs	ˌɐ̃ntʃitˈɛtʃikɐs
antitético	ˌɐ̃ntʃitˈɛtʃikʊ	ˌɐ̃ntʃitˈɛtʃikʊ
antitéticos	ˌɐ̃ntʃitˈɛtʃikʊs	ˌɐ̃ntʃitˈɛtʃikʊs
antitóxica	ˌɐ̃ntʃitˈɔksikɐ	ˌɐ̃ntʃitˈɔksikɐ
antitóxicas	ˌɐ̃ntʃitˈɔksikɐs	ˌɐ̃ntʃitˈɔksikɐs
antitóxico	ˌɐ̃ntʃitˈɔksikʊ	ˌɐ̃ntʃitˈɔksikʊ
antitóxicos	ˌɐ̃ntʃitˈɔksikʊs	ˌɐ̃ntʃitˈɔksikʊs
antitoxina	ˌɐ̃ntʃitoksˈinɐ	ˌɐ̃ntʃitˌoksˈinɐ
antitripsina	ˌɐ̃ntʃitɾipsˈinɐ	ˌɐ̃ntʃitɾˌipsˈinɐ
antitripsinas	ˌɐ̃ntʃitɾipsˈinɐs	ˌɐ̃ntʃitɾˌipsˈinɐs
antituberculoso	ˌɐ̃ntʃitˌubeɾkulˈozʊ	ˌɐ̃ntʃitˌubeɾkulˈozʊ
antivariólica	ˌɐ̃ntʃivˌaɾiʲˈɔlikɐ	ˌɐ̃ntʃivˌaɾiʲˈɔlikɐ
antivariólicas	ˌɐ̃ntʃivˌaɾiʲˈɔlikɐs	ˌɐ̃ntʃivˌaɾiʲˈɔlikɐs
antivariólico	ˌɐ̃ntʃivˌaɾiʲˈɔlikʊ	ˌɐ̃ntʃivˌaɾiʲˈɔlikʊ
antiveneno	ˌɐ̃ntʃivenˈenʊ	ˌɐ̃ntʃivˌenˈenʊ
antivenenos	ˌɐ̃ntʃivenˈenʊs	ˌɐ̃ntʃivˌenˈenʊs
antivenenosa	ˌɐ̃ntʃivˌenenˈɔzɐ	ˌɐ̃ntʃivˌenenˈɔzɐ
antivenenosas	ˌɐ̃ntʃivˌenenˈɔzɐs	ˌɐ̃ntʃivˌenenˈɔzɐs
antivenenosidade	ˌɐ̃ntʃivˌenenˌozidˈadʒɪ	ˌɐ̃ntʃivˌenenˌozidˈadʒɪ
antivenenosidades	ˌɐ̃ntʃivˌenenˌozidˈadʒɪs	ˌɐ̃ntʃivˌenenˌozidˈadʒɪs
antivenenoso	ˌɐ̃ntʃivˌenenˈozʊ	ˌɐ̃ntʃivˌenenˈozʊ
antivenenosos	ˌɐ̃ntʃivˌenenˈɔzʊs	ˌɐ̃ntʃivˌenenˈɔzʊs
antivenérea	ˌɐ̃ntʃivenˈɛɾeɐ	ˌɐ̃ntʃivˌenˈɛɾeɐ
antivenéreas	ˌɐ̃ntʃivenˈɛɾeɐs	ˌɐ̃ntʃivˌenˈɛɾeɐs
antivenéreo	ˌɐ̃ntʃivenˈɛɾeʊ	ˌɐ̃ntʃivˌenˈɛɾeʊ
antivenéreos	ˌɐ̃ntʃivenˈɛɾeʊs	ˌɐ̃ntʃivˌenˈɛɾeʊs
antivirais	ˌɐ̃ntʃiviɾˈaɪs	ˌɐ̃ntʃiviɾˈaɪs
antiviral	ˌɐ̃ntʃiviɾˈaʊ	ˌɐ̃ntʃiviɾˈaʊ
antiviril	ˌɐ̃ntʃiviɾˈiʊ	ˌɐ̃ntʃiviɾˈiʊ
antivirulento	ˌɐ̃ntʃivˌiɾulˈeɪntʊ	ˌɐ̃ntʃivˌiɾulˈeɪntʊ
antivírus	ˌɐ̃ntʃivˈiɾus	ˌɐ̃ntʃivˈiɾus

