$ paste ~/mini.a.txt ~/mini.b.txt | awk '{ print $1, $2, $4}'

miniatura	mˌiniʲatˈuɾɐ	mˌiniʲˌatˈuɾɐ
miniaturá	mˌiniʲˌatuɾˈa	mˌiniʲˌatuɾˈa
miniaturada	mˌiniʲˌatuɾˈadɐ	mˌiniʲˌatuɾˈadɐ
miniaturadas	mˌiniʲˌatuɾˈadɐs	mˌiniʲˌatuɾˈadɐs
miniaturado	mˌiniʲˌatuɾˈadʊ	mˌiniʲˌatuɾˈadʊ
miniaturados	mˌiniʲˌatuɾˈadʊs	mˌiniʲˌatuɾˈadʊs
miniaturai	mˌiniʲˌatuɾˈaɪ	mˌiniʲˌatuɾˈaɪ
miniaturais	mˌiniʲˌatuɾˈaɪs	mˌiniʲˌatuɾˈaɪs
miniatural	mˌiniʲˌatuɾˈaʊ	mˌiniʲˌatuɾˈaʊ
miniaturam	mˌiniʲatˈuɾɐ̃ʊ̃	mˌiniʲˌatˈuɾɐ̃ʊ̃
miniaturamos	mˌiniʲˌatuɾˈɐ̃mʊs	mˌiniʲˌatuɾˈɐ̃mʊs
miniaturámos	mˌiniʲˌatuɾˈamʊs	mˌiniʲˌatuɾˈamʊs
miniaturando	mˌiniʲˌatuɾˈɐ̃ndʊ	mˌiniʲˌatuɾˈɐ̃ndʊ
miniaturar	mˌiniʲˌatuɾˈaɾ	mˌiniʲˌatuɾˈaɾ
miniaturara	mˌiniʲˌatuɾˈaɾɐ	mˌiniʲˌatuɾˈaɾɐ
miniaturará	mˌiniʲˌatuɾaɾˈa	mˌiniʲˌatuɾaɾˈa
miniaturaram	mˌiniʲˌatuɾˈaɾɐ̃ʊ̃	mˌiniʲˌatuɾˈaɾɐ̃ʊ̃
miniaturáramos	mˌiniʲˌatuɾˈaɾɐmʊs	mˌiniʲˌatuɾˈaɾɐmʊs
miniaturarão	mˌiniʲˌatuɾaɾˈɐ̃ʊ̃	mˌiniʲˌatuɾaɾˈɐ̃ʊ̃
miniaturaras	mˌiniʲˌatuɾˈaɾɐs	mˌiniʲˌatuɾˈaɾɐs
miniaturarás	mˌiniʲˌatuɾaɾˈas	mˌiniʲˌatuɾaɾˈas
miniaturardes	mˌiniʲˌatuɾˈaɾdʒɪs	mˌiniʲˌatuɾˈaɾdʒɪs
miniaturarei	mˌiniʲˌatuɾaɾˈeɪ	mˌiniʲˌatuɾaɾˈeɪ
miniaturareis	mˌiniʲˌatuɾaɾˈeɪs	mˌiniʲˌatuɾaɾˈeɪs
miniaturáreis	mˌiniʲˌatuɾˈaɾeɪs	mˌiniʲˌatuɾˈaɾeɪs
miniaturarem	mˌiniʲˌatuɾˈaɾeɪm	mˌiniʲˌatuɾˈaɾeɪm
miniaturaremos	mˌiniʲˌatuɾaɾˈemʊs	mˌiniʲˌatuɾaɾˈemʊs
miniaturares	mˌiniʲˌatuɾˈaɾɪs	mˌiniʲˌatuɾˈaɾɪs
miniaturaria	mˌiniʲˌatuɾaɾˈiʲɐ	mˌiniʲˌatuɾaɾˈiʲɐ
miniaturariam	mˌiniʲˌatuɾaɾˈiʲɐ̃ʊ̃	mˌiniʲˌatuɾaɾˈiʲɐ̃ʊ̃
miniaturaríamos	mˌiniʲˌatuɾaɾˈiʲɐmʊs	mˌiniʲˌatuɾaɾˈiʲɐmʊs
miniaturarias	mˌiniʲˌatuɾaɾˈiʲɐs	mˌiniʲˌatuɾaɾˈiʲɐs
miniaturaríeis	mˌiniʲˌatuɾaɾˈiʲeɪs	mˌiniʲˌatuɾaɾˈiʲeɪs
miniaturarmos	mˌiniʲˌatuɾˈaɾmʊs	mˌiniʲˌatuɾˈaɾmʊs
miniaturas	mˌiniʲatˈuɾɐs	mˌiniʲˌatˈuɾɐs
miniaturasse	mˌiniʲˌatuɾˈasɪ	mˌiniʲˌatuɾˈasɪ
miniaturásseis	mˌiniʲˌatuɾˈaseɪs	mˌiniʲˌatuɾˈaseɪs
miniaturassem	mˌiniʲˌatuɾˈaseɪm	mˌiniʲˌatuɾˈaseɪm
miniaturássemos	mˌiniʲˌatuɾˈasemʊs	mˌiniʲˌatuɾˈasemʊs
miniaturasses	mˌiniʲˌatuɾˈasɪs	mˌiniʲˌatuɾˈasɪs
miniaturaste	mˌiniʲˌatuɾˈastʃɪ	mˌiniʲˌatuɾˈastʃɪ
miniaturastes	mˌiniʲˌatuɾˈastʃɪs	mˌiniʲˌatuɾˈastʃɪs
miniaturava	mˌiniʲˌatuɾˈavɐ	mˌiniʲˌatuɾˈavɐ
miniaturavam	mˌiniʲˌatuɾˈavɐ̃ʊ̃	mˌiniʲˌatuɾˈavɐ̃ʊ̃
miniaturávamos	mˌiniʲˌatuɾˈavɐmʊs	mˌiniʲˌatuɾˈavɐmʊs
miniaturavas	mˌiniʲˌatuɾˈavɐs	mˌiniʲˌatuɾˈavɐs
miniaturáveis	mˌiniʲˌatuɾˈaveɪs	mˌiniʲˌatuɾˈaveɪs
miniature	mˌiniʲatˈuɾɪ	mˌiniʲˌatˈuɾɪ
miniaturei	mˌiniʲˌatuɾˈeɪ	mˌiniʲˌatuɾˈeɪ
miniatureis	mˌiniʲˌatuɾˈeɪs	mˌiniʲˌatuɾˈeɪs
miniaturem	mˌiniʲatˈuɾeɪm	mˌiniʲˌatˈuɾeɪm
miniaturemos	mˌiniʲˌatuɾˈemʊs	mˌiniʲˌatuɾˈemʊs
miniatures	mˌiniʲatˈuɾɪs	mˌiniʲˌatˈuɾɪs
miniaturista	mˌiniʲˌatuɾˈistɐ	mˌiniʲˌatuɾˈistɐ
miniaturistas	mˌiniʲˌatuɾˈistɐs	mˌiniʲˌatuɾˈistɐs
miniaturizada	mˌiniʲˌatuɾizˈadɐ	mˌiniʲˌatuɾizˈadɐ
miniaturizadas	mˌiniʲˌatuɾizˈadɐs	mˌiniʲˌatuɾizˈadɐs
miniaturizado	mˌiniʲˌatuɾizˈadʊ	mˌiniʲˌatuɾizˈadʊ
miniaturizados	mˌiniʲˌatuɾizˈadʊs	mˌiniʲˌatuɾizˈadʊs
miniaturo	mˌiniʲatˈuɾʊ	mˌiniʲˌatˈuɾʊ
miniaturou	mˌiniʲˌatuɾˈoʊ	mˌiniʲˌatuɾˈoʊ
minibluso	mˌiniblˈuzʊ	mˌiniblˈuzʊ
miniblusos	mˌiniblˈuzʊs	mˌiniblˈuzʊs
minicomputador	mˌinikˌõmputadˈoɾ	mˌinikˌõmputadˈoɾ
minicomputadores	mˌinikˌõmputadˈoɾɪs	mˌinikˌõmputadˈoɾɪs
minifúndio	mˌinifˈũndʒjʊ	mˌinifˈũndʒjʊ
minifúndios	mˌinifˈũndʒjʊs	mˌinifˈũndʒjʊs
minimais	mˌinimˈaɪs	mˌinimˈaɪs
minimal	mˌinimˈaʊ	mˌinimˈaʊ
minimalidade	mˌinimˌalidˈadʒɪ	mˌinimˌalidˈadʒɪ
minimalidades	mˌinimˌalidˈadʒɪs	mˌinimˌalidˈadʒɪs
minimalista	mˌinimalˈistɐ	mˌinimalˈistɐ
minimalistas	mˌinimalˈistɐs	mˌinimˌalˈistɐs
minimamente	mˌinimɐmˈeɪntʃɪ	mˌinimɐmˈeɪntʃɪ
minimidade	mˌinimidˈadʒɪ	mˌinimˌidˈadʒɪ
minimidades	mˌinimidˈadʒɪs	mˌinimˌidˈadʒɪs
minimiza	mˌinimˈizɐ	mˌinimˈizɐ
minimizá	mˌinimizˈa	mˌinimizˈa
minimização	mˌinimˌizasˈɐ̃ʊ̃	mˌinimˌizasˈɐ̃ʊ̃
minimizações	mˌinimˌizasˈõɪ̃s	mˌinimˌizasˈõɪ̃s
minimizada	mˌinimizˈadɐ	mˌinimˌizˈadɐ
minimizadas	mˌinimizˈadɐs	mˌinimˌizˈadɐs
minimizado	mˌinimizˈadʊ	mˌinimˌizˈadʊ
minimizados	mˌinimizˈadʊs	mˌinimˌizˈadʊs
minimizai	mˌinimizˈaɪ	mˌinimizˈaɪ
minimizais	mˌinimizˈaɪs	mˌinimizˈaɪs
minimizam	mˌinimˈizɐ̃ʊ̃	mˌinimˈizɐ̃ʊ̃
minimizamo	mˌinimizˈɐ̃mʊ	mˌinimˌizˈɐ̃mʊ
minimizamos	mˌinimizˈɐ̃mʊs	mˌinimˌizˈɐ̃mʊs
minimizámos	mˌinimizˈamʊs	mˌinimˌizˈamʊs
minimizando	mˌinimizˈɐ̃ndʊ	mˌinimˌizˈɐ̃ndʊ
minimizar	mˌinimizˈaɾ	mˌinimizˈaɾ
minimizara	mˌinimizˈaɾɐ	mˌinimˌizˈaɾɐ
minimizará	mˌinimˌizaɾˈa	mˌinimˌizaɾˈa
minimizaram	mˌinimizˈaɾɐ̃ʊ̃	mˌinimˌizˈaɾɐ̃ʊ̃
minimizáramos	mˌinimizˈaɾɐmʊs	mˌinimˌizˈaɾɐmʊs
minimizarão	mˌinimˌizaɾˈɐ̃ʊ̃	mˌinimˌizaɾˈɐ̃ʊ̃
minimizaras	mˌinimizˈaɾɐs	mˌinimˌizˈaɾɐs
minimizarás	mˌinimˌizaɾˈas	mˌinimˌizaɾˈas
minimizardes	mˌinimizˈaɾdʒɪs	mˌinimˌizˈaɾdʒɪs
minimizarei	mˌinimˌizaɾˈeɪ	mˌinimˌizaɾˈeɪ
minimizareis	mˌinimˌizaɾˈeɪs	mˌinimˌizaɾˈeɪs
minimizáreis	mˌinimizˈaɾeɪs	mˌinimˌizˈaɾeɪs
minimizarem	mˌinimizˈaɾeɪm	mˌinimˌizˈaɾeɪm
minimizaremo	mˌinimˌizaɾˈemʊ	mˌinimˌizaɾˈemʊ
minimizaremos	mˌinimˌizaɾˈemʊs	mˌinimˌizaɾˈemʊs
minimizares	mˌinimizˈaɾɪs	mˌinimˌizˈaɾɪs
minimizaria	mˌinimˌizaɾˈiʲɐ	mˌinimˌizaɾˈiʲɐ
minimizariam	mˌinimˌizaɾˈiʲɐ̃ʊ̃	mˌinimˌizaɾˈiʲɐ̃ʊ̃
minimizaríamos	mˌinimˌizaɾˈiʲɐmʊs	mˌinimˌizaɾˈiʲɐmʊs
minimizarias	mˌinimˌizaɾˈiʲɐs	mˌinimˌizaɾˈiʲɐs
minimizaríeis	mˌinimˌizaɾˈiʲeɪs	mˌinimˌizaɾˈiʲeɪs
minimizarmo	mˌinimizˈaɾmʊ	mˌinimˌizˈaɾmʊ
minimizarmos	mˌinimizˈaɾmʊs	mˌinimˌizˈaɾmʊs
minimizas	mˌinimˈizɐs	mˌinimˈizɐs
minimizasse	mˌinimizˈasɪ	mˌinimˌizˈasɪ
minimizásseis	mˌinimizˈaseɪs	mˌinimˌizˈaseɪs
minimizassem	mˌinimizˈaseɪm	mˌinimˌizˈaseɪm
minimizássemos	mˌinimizˈasemʊs	mˌinimˌizˈasemʊs
minimizasses	mˌinimizˈasɪs	mˌinimˌizˈasɪs
minimizaste	mˌinimizˈastʃɪ	mˌinimˌizˈastʃɪ
minimizastes	mˌinimizˈastʃɪs	mˌinimˌizˈastʃɪs
minimizava	mˌinimizˈavɐ	mˌinimˌizˈavɐ
minimizavam	mˌinimizˈavɐ̃ʊ̃	mˌinimˌizˈavɐ̃ʊ̃
minimizávamos	mˌinimizˈavɐmʊs	mˌinimˌizˈavɐmʊs
minimizavas	mˌinimizˈavɐs	mˌinimˌizˈavɐs
minimizáveis	mˌinimizˈaveɪs	mˌinimˌizˈaveɪs
minimize	mˌinimˈizɪ	mˌinimˈizɪ
minimizei	mˌinimizˈeɪ	mˌinimizˈeɪ
minimizeis	mˌinimizˈeɪs	mˌinimizˈeɪs
minimizem	mˌinimˈizeɪm	mˌinimˈizeɪm
minimizemo	mˌinimizˈemʊ	mˌinimˌizˈemʊ
minimizemos	mˌinimizˈemʊs	mˌinimˌizˈemʊs
minimizes	mˌinimˈizɪs	mˌinimˈizɪs
minimizo	mˌinimˈizʊ	mˌinimˈizʊ
minimizou	mˌinimizˈoʊ	mˌinimizˈoʊ
minisaio	mˌinizˈaɪʲʊ	mˌinizˈaɪʲʊ
minisaios	mˌinizˈaɪʲʊs	mˌinizˈaɪʲʊs
minissaia	mˌinisˈaɪʲɐ	mˌinisˈaɪʲɐ
minissaias	mˌinisˈaɪʲɐs	mˌinisˈaɪʲɐs
ministeriais	mˌinistˌeɾiʲˈaɪs	mˌinistˌeɾiʲˈaɪs
ministerial	mˌinistˌeɾiʲˈaʊ	mˌinistˌeɾiʲˈaʊ
ministerialismo	mˌinistˌeɾiʲalˈizmʊ	mˌinistˌeɾiʲalˈizmʊ
ministerialismos	mˌinistˌeɾiʲalˈizmʊs	mˌinistˌeɾiʲalˈizmʊs
ministerialista	mˌinistˌeɾiʲalˈistɐ	mˌinistˌeɾiʲalˈistɐ
ministerialistas	mˌinistˌeɾiʲalˈistɐs	mˌinistˌeɾiʲalˈistɐs
ministeriável	mˌinistˌeɾiʲˈaveʊ	mˌinistˌeɾiʲˈaveʊ
ministério	mˌinistˈɛɾjʊ	mˌinistˈɛɾjʊ
ministérios	mˌinistˈɛɾjʊs	mˌinistˈɛɾjʊs
ministra	mˌinˈistɾɐ	mˌinˈistɾɐ
ministrá	mˌinistɾˈa	mˌinistɾˈa
ministração	mˌinistɾasˈɐ̃ʊ̃	mˌinistɾasˈɐ̃ʊ̃
ministrações	mˌinistɾasˈõɪ̃s	mˌinistɾasˈõɪ̃s
ministrada	mˌinistɾˈadɐ	mˌinistɾˈadɐ
ministradas	mˌinistɾˈadɐs	mˌinistɾˈadɐs
ministrado	mˌinistɾˈadʊ	mˌinistɾˈadʊ
ministrador	mˌinistɾadˈoɾ	mˌinistɾadˈoɾ
ministradora	mˌinistɾadˈoɾɐ	mˌinistɾˌadˈoɾɐ
ministradoras	mˌinistɾadˈoɾɐs	mˌinistɾˌadˈoɾɐs
ministradores	mˌinistɾadˈoɾɪs	mˌinistɾˌadˈoɾɪs
ministrados	mˌinistɾˈadʊs	mˌinistɾˈadʊs
ministrai	mˌinistɾˈaɪ	mˌinistɾˈaɪ
ministrais	mˌinistɾˈaɪs	mˌinistɾˈaɪs
ministral	mˌinistɾˈaʊ	mˌinistɾˈaʊ
ministram	mˌinˈistɾɐ̃ʊ̃	mˌinˈistɾɐ̃ʊ̃
ministramo	mˌinistɾˈɐ̃mʊ	mˌinistɾˈɐ̃mʊ
ministramos	mˌinistɾˈɐ̃mʊs	mˌinistɾˈɐ̃mʊs
ministrámos	mˌinistɾˈamʊs	mˌinistɾˈamʊs
ministrando	mˌinistɾˈɐ̃ndʊ	mˌinistɾˈɐ̃ndʊ
ministrante	mˌinistɾˈɐ̃ntʃɪ	mˌinistɾˈɐ̃ntʃɪ
ministrantes	mˌinistɾˈɐ̃ntʃɪs	mˌinistɾˈɐ̃ntʃɪs
ministrar	mˌinistɾˈaɾ	mˌinistɾˈaɾ
ministrara	mˌinistɾˈaɾɐ	mˌinistɾˈaɾɐ
ministrará	mˌinistɾaɾˈa	mˌinistɾaɾˈa
ministraram	mˌinistɾˈaɾɐ̃ʊ̃	mˌinistɾˈaɾɐ̃ʊ̃
ministráramos	mˌinistɾˈaɾɐmʊs	mˌinistɾˈaɾɐmʊs
ministrarão	mˌinistɾaɾˈɐ̃ʊ̃	mˌinistɾaɾˈɐ̃ʊ̃
ministraras	mˌinistɾˈaɾɐs	mˌinistɾˈaɾɐs
ministrarás	mˌinistɾaɾˈas	mˌinistɾaɾˈas
ministrardes	mˌinistɾˈaɾdʒɪs	mˌinistɾˈaɾdʒɪs
ministrarei	mˌinistɾaɾˈeɪ	mˌinistɾaɾˈeɪ
ministrareis	mˌinistɾaɾˈeɪs	mˌinistɾaɾˈeɪs
ministráreis	mˌinistɾˈaɾeɪs	mˌinistɾˈaɾeɪs
ministrarem	mˌinistɾˈaɾeɪm	mˌinistɾˈaɾeɪm
ministraremo	mˌinistɾaɾˈemʊ	mˌinistɾˌaɾˈemʊ
ministraremos	mˌinistɾaɾˈemʊs	mˌinistɾˌaɾˈemʊs
ministrares	mˌinistɾˈaɾɪs	mˌinistɾˈaɾɪs
ministraria	mˌinistɾaɾˈiʲɐ	mˌinistɾˌaɾˈiʲɐ
ministrariam	mˌinistɾaɾˈiʲɐ̃ʊ̃	mˌinistɾˌaɾˈiʲɐ̃ʊ̃
ministraríamos	mˌinistɾaɾˈiʲɐmʊs	mˌinistɾˌaɾˈiʲɐmʊs
ministrarias	mˌinistɾaɾˈiʲɐs	mˌinistɾˌaɾˈiʲɐs
ministraríeis	mˌinistɾaɾˈiʲeɪs	mˌinistɾˌaɾˈiʲeɪs
ministrarmo	mˌinistɾˈaɾmʊ	mˌinistɾˈaɾmʊ
ministrarmos	mˌinistɾˈaɾmʊs	mˌinistɾˈaɾmʊs
ministras	mˌinˈistɾɐs	mˌinˈistɾɐs
ministrasse	mˌinistɾˈasɪ	mˌinistɾˈasɪ
ministrásseis	mˌinistɾˈaseɪs	mˌinistɾˈaseɪs
ministrassem	mˌinistɾˈaseɪm	mˌinistɾˈaseɪm
ministrássemos	mˌinistɾˈasemʊs	mˌinistɾˈasemʊs
ministrasses	mˌinistɾˈasɪs	mˌinistɾˈasɪs
ministraste	mˌinistɾˈastʃɪ	mˌinistɾˈastʃɪ
ministrastes	mˌinistɾˈastʃɪs	mˌinistɾˈastʃɪs
ministrava	mˌinistɾˈavɐ	mˌinistɾˈavɐ
ministravam	mˌinistɾˈavɐ̃ʊ̃	mˌinistɾˈavɐ̃ʊ̃
ministrávamos	mˌinistɾˈavɐmʊs	mˌinistɾˈavɐmʊs
ministravas	mˌinistɾˈavɐs	mˌinistɾˈavɐs
ministráveis	mˌinistɾˈaveɪs	mˌinistɾˈaveɪs
ministre	mˌinˈistɾɪ	mˌinˈistɾɪ
ministrei	mˌinistɾˈeɪ	mˌinistɾˈeɪ
ministreis	mˌinistɾˈeɪs	mˌinistɾˈeɪs
ministrem	mˌinˈistɾeɪm	mˌinˈistɾeɪm
ministremo	mˌinistɾˈemʊ	mˌinistɾˈemʊ
ministremos	mˌinistɾˈemʊs	mˌinistɾˈemʊs
ministres	mˌinˈistɾɪs	mˌinˈistɾɪs
ministro	mˌinˈistɾʊ	mˌinˈistɾʊ
Ministro	mˌinˈistɾʊ	mˌinˈistɾʊ
ministros	mˌinˈistɾʊs	mˌinˈistɾʊs
ministrou	mˌinistɾˈoʊ	mˌinistɾˈoʊ

